00bf60aa-e0d1-463a-a41f-eab55e755dd3	e6de91c98237	[asy] ^ C:\Users\MARKEI~1\AppData\Local\Temp\asyprev_tvowmnov\r_e6de91c98237.asy: 1.1: syntax error:  error: could not load module 'C:\Users\MARKEI~1\AppData\Local\Temp\asyprev_tvowmnov\r_e6de91c98237.asy' 
0037f44a-bd80-4949-a00a-563722b56f58	41d4597c3379	;[asy]  ^ C:\Users\MARKEI~1\AppData\Local\Temp\asyprev_tvowmnov\r_41d4597c3379.asy: 1.2: syntax error:  error: could not load module 'C:\Users\MARKEI~1\AppData\Local\Temp\asyprev_tvowmnov\r_41d4597c3379.asy' 
0169b74d-263d-4e77-bf24-cfc3b987ddfd	0b35ad016d7c	;[asy]  ^ C:\Users\MARKEI~1\AppData\Local\Temp\asyprev_tvowmnov\r_0b35ad016d7c.asy: 1.2: syntax error:  error: could not load module 'C:\Users\MARKEI~1\AppData\Local\Temp\asyprev_tvowmnov\r_0b35ad016d7c.asy' 
017a0b9e-4989-413e-9351-fa8645cd78b6	e473ba6603b5	[asy] ^ C:\Users\MARKEI~1\AppData\Local\Temp\asyprev_tvowmnov\r_e473ba6603b5.asy: 1.1: syntax error:  error: could not load module 'C:\Users\MARKEI~1\AppData\Local\Temp\asyprev_tvowmnov\r_e473ba6603b5.asy' 
01e3e5b6-6e5f-4e55-8b02-d518e5af15e8	b709cf4ce393	;[asy]  ^ C:\Users\MARKEI~1\AppData\Local\Temp\asyprev_tvowmnov\r_b709cf4ce393.asy: 1.2: syntax error:  error: could not load module 'C:\Users\MARKEI~1\AppData\Local\Temp\asyprev_tvowmnov\r_b709cf4ce393.asy' 
02540368-f98b-41a6-818b-59cd86f2983b	1e2bd95de985	[asy] ^ C:\Users\MARKEI~1\AppData\Local\Temp\asyprev_tvowmnov\r_1e2bd95de985.asy: 1.1: syntax error:  error: could not load module 'C:\Users\MARKEI~1\AppData\Local\Temp\asyprev_tvowmnov\r_1e2bd95de985.asy' 
02d062d4-d9c4-474e-b1ca-9973e51c935a	04027c1019df	;[asy]  ^ C:\Users\MARKEI~1\AppData\Local\Temp\asyprev_tvowmnov\r_04027c1019df.asy: 1.2: syntax error:  error: could not load module 'C:\Users\MARKEI~1\AppData\Local\Temp\asyprev_tvowmnov\r_04027c1019df.asy' 
02f2d6d2-fb37-4ab3-b7b0-341049ef0cdc	a884aa5f17ba	[asy] ^ C:\Users\MARKEI~1\AppData\Local\Temp\asyprev_tvowmnov\r_a884aa5f17ba.asy: 1.1: syntax error:  error: could not load module 'C:\Users\MARKEI~1\AppData\Local\Temp\asyprev_tvowmnov\r_a884aa5f17ba.asy' 
03102300-0767-4db1-8218-9a2fe338dcdb	9676816b7629	[asy] ^ C:\Users\MARKEI~1\AppData\Local\Temp\asyprev_tvowmnov\r_9676816b7629.asy: 1.1: syntax error:  error: could not load module 'C:\Users\MARKEI~1\AppData\Local\Temp\asyprev_tvowmnov\r_9676816b7629.asy' 
03489892-09b8-4968-92c4-138d492ca18d	d54cd0d97c0a	;[asy]  ^ C:\Users\MARKEI~1\AppData\Local\Temp\asyprev_tvowmnov\r_d54cd0d97c0a.asy: 1.2: syntax error:  error: could not load module 'C:\Users\MARKEI~1\AppData\Local\Temp\asyprev_tvowmnov\r_d54cd0d97c0a.asy' 
03605857-f53d-479f-a956-7968d9cd4cc3	4b125f77f065	;[asy]  ^ C:\Users\MARKEI~1\AppData\Local\Temp\asyprev_tvowmnov\r_4b125f77f065.asy: 1.2: syntax error:  error: could not load module 'C:\Users\MARKEI~1\AppData\Local\Temp\asyprev_tvowmnov\r_4b125f77f065.asy' 
037c9b7f-51b8-46ef-81d9-b6f97c1ec747	e853beb9ce4f	[asy] ^ C:\Users\MARKEI~1\AppData\Local\Temp\asyprev_tvowmnov\r_e853beb9ce4f.asy: 1.1: syntax error:  error: could not load module 'C:\Users\MARKEI~1\AppData\Local\Temp\asyprev_tvowmnov\r_e853beb9ce4f.asy' 
0479f2e9-aa81-4685-8e18-971fd9b34eb7	2c5a162d244c	[asy] ^ C:\Users\MARKEI~1\AppData\Local\Temp\asyprev_tvowmnov\r_2c5a162d244c.asy: 1.1: syntax error:  error: could not load module 'C:\Users\MARKEI~1\AppData\Local\Temp\asyprev_tvowmnov\r_2c5a162d244c.asy' 
047da7c9-aa68-4be8-8d1f-149ace8433c6	a43720107333	;[asy]  ^ C:\Users\MARKEI~1\AppData\Local\Temp\asyprev_tvowmnov\r_a43720107333.asy: 1.2: syntax error:  error: could not load module 'C:\Users\MARKEI~1\AppData\Local\Temp\asyprev_tvowmnov\r_a43720107333.asy' 
04bb4ca7-7d5b-43b9-86e7-0eb42fbc05a4	4c4ed9ee9b29	;[asy]  ^ C:\Users\MARKEI~1\AppData\Local\Temp\asyprev_tvowmnov\r_4c4ed9ee9b29.asy: 1.2: syntax error:  error: could not load module 'C:\Users\MARKEI~1\AppData\Local\Temp\asyprev_tvowmnov\r_4c4ed9ee9b29.asy' 
04de6a95-b52f-4567-9e5c-e4cffaf41ba5	ea4fa9c92f92	;[asy]  ^ C:\Users\MARKEI~1\AppData\Local\Temp\asyprev_tvowmnov\r_ea4fa9c92f92.asy: 1.2: syntax error:  error: could not load module 'C:\Users\MARKEI~1\AppData\Local\Temp\asyprev_tvowmnov\r_ea4fa9c92f92.asy' 
04fa29c8-2093-43b5-b099-e0334ca4d450	0d7db86ecf96	;[asy]  ^ C:\Users\MARKEI~1\AppData\Local\Temp\asyprev_tvowmnov\r_0d7db86ecf96.asy: 1.2: syntax error:  error: could not load module 'C:\Users\MARKEI~1\AppData\Local\Temp\asyprev_tvowmnov\r_0d7db86ecf96.asy' 
0556bfc5-fdae-4b58-9a85-bc3804cbdaf5	b399af7077dd	;[asy]  ^ C:\Users\MARKEI~1\AppData\Local\Temp\asyprev_tvowmnov\r_b399af7077dd.asy: 1.2: syntax error:  error: could not load module 'C:\Users\MARKEI~1\AppData\Local\Temp\asyprev_tvowmnov\r_b399af7077dd.asy' 
05afed46-9275-4a8b-aa11-cd8ae8f0874e	a0b042d01b41	;[asy]  ^ C:\Users\MARKEI~1\AppData\Local\Temp\asyprev_tvowmnov\r_a0b042d01b41.asy: 1.2: syntax error:  error: could not load module 'C:\Users\MARKEI~1\AppData\Local\Temp\asyprev_tvowmnov\r_a0b042d01b41.asy' 
0452d0a4-349c-4d64-850e-1c11276f788c	b933ea2b42e2	[asy] ^ C:\Users\MARKEI~1\AppData\Local\Temp\asyprev_tvowmnov\r_b933ea2b42e2.asy: 1.1: syntax error:  error: could not load module 'C:\Users\MARKEI~1\AppData\Local\Temp\asyprev_tvowmnov\r_b933ea2b42e2.asy' 
05b2a0f0-616d-4c23-9812-30e404d850d9	6c7763b41828	[asy] ^ C:\Users\MARKEI~1\AppData\Local\Temp\asyprev_tvowmnov\r_6c7763b41828.asy: 1.1: syntax error:  error: could not load module 'C:\Users\MARKEI~1\AppData\Local\Temp\asyprev_tvowmnov\r_6c7763b41828.asy' 
0616de10-505e-4a5b-a86a-7030c3a585cd	51a218ecc856	;[asy]  ^ C:\Users\MARKEI~1\AppData\Local\Temp\asyprev_tvowmnov\r_51a218ecc856.asy: 1.2: syntax error:  error: could not load module 'C:\Users\MARKEI~1\AppData\Local\Temp\asyprev_tvowmnov\r_51a218ecc856.asy' 
064faa70-ec50-4e3e-8928-d14b2f0df508	c9da4977f253	;[asy]  ^ C:\Users\MARKEI~1\AppData\Local\Temp\asyprev_tvowmnov\r_c9da4977f253.asy: 1.2: syntax error:  error: could not load module 'C:\Users\MARKEI~1\AppData\Local\Temp\asyprev_tvowmnov\r_c9da4977f253.asy' 
0653a9f4-01a5-478e-bec7-66ab45fe7bbf	f3fc14ac401f	[asy] ^ C:\Users\MARKEI~1\AppData\Local\Temp\asyprev_tvowmnov\r_f3fc14ac401f.asy: 1.1: syntax error:  error: could not load module 'C:\Users\MARKEI~1\AppData\Local\Temp\asyprev_tvowmnov\r_f3fc14ac401f.asy' 
052ddbd8-d85e-4e15-814e-12004cf1952c	708418cd6af5	;[asy]  ^ C:\Users\MARKEI~1\AppData\Local\Temp\asyprev_tvowmnov\r_708418cd6af5.asy: 1.2: syntax error:  error: could not load module 'C:\Users\MARKEI~1\AppData\Local\Temp\asyprev_tvowmnov\r_708418cd6af5.asy' 
06f9a85c-8902-49bd-b7e1-c6e5ba043bd1	c6e505de857b	[asy] ^ C:\Users\MARKEI~1\AppData\Local\Temp\asyprev_tvowmnov\r_c6e505de857b.asy: 1.1: syntax error:  error: could not load module 'C:\Users\MARKEI~1\AppData\Local\Temp\asyprev_tvowmnov\r_c6e505de857b.asy' 
0853439d-9b72-4a3e-8ec6-cc85ab7788dd	edf3f214fe8c	;[asy]  ^ C:\Users\MARKEI~1\AppData\Local\Temp\asyprev_tvowmnov\r_edf3f214fe8c.asy: 1.2: syntax error:  error: could not load module 'C:\Users\MARKEI~1\AppData\Local\Temp\asyprev_tvowmnov\r_edf3f214fe8c.asy' 
072ed818-0745-44f7-b988-a26f043d0927	4bd56cb9871e	;[asy]  ^ C:\Users\MARKEI~1\AppData\Local\Temp\asyprev_tvowmnov\r_4bd56cb9871e.asy: 1.2: syntax error:  error: could not load module 'C:\Users\MARKEI~1\AppData\Local\Temp\asyprev_tvowmnov\r_4bd56cb9871e.asy' 
088f000a-d217-44bb-8b5e-538a8176ed98	d4bc941a4bac	;[asy]  ^ C:\Users\MARKEI~1\AppData\Local\Temp\asyprev_tvowmnov\r_d4bc941a4bac.asy: 1.2: syntax error:  error: could not load module 'C:\Users\MARKEI~1\AppData\Local\Temp\asyprev_tvowmnov\r_d4bc941a4bac.asy' 
08d66b71-85a2-4ada-88cb-b2efab127354	1b816946b288	;[asy]  ^ C:\Users\MARKEI~1\AppData\Local\Temp\asyprev_tvowmnov\r_1b816946b288.asy: 1.2: syntax error:  error: could not load module 'C:\Users\MARKEI~1\AppData\Local\Temp\asyprev_tvowmnov\r_1b816946b288.asy' 
09919943-cdc1-4df1-b0a7-4bab4368ad1b	bcc8f58f42db	;[asy]  ^ C:\Users\MARKEI~1\AppData\Local\Temp\asyprev_tvowmnov\r_bcc8f58f42db.asy: 1.2: syntax error:  error: could not load module 'C:\Users\MARKEI~1\AppData\Local\Temp\asyprev_tvowmnov\r_bcc8f58f42db.asy' 
0a3d5c11-8b83-4e2c-a1ed-4c7840406b34	b8cb4dad1ce7	[asy] ^ C:\Users\MARKEI~1\AppData\Local\Temp\asyprev_tvowmnov\r_b8cb4dad1ce7.asy: 1.1: syntax error:  error: could not load module 'C:\Users\MARKEI~1\AppData\Local\Temp\asyprev_tvowmnov\r_b8cb4dad1ce7.asy' 
0a5bd9a6-dac0-4f5d-b255-8ee4ba34af68	ecab0ddb5abe	;[asy]  ^ C:\Users\MARKEI~1\AppData\Local\Temp\asyprev_tvowmnov\r_ecab0ddb5abe.asy: 1.2: syntax error:  error: could not load module 'C:\Users\MARKEI~1\AppData\Local\Temp\asyprev_tvowmnov\r_ecab0ddb5abe.asy' 
0a830266-9a70-4cbb-960a-55b100d17289	9903d154e8b1	;[asy]  ^ C:\Users\MARKEI~1\AppData\Local\Temp\asyprev_tvowmnov\r_9903d154e8b1.asy: 1.2: syntax error:  error: could not load module 'C:\Users\MARKEI~1\AppData\Local\Temp\asyprev_tvowmnov\r_9903d154e8b1.asy' 
0ba59b8f-3b67-4bd4-8ef9-9623baa7df14	84aebcbb8aa1	;[asy]  ^ C:\Users\MARKEI~1\AppData\Local\Temp\asyprev_tvowmnov\r_84aebcbb8aa1.asy: 1.2: syntax error:  error: could not load module 'C:\Users\MARKEI~1\AppData\Local\Temp\asyprev_tvowmnov\r_84aebcbb8aa1.asy' 
0be2034d-cf59-44b5-ac20-e63b00bc1d0f	9bff79eb2f7f	;[asy]  ^ C:\Users\MARKEI~1\AppData\Local\Temp\asyprev_tvowmnov\r_9bff79eb2f7f.asy: 1.2: syntax error:  error: could not load module 'C:\Users\MARKEI~1\AppData\Local\Temp\asyprev_tvowmnov\r_9bff79eb2f7f.asy' 
0dbd1ece-2226-48ec-8c66-2570043114dd	c5775cce4950	;[asy]  ^ C:\Users\MARKEI~1\AppData\Local\Temp\asyprev_tvowmnov\r_c5775cce4950.asy: 1.2: syntax error:  error: could not load module 'C:\Users\MARKEI~1\AppData\Local\Temp\asyprev_tvowmnov\r_c5775cce4950.asy' 
0dcd5bd7-94d4-43f8-ae2b-f209c4c46246	512fb391a1c6	;[asy]  ^ C:\Users\MARKEI~1\AppData\Local\Temp\asyprev_tvowmnov\r_512fb391a1c6.asy: 1.2: syntax error:  error: could not load module 'C:\Users\MARKEI~1\AppData\Local\Temp\asyprev_tvowmnov\r_512fb391a1c6.asy' 
0f0c3289-a2a9-44e1-9e42-b1d138ce3906	372a7d79f0a5	;[asy]  ^ C:\Users\MARKEI~1\AppData\Local\Temp\asyprev_tvowmnov\r_372a7d79f0a5.asy: 1.2: syntax error:  error: could not load module 'C:\Users\MARKEI~1\AppData\Local\Temp\asyprev_tvowmnov\r_372a7d79f0a5.asy' 
0f62ad3b-4177-4b29-a7eb-06df8329ee06	f4b65946aac1	;[asy]  ^ C:\Users\MARKEI~1\AppData\Local\Temp\asyprev_tvowmnov\r_f4b65946aac1.asy: 1.2: syntax error:  error: could not load module 'C:\Users\MARKEI~1\AppData\Local\Temp\asyprev_tvowmnov\r_f4b65946aac1.asy' 
0ff07839-bb0c-438a-8e24-f6055be266ae	7a3506eea25c	[asy] ^ C:\Users\MARKEI~1\AppData\Local\Temp\asyprev_tvowmnov\r_7a3506eea25c.asy: 1.1: syntax error:  error: could not load module 'C:\Users\MARKEI~1\AppData\Local\Temp\asyprev_tvowmnov\r_7a3506eea25c.asy' 
10a2e251-5b02-4bc0-931c-d15c1db9e3e7	dcd67d7c1748	;[asy]  ^ C:\Users\MARKEI~1\AppData\Local\Temp\asyprev_tvowmnov\r_dcd67d7c1748.asy: 1.2: syntax error:  error: could not load module 'C:\Users\MARKEI~1\AppData\Local\Temp\asyprev_tvowmnov\r_dcd67d7c1748.asy' 
10d60743-9926-4679-ab3b-228dcc43575c	4219c0c6c7ae	;[asy]  ^ C:\Users\MARKEI~1\AppData\Local\Temp\asyprev_tvowmnov\r_4219c0c6c7ae.asy: 1.2: syntax error:  error: could not load module 'C:\Users\MARKEI~1\AppData\Local\Temp\asyprev_tvowmnov\r_4219c0c6c7ae.asy' 
113b7a53-888d-4ece-867b-80aee815b31b	07937e75e3e8	;[asy]  ^ C:\Users\MARKEI~1\AppData\Local\Temp\asyprev_tvowmnov\r_07937e75e3e8.asy: 1.2: syntax error:  error: could not load module 'C:\Users\MARKEI~1\AppData\Local\Temp\asyprev_tvowmnov\r_07937e75e3e8.asy' 
112f3dfb-9a74-4524-82b5-6c1a07737953	8b19726fce6d	;[asy]  ^ C:\Users\MARKEI~1\AppData\Local\Temp\asyprev_tvowmnov\r_8b19726fce6d.asy: 1.2: syntax error:  error: could not load module 'C:\Users\MARKEI~1\AppData\Local\Temp\asyprev_tvowmnov\r_8b19726fce6d.asy' 
12216b85-e596-4a9d-bd6e-4a207360c92f	8569419b6232	[asy] ^ C:\Users\MARKEI~1\AppData\Local\Temp\asyprev_tvowmnov\r_8569419b6232.asy: 1.1: syntax error:  error: could not load module 'C:\Users\MARKEI~1\AppData\Local\Temp\asyprev_tvowmnov\r_8569419b6232.asy' 
123a0112-a66e-42bf-a221-478065277e30	d7178738da03	;[asy]  ^ C:\Users\MARKEI~1\AppData\Local\Temp\asyprev_tvowmnov\r_d7178738da03.asy: 1.2: syntax error:  error: could not load module 'C:\Users\MARKEI~1\AppData\Local\Temp\asyprev_tvowmnov\r_d7178738da03.asy' 
13a41bb0-2a64-4fd5-91cd-c32192d7c273	5b4ef4e15e4a	;[asy]  ^ C:\Users\MARKEI~1\AppData\Local\Temp\asyprev_tvowmnov\r_5b4ef4e15e4a.asy: 1.2: syntax error:  error: could not load module 'C:\Users\MARKEI~1\AppData\Local\Temp\asyprev_tvowmnov\r_5b4ef4e15e4a.asy' 
14de7743-023e-4057-a8a4-f33cc95a68e6	2ed64416c613	;[asy]  ^ C:\Users\MARKEI~1\AppData\Local\Temp\asyprev_tvowmnov\r_2ed64416c613.asy: 1.2: syntax error:  error: could not load module 'C:\Users\MARKEI~1\AppData\Local\Temp\asyprev_tvowmnov\r_2ed64416c613.asy' 
153b2062-44ae-4ec6-92b3-8f320131a025	9181930f6008	;[asy]  ^ C:\Users\MARKEI~1\AppData\Local\Temp\asyprev_tvowmnov\r_9181930f6008.asy: 1.2: syntax error:  error: could not load module 'C:\Users\MARKEI~1\AppData\Local\Temp\asyprev_tvowmnov\r_9181930f6008.asy' 
16816cde-9e24-47dc-8744-5b0911ff2b48	b666a2957ebc	;[asy]  ^ C:\Users\MARKEI~1\AppData\Local\Temp\asyprev_tvowmnov\r_b666a2957ebc.asy: 1.2: syntax error:  error: could not load module 'C:\Users\MARKEI~1\AppData\Local\Temp\asyprev_tvowmnov\r_b666a2957ebc.asy' 
1573dda2-09b4-4cdb-b861-3339eefe937d	236a03048bf6	;[asy]  ^ C:\Users\MARKEI~1\AppData\Local\Temp\asyprev_tvowmnov\r_236a03048bf6.asy: 1.2: syntax error:  error: could not load module 'C:\Users\MARKEI~1\AppData\Local\Temp\asyprev_tvowmnov\r_236a03048bf6.asy' 
17118f7d-7cda-49e2-a772-f53c8c7190fb	a6065eebe54b	[asy] ^ C:\Users\MARKEI~1\AppData\Local\Temp\asyprev_tvowmnov\r_a6065eebe54b.asy: 1.1: syntax error:  error: could not load module 'C:\Users\MARKEI~1\AppData\Local\Temp\asyprev_tvowmnov\r_a6065eebe54b.asy' 
1759e3fd-36fd-4197-a946-336e214fdf32	222a043bec68	;[asy]  ^ C:\Users\MARKEI~1\AppData\Local\Temp\asyprev_tvowmnov\r_222a043bec68.asy: 1.2: syntax error:  error: could not load module 'C:\Users\MARKEI~1\AppData\Local\Temp\asyprev_tvowmnov\r_222a043bec68.asy' 
156241e9-e796-468d-b44d-d0a15689b758	bf2aa62ab3a4	;[asy]  ^ C:\Users\MARKEI~1\AppData\Local\Temp\asyprev_tvowmnov\r_bf2aa62ab3a4.asy: 1.2: syntax error:  error: could not load module 'C:\Users\MARKEI~1\AppData\Local\Temp\asyprev_tvowmnov\r_bf2aa62ab3a4.asy' 
183f43b2-eab4-4f1b-9122-8793311d1e5e	e0c82e9a1553	;[asy]  ^ C:\Users\MARKEI~1\AppData\Local\Temp\asyprev_tvowmnov\r_e0c82e9a1553.asy: 1.2: syntax error:  error: could not load module 'C:\Users\MARKEI~1\AppData\Local\Temp\asyprev_tvowmnov\r_e0c82e9a1553.asy' 
18b06671-bb68-439e-88ff-6585556a4116	3445b1287fb4	[asy] ^ C:\Users\MARKEI~1\AppData\Local\Temp\asyprev_tvowmnov\r_3445b1287fb4.asy: 1.1: syntax error:  error: could not load module 'C:\Users\MARKEI~1\AppData\Local\Temp\asyprev_tvowmnov\r_3445b1287fb4.asy' 
18f313de-0fc0-47c4-a88b-b7eda2745f04	84956e3ed4a5	[asy] ^ C:\Users\MARKEI~1\AppData\Local\Temp\asyprev_tvowmnov\r_84956e3ed4a5.asy: 1.1: syntax error:  error: could not load module 'C:\Users\MARKEI~1\AppData\Local\Temp\asyprev_tvowmnov\r_84956e3ed4a5.asy' 
18f61b4f-9718-424c-890a-fac263820252	9816d45b7ae3	[asy] ^ C:\Users\MARKEI~1\AppData\Local\Temp\asyprev_tvowmnov\r_9816d45b7ae3.asy: 1.1: syntax error:  error: could not load module 'C:\Users\MARKEI~1\AppData\Local\Temp\asyprev_tvowmnov\r_9816d45b7ae3.asy' 
197db1cd-3fda-4e3d-801f-e4038938b93e	590d594bc184	;[asy]  ^ C:\Users\MARKEI~1\AppData\Local\Temp\asyprev_tvowmnov\r_590d594bc184.asy: 1.2: syntax error:  error: could not load module 'C:\Users\MARKEI~1\AppData\Local\Temp\asyprev_tvowmnov\r_590d594bc184.asy' 
19a72761-5dcd-47bc-9260-49018fd1fec7	524ba3c6de72	;[asy]  ^ C:\Users\MARKEI~1\AppData\Local\Temp\asyprev_tvowmnov\r_524ba3c6de72.asy: 1.2: syntax error:  error: could not load module 'C:\Users\MARKEI~1\AppData\Local\Temp\asyprev_tvowmnov\r_524ba3c6de72.asy' 
1a0c34ab-ba5f-46a5-88eb-38f88059bfeb	2ba8af8948e5	;[asy]  ^ C:\Users\MARKEI~1\AppData\Local\Temp\asyprev_tvowmnov\r_2ba8af8948e5.asy: 1.2: syntax error:  error: could not load module 'C:\Users\MARKEI~1\AppData\Local\Temp\asyprev_tvowmnov\r_2ba8af8948e5.asy' 
1a3de150-d91b-4f6b-8767-205bd40f73a0	1e9399414043	;[asy]  ^ C:\Users\MARKEI~1\AppData\Local\Temp\asyprev_tvowmnov\r_1e9399414043.asy: 1.2: syntax error:  error: could not load module 'C:\Users\MARKEI~1\AppData\Local\Temp\asyprev_tvowmnov\r_1e9399414043.asy' 
1a8b893d-a622-411a-b6de-fdffc6dee3bb	532f657ca176	;[asy]  ^ C:\Users\MARKEI~1\AppData\Local\Temp\asyprev_tvowmnov\r_532f657ca176.asy: 1.2: syntax error:  error: could not load module 'C:\Users\MARKEI~1\AppData\Local\Temp\asyprev_tvowmnov\r_532f657ca176.asy' 
1cf6b7bb-3d2d-4927-a405-55c613a8a589	8c09b01d7ec1	;[asy]  ^ C:\Users\MARKEI~1\AppData\Local\Temp\asyprev_tvowmnov\r_8c09b01d7ec1.asy: 1.2: syntax error:  error: could not load module 'C:\Users\MARKEI~1\AppData\Local\Temp\asyprev_tvowmnov\r_8c09b01d7ec1.asy' 
1ddda1a3-6226-4032-9abc-0e02a589d42c	480f93c8a0d8	;[asy]  ^ C:\Users\MARKEI~1\AppData\Local\Temp\asyprev_tvowmnov\r_480f93c8a0d8.asy: 1.2: syntax error:  error: could not load module 'C:\Users\MARKEI~1\AppData\Local\Temp\asyprev_tvowmnov\r_480f93c8a0d8.asy' 
1ec8dae0-c574-426a-bb5e-57bcc853b6c3	4f8381654839	;[asy]  ^ C:\Users\MARKEI~1\AppData\Local\Temp\asyprev_tvowmnov\r_4f8381654839.asy: 1.2: syntax error:  error: could not load module 'C:\Users\MARKEI~1\AppData\Local\Temp\asyprev_tvowmnov\r_4f8381654839.asy' 
1f4d416c-3317-420b-b1a6-bd13e8357e61	e0a98e5b2a8a	;[asy]  ^ C:\Users\MARKEI~1\AppData\Local\Temp\asyprev_tvowmnov\r_e0a98e5b2a8a.asy: 1.2: syntax error:  error: could not load module 'C:\Users\MARKEI~1\AppData\Local\Temp\asyprev_tvowmnov\r_e0a98e5b2a8a.asy' 
1f662ffb-a75a-4450-aabe-f22fda989628	49b887992791	[asy] ^ C:\Users\MARKEI~1\AppData\Local\Temp\asyprev_tvowmnov\r_49b887992791.asy: 1.1: syntax error:  error: could not load module 'C:\Users\MARKEI~1\AppData\Local\Temp\asyprev_tvowmnov\r_49b887992791.asy' 
203f16a4-123a-4225-a32b-7b4ab48629b1	fd06e77d022c	[asy] ^ C:\Users\MARKEI~1\AppData\Local\Temp\asyprev_tvowmnov\r_fd06e77d022c.asy: 1.1: syntax error:  error: could not load module 'C:\Users\MARKEI~1\AppData\Local\Temp\asyprev_tvowmnov\r_fd06e77d022c.asy' 
2091c989-597d-457f-b584-d8769941216b	33b484a42cb0	;[asy]  ^ C:\Users\MARKEI~1\AppData\Local\Temp\asyprev_tvowmnov\r_33b484a42cb0.asy: 1.2: syntax error:  error: could not load module 'C:\Users\MARKEI~1\AppData\Local\Temp\asyprev_tvowmnov\r_33b484a42cb0.asy' 
2094ef43-090e-42bb-b2c9-9c0f98f089b9	4e6e5b70cc8a	;[asy]  ^ C:\Users\MARKEI~1\AppData\Local\Temp\asyprev_tvowmnov\r_4e6e5b70cc8a.asy: 1.2: syntax error:  error: could not load module 'C:\Users\MARKEI~1\AppData\Local\Temp\asyprev_tvowmnov\r_4e6e5b70cc8a.asy' 
213217ce-bb01-4bcc-b3be-2bc25a10e8b4	6153c36f101b	;[asy]  ^ C:\Users\MARKEI~1\AppData\Local\Temp\asyprev_tvowmnov\r_6153c36f101b.asy: 1.2: syntax error:  error: could not load module 'C:\Users\MARKEI~1\AppData\Local\Temp\asyprev_tvowmnov\r_6153c36f101b.asy' 
21ee300b-65cd-4716-9dd3-dd24429e09fd	ef6f399baa4e	;[asy]  ^ C:\Users\MARKEI~1\AppData\Local\Temp\asyprev_tvowmnov\r_ef6f399baa4e.asy: 1.2: syntax error:  error: could not load module 'C:\Users\MARKEI~1\AppData\Local\Temp\asyprev_tvowmnov\r_ef6f399baa4e.asy' 
21fbe268-7504-40d9-b743-233890067f1f	a996816d476c	;[asy]  ^ C:\Users\MARKEI~1\AppData\Local\Temp\asyprev_tvowmnov\r_a996816d476c.asy: 1.2: syntax error:  error: could not load module 'C:\Users\MARKEI~1\AppData\Local\Temp\asyprev_tvowmnov\r_a996816d476c.asy' 
224426cb-52be-43a6-8509-ffb572be2ba8	4d1cd24eea03	;[asy]  ^ C:\Users\MARKEI~1\AppData\Local\Temp\asyprev_tvowmnov\r_4d1cd24eea03.asy: 1.2: syntax error:  error: could not load module 'C:\Users\MARKEI~1\AppData\Local\Temp\asyprev_tvowmnov\r_4d1cd24eea03.asy' 
2368ec9f-bcba-4df2-a66e-bee7363a922c	4f21f1f3ee60	[asy] ^ C:\Users\MARKEI~1\AppData\Local\Temp\asyprev_tvowmnov\r_4f21f1f3ee60.asy: 1.1: syntax error:  error: could not load module 'C:\Users\MARKEI~1\AppData\Local\Temp\asyprev_tvowmnov\r_4f21f1f3ee60.asy' 
23750e18-84f3-4737-97a4-c85bf8e5aea7	37547025305e	;[asy]  ^ C:\Users\MARKEI~1\AppData\Local\Temp\asyprev_tvowmnov\r_37547025305e.asy: 1.2: syntax error:  error: could not load module 'C:\Users\MARKEI~1\AppData\Local\Temp\asyprev_tvowmnov\r_37547025305e.asy' 
244c6123-8fb6-4ca7-9594-7bd4a7c7414b	6937448e5818	;[asy]  ^ C:\Users\MARKEI~1\AppData\Local\Temp\asyprev_tvowmnov\r_6937448e5818.asy: 1.2: syntax error:  error: could not load module 'C:\Users\MARKEI~1\AppData\Local\Temp\asyprev_tvowmnov\r_6937448e5818.asy' 
23754565-975b-4f2f-9d6b-fa18fd13a525	ac8ae8b707bc	;[asy]  ^ C:\Users\MARKEI~1\AppData\Local\Temp\asyprev_tvowmnov\r_ac8ae8b707bc.asy: 1.2: syntax error:  error: could not load module 'C:\Users\MARKEI~1\AppData\Local\Temp\asyprev_tvowmnov\r_ac8ae8b707bc.asy' 
245a65ab-0fc3-4e72-90c7-a3c1a8ec06c9	f1602f1ff600	;[asy]  ^ C:\Users\MARKEI~1\AppData\Local\Temp\asyprev_tvowmnov\r_f1602f1ff600.asy: 1.2: syntax error:  error: could not load module 'C:\Users\MARKEI~1\AppData\Local\Temp\asyprev_tvowmnov\r_f1602f1ff600.asy' 
24e06dbd-b001-4143-a000-e0e4ca3cc1bc	1d6c351b7b6a	;[asy]  ^ C:\Users\MARKEI~1\AppData\Local\Temp\asyprev_tvowmnov\r_1d6c351b7b6a.asy: 1.2: syntax error:  error: could not load module 'C:\Users\MARKEI~1\AppData\Local\Temp\asyprev_tvowmnov\r_1d6c351b7b6a.asy' 
2527c6da-8cec-46f2-b7ec-245d9b41dd02	983a12636d80	[asy] ^ C:\Users\MARKEI~1\AppData\Local\Temp\asyprev_tvowmnov\r_983a12636d80.asy: 1.1: syntax error:  error: could not load module 'C:\Users\MARKEI~1\AppData\Local\Temp\asyprev_tvowmnov\r_983a12636d80.asy' 
258cc948-483e-4649-a915-6b6d9c36fd5c	b03882f60d4d	;[asy]  ^ C:\Users\MARKEI~1\AppData\Local\Temp\asyprev_tvowmnov\r_b03882f60d4d.asy: 1.2: syntax error:  error: could not load module 'C:\Users\MARKEI~1\AppData\Local\Temp\asyprev_tvowmnov\r_b03882f60d4d.asy' 
25295da7-61b5-4ba8-8c14-bed1f22688f0	b8d5455ff641	;[asy]  ^ C:\Users\MARKEI~1\AppData\Local\Temp\asyprev_tvowmnov\r_b8d5455ff641.asy: 1.2: syntax error:  error: could not load module 'C:\Users\MARKEI~1\AppData\Local\Temp\asyprev_tvowmnov\r_b8d5455ff641.asy' 
2544d93a-a2d4-475a-b179-0a5986101299	ce8b3a1f879c	[asy] ^ C:\Users\MARKEI~1\AppData\Local\Temp\asyprev_tvowmnov\r_ce8b3a1f879c.asy: 1.1: syntax error:  error: could not load module 'C:\Users\MARKEI~1\AppData\Local\Temp\asyprev_tvowmnov\r_ce8b3a1f879c.asy' 
27d5c221-a6fc-4686-88f5-866528c084ab	1cbb0a790183	;[asy]  ^ C:\Users\MARKEI~1\AppData\Local\Temp\asyprev_tvowmnov\r_1cbb0a790183.asy: 1.2: syntax error:  error: could not load module 'C:\Users\MARKEI~1\AppData\Local\Temp\asyprev_tvowmnov\r_1cbb0a790183.asy' 
2725d8e7-ad8f-461a-8edc-01c6182838e4	e3f32f8c51c4	;[asy]  ^ C:\Users\MARKEI~1\AppData\Local\Temp\asyprev_tvowmnov\r_e3f32f8c51c4.asy: 1.2: syntax error:  error: could not load module 'C:\Users\MARKEI~1\AppData\Local\Temp\asyprev_tvowmnov\r_e3f32f8c51c4.asy' 
28e8d7dd-38c0-4c4c-8b69-45c6645a65f4	0a8e9db5bd92	;[asy]  ^ C:\Users\MARKEI~1\AppData\Local\Temp\asyprev_tvowmnov\r_0a8e9db5bd92.asy: 1.2: syntax error:  error: could not load module 'C:\Users\MARKEI~1\AppData\Local\Temp\asyprev_tvowmnov\r_0a8e9db5bd92.asy' 
2a1cae9f-5997-4f57-ab73-b7e32c1dc26e	6abdab1c8ecf	;[asy]  ^ C:\Users\MARKEI~1\AppData\Local\Temp\asyprev_tvowmnov\r_6abdab1c8ecf.asy: 1.2: syntax error:  error: could not load module 'C:\Users\MARKEI~1\AppData\Local\Temp\asyprev_tvowmnov\r_6abdab1c8ecf.asy' 
2aa7f67d-5589-4306-8d59-9679164a8704	b4f580e230cb	;[asy]  ^ C:\Users\MARKEI~1\AppData\Local\Temp\asyprev_tvowmnov\r_b4f580e230cb.asy: 1.2: syntax error:  error: could not load module 'C:\Users\MARKEI~1\AppData\Local\Temp\asyprev_tvowmnov\r_b4f580e230cb.asy' 
2a2c45fa-bcec-4653-b9dc-dfd128bf9f92	e01ccce6d1bd	[asy] ^ C:\Users\MARKEI~1\AppData\Local\Temp\asyprev_tvowmnov\r_e01ccce6d1bd.asy: 1.1: syntax error:  error: could not load module 'C:\Users\MARKEI~1\AppData\Local\Temp\asyprev_tvowmnov\r_e01ccce6d1bd.asy' 
2b7c979d-02b1-47f4-bc6b-8e04f942d003	0eb5e40e6663	;[asy]  ^ C:\Users\MARKEI~1\AppData\Local\Temp\asyprev_tvowmnov\r_0eb5e40e6663.asy: 1.2: syntax error:  error: could not load module 'C:\Users\MARKEI~1\AppData\Local\Temp\asyprev_tvowmnov\r_0eb5e40e6663.asy' 
2b908229-6c45-40b6-a1c7-c76c9fb27186	6db10cb4fd15	;[asy]  ^ C:\Users\MARKEI~1\AppData\Local\Temp\asyprev_tvowmnov\r_6db10cb4fd15.asy: 1.2: syntax error:  error: could not load module 'C:\Users\MARKEI~1\AppData\Local\Temp\asyprev_tvowmnov\r_6db10cb4fd15.asy' 
2baa09f6-248e-46c7-8cd2-740942ffdca7	4d9e376676d1	[asy] ^ C:\Users\MARKEI~1\AppData\Local\Temp\asyprev_tvowmnov\r_4d9e376676d1.asy: 1.1: syntax error:  error: could not load module 'C:\Users\MARKEI~1\AppData\Local\Temp\asyprev_tvowmnov\r_4d9e376676d1.asy' 
2cd873e2-5d74-4ada-875c-d1ba1ae1db95	62d6f3c2c38e	;[asy]  ^ C:\Users\MARKEI~1\AppData\Local\Temp\asyprev_tvowmnov\r_62d6f3c2c38e.asy: 1.2: syntax error:  error: could not load module 'C:\Users\MARKEI~1\AppData\Local\Temp\asyprev_tvowmnov\r_62d6f3c2c38e.asy' 
2d2d551f-b023-4689-818e-10e405c6aa5e	080284835c57	[asy] ^ C:\Users\MARKEI~1\AppData\Local\Temp\asyprev_tvowmnov\r_080284835c57.asy: 1.1: syntax error:  error: could not load module 'C:\Users\MARKEI~1\AppData\Local\Temp\asyprev_tvowmnov\r_080284835c57.asy' 
2d97789a-f020-451d-88c9-664a55475a4e	92a87440dba6	;[asy]  ^ C:\Users\MARKEI~1\AppData\Local\Temp\asyprev_tvowmnov\r_92a87440dba6.asy: 1.2: syntax error:  error: could not load module 'C:\Users\MARKEI~1\AppData\Local\Temp\asyprev_tvowmnov\r_92a87440dba6.asy' 
2dc4401d-b4c7-4f02-a708-852f859d3dfc	d29ba353f23a	;[asy]  ^ C:\Users\MARKEI~1\AppData\Local\Temp\asyprev_tvowmnov\r_d29ba353f23a.asy: 1.2: syntax error:  error: could not load module 'C:\Users\MARKEI~1\AppData\Local\Temp\asyprev_tvowmnov\r_d29ba353f23a.asy' 
2dc8eb7f-25c3-426c-99a6-2251f19450c8	ebc76a27d9e2	;[asy]  ^ C:\Users\MARKEI~1\AppData\Local\Temp\asyprev_tvowmnov\r_ebc76a27d9e2.asy: 1.2: syntax error:  error: could not load module 'C:\Users\MARKEI~1\AppData\Local\Temp\asyprev_tvowmnov\r_ebc76a27d9e2.asy' 
2dcbc384-fddc-4c39-bab5-55f357456b5d	6e9d8c531ddb	[asy] ^ C:\Users\MARKEI~1\AppData\Local\Temp\asyprev_tvowmnov\r_6e9d8c531ddb.asy: 1.1: syntax error:  error: could not load module 'C:\Users\MARKEI~1\AppData\Local\Temp\asyprev_tvowmnov\r_6e9d8c531ddb.asy' 
2e24cd7c-2e42-475d-bb86-5d766932bf5b	4419b54ad37c	[asy] ^ C:\Users\MARKEI~1\AppData\Local\Temp\asyprev_tvowmnov\r_4419b54ad37c.asy: 1.1: syntax error:  error: could not load module 'C:\Users\MARKEI~1\AppData\Local\Temp\asyprev_tvowmnov\r_4419b54ad37c.asy' 
2e38e303-01b7-4bdc-9074-95d994116c2a	a99812741972	[asy] ^ C:\Users\MARKEI~1\AppData\Local\Temp\asyprev_tvowmnov\r_a99812741972.asy: 1.1: syntax error:  error: could not load module 'C:\Users\MARKEI~1\AppData\Local\Temp\asyprev_tvowmnov\r_a99812741972.asy' 
2e8db3e8-1ebd-4024-a73b-7219d0d357e3	1549374204d3	;[asy]  ^ C:\Users\MARKEI~1\AppData\Local\Temp\asyprev_tvowmnov\r_1549374204d3.asy: 1.2: syntax error:  error: could not load module 'C:\Users\MARKEI~1\AppData\Local\Temp\asyprev_tvowmnov\r_1549374204d3.asy' 
2f19a1d6-f838-4bbc-96f5-63432660f14f	af82e07d5806	;[asy]  ^ C:\Users\MARKEI~1\AppData\Local\Temp\asyprev_tvowmnov\r_af82e07d5806.asy: 1.2: syntax error:  error: could not load module 'C:\Users\MARKEI~1\AppData\Local\Temp\asyprev_tvowmnov\r_af82e07d5806.asy' 
30112f78-89cf-4c83-bb8e-e8f1ecca6487	003021eba975	[asy] ^ C:\Users\MARKEI~1\AppData\Local\Temp\asyprev_tvowmnov\r_003021eba975.asy: 1.1: syntax error:  error: could not load module 'C:\Users\MARKEI~1\AppData\Local\Temp\asyprev_tvowmnov\r_003021eba975.asy' 
301ded12-5f53-4164-9b20-cdf2f21a4c51	3ac8121457cb	;[asy]  ^ C:\Users\MARKEI~1\AppData\Local\Temp\asyprev_tvowmnov\r_3ac8121457cb.asy: 1.2: syntax error:  error: could not load module 'C:\Users\MARKEI~1\AppData\Local\Temp\asyprev_tvowmnov\r_3ac8121457cb.asy' 
30b94c0e-1c18-4d5d-9197-82047dc194f2	c3b617304274	;[asy]  ^ C:\Users\MARKEI~1\AppData\Local\Temp\asyprev_tvowmnov\r_c3b617304274.asy: 1.2: syntax error:  error: could not load module 'C:\Users\MARKEI~1\AppData\Local\Temp\asyprev_tvowmnov\r_c3b617304274.asy' 
30c883b3-a29d-4b5c-970d-26f0c04f2a30	0b3385c5b6d5	;[asy]  ^ C:\Users\MARKEI~1\AppData\Local\Temp\asyprev_tvowmnov\r_0b3385c5b6d5.asy: 1.2: syntax error:  error: could not load module 'C:\Users\MARKEI~1\AppData\Local\Temp\asyprev_tvowmnov\r_0b3385c5b6d5.asy' 
30d309f5-3bb5-4d0a-93b2-2888243e118c	079750f113ce	;[asy]  ^ C:\Users\MARKEI~1\AppData\Local\Temp\asyprev_tvowmnov\r_079750f113ce.asy: 1.2: syntax error:  error: could not load module 'C:\Users\MARKEI~1\AppData\Local\Temp\asyprev_tvowmnov\r_079750f113ce.asy' 
31bded05-f02c-4444-85cd-a873b573cb40	473cd49c8ebc	;[asy]  ^ C:\Users\MARKEI~1\AppData\Local\Temp\asyprev_tvowmnov\r_473cd49c8ebc.asy: 1.2: syntax error:  error: could not load module 'C:\Users\MARKEI~1\AppData\Local\Temp\asyprev_tvowmnov\r_473cd49c8ebc.asy' 
3224a788-add1-4553-8d62-d5702d8bdffe	d56d1db5dcee	[asy] ^ C:\Users\MARKEI~1\AppData\Local\Temp\asyprev_tvowmnov\r_d56d1db5dcee.asy: 1.1: syntax error:  error: could not load module 'C:\Users\MARKEI~1\AppData\Local\Temp\asyprev_tvowmnov\r_d56d1db5dcee.asy' 
326bda17-ea09-4e8e-bd55-b965cde57f94	5add21bc7001	;[asy]  ^ C:\Users\MARKEI~1\AppData\Local\Temp\asyprev_tvowmnov\r_5add21bc7001.asy: 1.2: syntax error:  error: could not load module 'C:\Users\MARKEI~1\AppData\Local\Temp\asyprev_tvowmnov\r_5add21bc7001.asy' 
328534c4-c0b1-4e17-87b7-2490595d2176	2492cdf6f7da	;[asy]  ^ C:\Users\MARKEI~1\AppData\Local\Temp\asyprev_tvowmnov\r_2492cdf6f7da.asy: 1.2: syntax error:  error: could not load module 'C:\Users\MARKEI~1\AppData\Local\Temp\asyprev_tvowmnov\r_2492cdf6f7da.asy' 
33294d59-48d6-4396-861c-86969ab34031	13a65d56f36a	;[asy]  ^ C:\Users\MARKEI~1\AppData\Local\Temp\asyprev_tvowmnov\r_13a65d56f36a.asy: 1.2: syntax error:  error: could not load module 'C:\Users\MARKEI~1\AppData\Local\Temp\asyprev_tvowmnov\r_13a65d56f36a.asy' 
34f3b344-da1f-4314-8aa0-ff2bac09a021	c57bfeb71f7c	;[asy]  ^ C:\Users\MARKEI~1\AppData\Local\Temp\asyprev_tvowmnov\r_c57bfeb71f7c.asy: 1.2: syntax error:  error: could not load module 'C:\Users\MARKEI~1\AppData\Local\Temp\asyprev_tvowmnov\r_c57bfeb71f7c.asy' 
353c3ab6-8f60-4a29-8a92-04ba504c71df	8038d1f846fd	;[asy]  ^ C:\Users\MARKEI~1\AppData\Local\Temp\asyprev_tvowmnov\r_8038d1f846fd.asy: 1.2: syntax error:  error: could not load module 'C:\Users\MARKEI~1\AppData\Local\Temp\asyprev_tvowmnov\r_8038d1f846fd.asy' 
360f16c6-6bce-4af4-9c33-43722ca9c48a	f576502c88ae	;[asy]  ^ C:\Users\MARKEI~1\AppData\Local\Temp\asyprev_tvowmnov\r_f576502c88ae.asy: 1.2: syntax error:  error: could not load module 'C:\Users\MARKEI~1\AppData\Local\Temp\asyprev_tvowmnov\r_f576502c88ae.asy' 
36467454-694c-4b40-8b32-2c13d7cbabde	c311a1700a26	[asy] ^ C:\Users\MARKEI~1\AppData\Local\Temp\asyprev_tvowmnov\r_c311a1700a26.asy: 1.1: syntax error:  error: could not load module 'C:\Users\MARKEI~1\AppData\Local\Temp\asyprev_tvowmnov\r_c311a1700a26.asy' 
36a28f8c-f4c7-4c02-87ab-32d50f82b4f7	f8b5b861db14	[asy] ^ C:\Users\MARKEI~1\AppData\Local\Temp\asyprev_tvowmnov\r_f8b5b861db14.asy: 1.1: syntax error:  error: could not load module 'C:\Users\MARKEI~1\AppData\Local\Temp\asyprev_tvowmnov\r_f8b5b861db14.asy' 
37f89f99-d728-4d3d-9fff-25c75ca6d87c	b4e0f0143846	;[asy]  ^ C:\Users\MARKEI~1\AppData\Local\Temp\asyprev_tvowmnov\r_b4e0f0143846.asy: 1.2: syntax error:  error: could not load module 'C:\Users\MARKEI~1\AppData\Local\Temp\asyprev_tvowmnov\r_b4e0f0143846.asy' 
382e05ea-9ae1-4954-90b9-50183014107d	d53bc8a0d755	;[asy]  ^ C:\Users\MARKEI~1\AppData\Local\Temp\asyprev_tvowmnov\r_d53bc8a0d755.asy: 1.2: syntax error:  error: could not load module 'C:\Users\MARKEI~1\AppData\Local\Temp\asyprev_tvowmnov\r_d53bc8a0d755.asy' 
38945c16-0404-4c97-8680-fccafa763863	83a040589321	[asy] ^ C:\Users\MARKEI~1\AppData\Local\Temp\asyprev_tvowmnov\r_83a040589321.asy: 1.1: syntax error:  error: could not load module 'C:\Users\MARKEI~1\AppData\Local\Temp\asyprev_tvowmnov\r_83a040589321.asy' 
38a0a603-c681-411f-8662-6409747b0065	f7e861b88bc0	[asy] ^ C:\Users\MARKEI~1\AppData\Local\Temp\asyprev_tvowmnov\r_f7e861b88bc0.asy: 1.1: syntax error:  error: could not load module 'C:\Users\MARKEI~1\AppData\Local\Temp\asyprev_tvowmnov\r_f7e861b88bc0.asy' 
38a11922-b52c-4db6-9fb4-6bc64b79155e	33623d4018c3	[asy] ^ C:\Users\MARKEI~1\AppData\Local\Temp\asyprev_tvowmnov\r_33623d4018c3.asy: 1.1: syntax error:  error: could not load module 'C:\Users\MARKEI~1\AppData\Local\Temp\asyprev_tvowmnov\r_33623d4018c3.asy' 
38e86f2c-f5eb-427e-9657-999dcaec904d	2c21a23294f4	;[asy]  ^ C:\Users\MARKEI~1\AppData\Local\Temp\asyprev_tvowmnov\r_2c21a23294f4.asy: 1.2: syntax error:  error: could not load module 'C:\Users\MARKEI~1\AppData\Local\Temp\asyprev_tvowmnov\r_2c21a23294f4.asy' 
39199dbd-d880-42a0-bcc7-e0578047adcc	e90b290ad116	[asy] ^ C:\Users\MARKEI~1\AppData\Local\Temp\asyprev_tvowmnov\r_e90b290ad116.asy: 1.1: syntax error:  error: could not load module 'C:\Users\MARKEI~1\AppData\Local\Temp\asyprev_tvowmnov\r_e90b290ad116.asy' 
39497aa5-7c53-40b7-acf6-6350b00b4697	040c03801823	;[asy]  ^ C:\Users\MARKEI~1\AppData\Local\Temp\asyprev_tvowmnov\r_040c03801823.asy: 1.2: syntax error:  error: could not load module 'C:\Users\MARKEI~1\AppData\Local\Temp\asyprev_tvowmnov\r_040c03801823.asy' 
38ce3793-209c-45d6-b82d-9f4641c984c5	91b5c32ac2c9	;[asy]  ^ C:\Users\MARKEI~1\AppData\Local\Temp\asyprev_tvowmnov\r_91b5c32ac2c9.asy: 1.2: syntax error:  error: could not load module 'C:\Users\MARKEI~1\AppData\Local\Temp\asyprev_tvowmnov\r_91b5c32ac2c9.asy' 
398a9675-68ba-4ce2-ace8-73b709250880	d740c901244b	[asy] ^ C:\Users\MARKEI~1\AppData\Local\Temp\asyprev_tvowmnov\r_d740c901244b.asy: 1.1: syntax error:  error: could not load module 'C:\Users\MARKEI~1\AppData\Local\Temp\asyprev_tvowmnov\r_d740c901244b.asy' 
3965b9fb-4f19-4e21-85dd-4695209fb892	b31b3b81817a	;[asy]  ^ C:\Users\MARKEI~1\AppData\Local\Temp\asyprev_tvowmnov\r_b31b3b81817a.asy: 1.2: syntax error:  error: could not load module 'C:\Users\MARKEI~1\AppData\Local\Temp\asyprev_tvowmnov\r_b31b3b81817a.asy' 
39dc6bd7-9ae3-4184-88de-8a52f2fe0b2d	8d310b732264	;[asy]  ^ C:\Users\MARKEI~1\AppData\Local\Temp\asyprev_tvowmnov\r_8d310b732264.asy: 1.2: syntax error:  error: could not load module 'C:\Users\MARKEI~1\AppData\Local\Temp\asyprev_tvowmnov\r_8d310b732264.asy' 
3a88eadd-64c7-46ef-927a-52d7f68be37a	8b059824ad46	;[asy]  ^ C:\Users\MARKEI~1\AppData\Local\Temp\asyprev_tvowmnov\r_8b059824ad46.asy: 1.2: syntax error:  error: could not load module 'C:\Users\MARKEI~1\AppData\Local\Temp\asyprev_tvowmnov\r_8b059824ad46.asy' 
3b131dad-5a37-42c4-8836-03cb3f6eba5b	0083e467c286	[asy] ^ C:\Users\MARKEI~1\AppData\Local\Temp\asyprev_tvowmnov\r_0083e467c286.asy: 1.1: syntax error:  error: could not load module 'C:\Users\MARKEI~1\AppData\Local\Temp\asyprev_tvowmnov\r_0083e467c286.asy' 
3b5cdfec-75da-4145-b0ef-02b77e0b480a	ba43526f699f	;[asy]  ^ C:\Users\MARKEI~1\AppData\Local\Temp\asyprev_tvowmnov\r_ba43526f699f.asy: 1.2: syntax error:  error: could not load module 'C:\Users\MARKEI~1\AppData\Local\Temp\asyprev_tvowmnov\r_ba43526f699f.asy' 
3b61f4c7-2bde-48f0-a755-4acd2222fab3	4d61d3ae5ead	;[asy]  ^ C:\Users\MARKEI~1\AppData\Local\Temp\asyprev_tvowmnov\r_4d61d3ae5ead.asy: 1.2: syntax error:  error: could not load module 'C:\Users\MARKEI~1\AppData\Local\Temp\asyprev_tvowmnov\r_4d61d3ae5ead.asy' 
3c16c877-280d-4728-9fdd-ad6ecca19b56	fd6d08e2e5a6	;[asy]  ^ C:\Users\MARKEI~1\AppData\Local\Temp\asyprev_tvowmnov\r_fd6d08e2e5a6.asy: 1.2: syntax error:  error: could not load module 'C:\Users\MARKEI~1\AppData\Local\Temp\asyprev_tvowmnov\r_fd6d08e2e5a6.asy' 
3c6bb319-416e-44a2-bddd-7e6d67664fa1	e863157ae8cc	;[asy]  ^ C:\Users\MARKEI~1\AppData\Local\Temp\asyprev_tvowmnov\r_e863157ae8cc.asy: 1.2: syntax error:  error: could not load module 'C:\Users\MARKEI~1\AppData\Local\Temp\asyprev_tvowmnov\r_e863157ae8cc.asy' 
3c971465-18b5-4607-b925-2bde81ea7631	4289c0415206	;[asy]  ^ C:\Users\MARKEI~1\AppData\Local\Temp\asyprev_tvowmnov\r_4289c0415206.asy: 1.2: syntax error:  error: could not load module 'C:\Users\MARKEI~1\AppData\Local\Temp\asyprev_tvowmnov\r_4289c0415206.asy' 
3cf686c7-6034-458b-85b1-05f8f09a448d	45d80ae054e8	;[asy]  ^ C:\Users\MARKEI~1\AppData\Local\Temp\asyprev_tvowmnov\r_45d80ae054e8.asy: 1.2: syntax error:  error: could not load module 'C:\Users\MARKEI~1\AppData\Local\Temp\asyprev_tvowmnov\r_45d80ae054e8.asy' 
3de83a9f-3c3c-4fec-992d-1863dae8d57f	d56872bf2629	;[asy]  ^ C:\Users\MARKEI~1\AppData\Local\Temp\asyprev_tvowmnov\r_d56872bf2629.asy: 1.2: syntax error:  error: could not load module 'C:\Users\MARKEI~1\AppData\Local\Temp\asyprev_tvowmnov\r_d56872bf2629.asy' 
3deb370d-1bd7-4eb7-adcb-0b4a8efecac7	eb23979deca8	;[asy]  ^ C:\Users\MARKEI~1\AppData\Local\Temp\asyprev_tvowmnov\r_eb23979deca8.asy: 1.2: syntax error:  error: could not load module 'C:\Users\MARKEI~1\AppData\Local\Temp\asyprev_tvowmnov\r_eb23979deca8.asy' 
3e1f7ffb-d97f-462d-97e2-50520f97b889	85f3b763a30d	;[asy]  ^ C:\Users\MARKEI~1\AppData\Local\Temp\asyprev_tvowmnov\r_85f3b763a30d.asy: 1.2: syntax error:  error: could not load module 'C:\Users\MARKEI~1\AppData\Local\Temp\asyprev_tvowmnov\r_85f3b763a30d.asy' 
3e88402a-4c49-4f16-9020-c70745375635	a746112b83cb	[asy] ^ C:\Users\MARKEI~1\AppData\Local\Temp\asyprev_tvowmnov\r_a746112b83cb.asy: 1.1: syntax error:  error: could not load module 'C:\Users\MARKEI~1\AppData\Local\Temp\asyprev_tvowmnov\r_a746112b83cb.asy' 
3ea6dfdd-536c-46f0-9dc5-e745b2836f78	fd0444249943	[asy] ^ C:\Users\MARKEI~1\AppData\Local\Temp\asyprev_tvowmnov\r_fd0444249943.asy: 1.1: syntax error:  error: could not load module 'C:\Users\MARKEI~1\AppData\Local\Temp\asyprev_tvowmnov\r_fd0444249943.asy' 
3edd31f9-0afc-4dbc-9b85-4196a52f3978	8a9241d25625	;[asy]  ^ C:\Users\MARKEI~1\AppData\Local\Temp\asyprev_tvowmnov\r_8a9241d25625.asy: 1.2: syntax error:  error: could not load module 'C:\Users\MARKEI~1\AppData\Local\Temp\asyprev_tvowmnov\r_8a9241d25625.asy' 
3f6b4719-b2fe-49d2-8505-fd13959653e6	e38153b0ffb6	;[asy]  ^ C:\Users\MARKEI~1\AppData\Local\Temp\asyprev_tvowmnov\r_e38153b0ffb6.asy: 1.2: syntax error:  error: could not load module 'C:\Users\MARKEI~1\AppData\Local\Temp\asyprev_tvowmnov\r_e38153b0ffb6.asy' 
3fa04372-b069-48c2-81da-7583aa8106a3	b929679e13ed	;[asy]  ^ C:\Users\MARKEI~1\AppData\Local\Temp\asyprev_tvowmnov\r_b929679e13ed.asy: 1.2: syntax error:  error: could not load module 'C:\Users\MARKEI~1\AppData\Local\Temp\asyprev_tvowmnov\r_b929679e13ed.asy' 
3f999a24-a12e-4238-a340-21b91bdb28bf	4071a77683c3	;[asy]  ^ C:\Users\MARKEI~1\AppData\Local\Temp\asyprev_tvowmnov\r_4071a77683c3.asy: 1.2: syntax error:  error: could not load module 'C:\Users\MARKEI~1\AppData\Local\Temp\asyprev_tvowmnov\r_4071a77683c3.asy' 
4165ef54-a133-454d-a1cb-1fa0527273cb	f77c9859e2b8	;[asy]  ^ C:\Users\MARKEI~1\AppData\Local\Temp\asyprev_tvowmnov\r_f77c9859e2b8.asy: 1.2: syntax error:  error: could not load module 'C:\Users\MARKEI~1\AppData\Local\Temp\asyprev_tvowmnov\r_f77c9859e2b8.asy' 
416d9651-4c66-4706-aa6e-05f932197627	559b46425457	;[asy]  ^ C:\Users\MARKEI~1\AppData\Local\Temp\asyprev_tvowmnov\r_559b46425457.asy: 1.2: syntax error:  error: could not load module 'C:\Users\MARKEI~1\AppData\Local\Temp\asyprev_tvowmnov\r_559b46425457.asy' 
41fd53af-1334-4949-bcc4-3b5578e3b200	252e58dd7968	;[asy]  ^ C:\Users\MARKEI~1\AppData\Local\Temp\asyprev_tvowmnov\r_252e58dd7968.asy: 1.2: syntax error:  error: could not load module 'C:\Users\MARKEI~1\AppData\Local\Temp\asyprev_tvowmnov\r_252e58dd7968.asy' 
43ad2514-3174-4f83-8ca3-75c70c5e3d3e	31bd879442bd	;[asy]  ^ C:\Users\MARKEI~1\AppData\Local\Temp\asyprev_tvowmnov\r_31bd879442bd.asy: 1.2: syntax error:  error: could not load module 'C:\Users\MARKEI~1\AppData\Local\Temp\asyprev_tvowmnov\r_31bd879442bd.asy' 
43ca96a7-3c96-4e61-856f-fd0a2e9569ef	8adb052f4d57	[asy] ^ C:\Users\MARKEI~1\AppData\Local\Temp\asyprev_tvowmnov\r_8adb052f4d57.asy: 1.1: syntax error:  error: could not load module 'C:\Users\MARKEI~1\AppData\Local\Temp\asyprev_tvowmnov\r_8adb052f4d57.asy' 
43e79c14-b993-4f53-9ba8-f70895b21d2d	3d41ed81b73e	[asy] ^ C:\Users\MARKEI~1\AppData\Local\Temp\asyprev_tvowmnov\r_3d41ed81b73e.asy: 1.1: syntax error:  error: could not load module 'C:\Users\MARKEI~1\AppData\Local\Temp\asyprev_tvowmnov\r_3d41ed81b73e.asy' 
443c2873-6dce-482f-b14a-25b5a016c482	d93827e85f42	[asy] ^ C:\Users\MARKEI~1\AppData\Local\Temp\asyprev_tvowmnov\r_d93827e85f42.asy: 1.1: syntax error:  error: could not load module 'C:\Users\MARKEI~1\AppData\Local\Temp\asyprev_tvowmnov\r_d93827e85f42.asy' 
44c3b0c9-5b00-421f-b404-467e20bd914f	1cf62d418e33	[asy] ^ C:\Users\MARKEI~1\AppData\Local\Temp\asyprev_tvowmnov\r_1cf62d418e33.asy: 1.1: syntax error:  error: could not load module 'C:\Users\MARKEI~1\AppData\Local\Temp\asyprev_tvowmnov\r_1cf62d418e33.asy' 
4535a539-411c-4a01-9974-52fec7ea7bf5	ae20ed4d96ac	;[asy]  ^ C:\Users\MARKEI~1\AppData\Local\Temp\asyprev_tvowmnov\r_ae20ed4d96ac.asy: 1.2: syntax error:  error: could not load module 'C:\Users\MARKEI~1\AppData\Local\Temp\asyprev_tvowmnov\r_ae20ed4d96ac.asy' 
45abac7b-06ef-4d18-b72c-0da6fecf2782	03abeecd7de4	[asy] ^ C:\Users\MARKEI~1\AppData\Local\Temp\asyprev_tvowmnov\r_03abeecd7de4.asy: 1.1: syntax error:  error: could not load module 'C:\Users\MARKEI~1\AppData\Local\Temp\asyprev_tvowmnov\r_03abeecd7de4.asy' 
4699b14f-f693-4548-afe6-52cd80f94ea4	dc7ab85720af	;[asy]  ^ C:\Users\MARKEI~1\AppData\Local\Temp\asyprev_tvowmnov\r_dc7ab85720af.asy: 1.2: syntax error:  error: could not load module 'C:\Users\MARKEI~1\AppData\Local\Temp\asyprev_tvowmnov\r_dc7ab85720af.asy' 
46ebf272-91f6-4134-9a63-e18151ab5b13	82d651a79a9f	;[asy]  ^ C:\Users\MARKEI~1\AppData\Local\Temp\asyprev_tvowmnov\r_82d651a79a9f.asy: 1.2: syntax error:  error: could not load module 'C:\Users\MARKEI~1\AppData\Local\Temp\asyprev_tvowmnov\r_82d651a79a9f.asy' 
47408e1e-3e4b-429c-837a-fb9084b77eb9	6e6d5401a012	;[asy]  ^ C:\Users\MARKEI~1\AppData\Local\Temp\asyprev_tvowmnov\r_6e6d5401a012.asy: 1.2: syntax error:  error: could not load module 'C:\Users\MARKEI~1\AppData\Local\Temp\asyprev_tvowmnov\r_6e6d5401a012.asy' 
4742c96b-cb78-43e0-bcf0-41f1a6dbb4ab	4412b4ae8818	[asy] ^ C:\Users\MARKEI~1\AppData\Local\Temp\asyprev_tvowmnov\r_4412b4ae8818.asy: 1.1: syntax error:  error: could not load module 'C:\Users\MARKEI~1\AppData\Local\Temp\asyprev_tvowmnov\r_4412b4ae8818.asy' 
47db5071-722c-41e2-86b6-35141992659e	ed78ae8859b8	;[asy]  ^ C:\Users\MARKEI~1\AppData\Local\Temp\asyprev_tvowmnov\r_ed78ae8859b8.asy: 1.2: syntax error:  error: could not load module 'C:\Users\MARKEI~1\AppData\Local\Temp\asyprev_tvowmnov\r_ed78ae8859b8.asy' 
47bbad7b-20bd-4f93-bdb9-65da275cd2b8	b0e78da76af1	;[asy]  ^ C:\Users\MARKEI~1\AppData\Local\Temp\asyprev_tvowmnov\r_b0e78da76af1.asy: 1.2: syntax error:  error: could not load module 'C:\Users\MARKEI~1\AppData\Local\Temp\asyprev_tvowmnov\r_b0e78da76af1.asy' 
47f36c14-cb50-46cd-b571-1b55b37a6191	395bfdd56955	[asy] ^ C:\Users\MARKEI~1\AppData\Local\Temp\asyprev_tvowmnov\r_395bfdd56955.asy: 1.1: syntax error:  error: could not load module 'C:\Users\MARKEI~1\AppData\Local\Temp\asyprev_tvowmnov\r_395bfdd56955.asy' 
48d2dd61-b2b8-4253-8029-f662353b663f	af68f52518ae	;[asy]  ^ C:\Users\MARKEI~1\AppData\Local\Temp\asyprev_tvowmnov\r_af68f52518ae.asy: 1.2: syntax error:  error: could not load module 'C:\Users\MARKEI~1\AppData\Local\Temp\asyprev_tvowmnov\r_af68f52518ae.asy' 
48f30426-0788-433d-a3b1-e8045b3133a2	9643b7ae3e1f	;[asy]  ^ C:\Users\MARKEI~1\AppData\Local\Temp\asyprev_tvowmnov\r_9643b7ae3e1f.asy: 1.2: syntax error:  error: could not load module 'C:\Users\MARKEI~1\AppData\Local\Temp\asyprev_tvowmnov\r_9643b7ae3e1f.asy' 
485a3af6-9e1c-44ae-b2b2-e83259933be1	7b671ff814c4	[asy] ^ C:\Users\MARKEI~1\AppData\Local\Temp\asyprev_tvowmnov\r_7b671ff814c4.asy: 1.1: syntax error:  error: could not load module 'C:\Users\MARKEI~1\AppData\Local\Temp\asyprev_tvowmnov\r_7b671ff814c4.asy' 
4a577172-b849-40db-8e85-71d1460e97b9	cdf4e0f00c71	;[asy]  ^ C:\Users\MARKEI~1\AppData\Local\Temp\asyprev_tvowmnov\r_cdf4e0f00c71.asy: 1.2: syntax error:  error: could not load module 'C:\Users\MARKEI~1\AppData\Local\Temp\asyprev_tvowmnov\r_cdf4e0f00c71.asy' 
4a7d5401-f714-43e7-bc31-a757dc2e26f7	3ba0822a5436	;[asy]  ^ C:\Users\MARKEI~1\AppData\Local\Temp\asyprev_tvowmnov\r_3ba0822a5436.asy: 1.2: syntax error:  error: could not load module 'C:\Users\MARKEI~1\AppData\Local\Temp\asyprev_tvowmnov\r_3ba0822a5436.asy' 
4aa70b56-83cb-45af-86aa-5c073030b399	e522cee30558	[asy] ^ C:\Users\MARKEI~1\AppData\Local\Temp\asyprev_tvowmnov\r_e522cee30558.asy: 1.1: syntax error:  error: could not load module 'C:\Users\MARKEI~1\AppData\Local\Temp\asyprev_tvowmnov\r_e522cee30558.asy' 
4c3bfd01-0014-4118-bb77-99679917e7d8	643a6c6d3f03	[asy] ^ C:\Users\MARKEI~1\AppData\Local\Temp\asyprev_tvowmnov\r_643a6c6d3f03.asy: 1.1: syntax error:  error: could not load module 'C:\Users\MARKEI~1\AppData\Local\Temp\asyprev_tvowmnov\r_643a6c6d3f03.asy' 
4d0f4a3f-0e00-4eed-812a-a421c5dcecf6	c237f316ac6c	;[asy]  ^ C:\Users\MARKEI~1\AppData\Local\Temp\asyprev_tvowmnov\r_c237f316ac6c.asy: 1.2: syntax error:  error: could not load module 'C:\Users\MARKEI~1\AppData\Local\Temp\asyprev_tvowmnov\r_c237f316ac6c.asy' 
4da96bac-109c-4b9a-b127-6f09a6138dd8	1d747d7da601	;[asy]  ^ C:\Users\MARKEI~1\AppData\Local\Temp\asyprev_tvowmnov\r_1d747d7da601.asy: 1.2: syntax error:  error: could not load module 'C:\Users\MARKEI~1\AppData\Local\Temp\asyprev_tvowmnov\r_1d747d7da601.asy' 
4dd58a26-13ee-48a9-9a07-70e95867aa5d	e42824bc62cd	[asy] ^ C:\Users\MARKEI~1\AppData\Local\Temp\asyprev_tvowmnov\r_e42824bc62cd.asy: 1.1: syntax error:  error: could not load module 'C:\Users\MARKEI~1\AppData\Local\Temp\asyprev_tvowmnov\r_e42824bc62cd.asy' 
4ee7d2a9-ca9e-448e-a5a0-9e713d0599c6	2b7db44364f1	;[asy]  ^ C:\Users\MARKEI~1\AppData\Local\Temp\asyprev_tvowmnov\r_2b7db44364f1.asy: 1.2: syntax error:  error: could not load module 'C:\Users\MARKEI~1\AppData\Local\Temp\asyprev_tvowmnov\r_2b7db44364f1.asy' 
4f1150fb-7679-437c-ba95-8315128ad629	241388984c53	;[asy]  ^ C:\Users\MARKEI~1\AppData\Local\Temp\asyprev_tvowmnov\r_241388984c53.asy: 1.2: syntax error:  error: could not load module 'C:\Users\MARKEI~1\AppData\Local\Temp\asyprev_tvowmnov\r_241388984c53.asy' 
4dad440a-de5e-4921-95a9-e8cfc39ce927	04c341d507b2	;[asy]  ^ C:\Users\MARKEI~1\AppData\Local\Temp\asyprev_tvowmnov\r_04c341d507b2.asy: 1.2: syntax error:  error: could not load module 'C:\Users\MARKEI~1\AppData\Local\Temp\asyprev_tvowmnov\r_04c341d507b2.asy' 
4f71642d-87bc-427f-bb47-502360d49a59	fd902449284b	;[asy]  ^ C:\Users\MARKEI~1\AppData\Local\Temp\asyprev_tvowmnov\r_fd902449284b.asy: 1.2: syntax error:  error: could not load module 'C:\Users\MARKEI~1\AppData\Local\Temp\asyprev_tvowmnov\r_fd902449284b.asy' 
502c2a23-fd0c-4416-8835-2a4bc4c69c42	f55ff033f7c4	;[asy]  ^ C:\Users\MARKEI~1\AppData\Local\Temp\asyprev_tvowmnov\r_f55ff033f7c4.asy: 1.2: syntax error:  error: could not load module 'C:\Users\MARKEI~1\AppData\Local\Temp\asyprev_tvowmnov\r_f55ff033f7c4.asy' 
50b36a2f-31c4-49e8-90fa-c2139e75e740	77191cd6e8af	;[asy]  ^ C:\Users\MARKEI~1\AppData\Local\Temp\asyprev_tvowmnov\r_77191cd6e8af.asy: 1.2: syntax error:  error: could not load module 'C:\Users\MARKEI~1\AppData\Local\Temp\asyprev_tvowmnov\r_77191cd6e8af.asy' 
5115244b-04b7-4cd5-9581-09b715928088	69d6864cb194	;[asy]  ^ C:\Users\MARKEI~1\AppData\Local\Temp\asyprev_tvowmnov\r_69d6864cb194.asy: 1.2: syntax error:  error: could not load module 'C:\Users\MARKEI~1\AppData\Local\Temp\asyprev_tvowmnov\r_69d6864cb194.asy' 
532519f0-a7c6-4817-9654-d118198edeb0	fef5925ff64d	;[asy]  ^ C:\Users\MARKEI~1\AppData\Local\Temp\asyprev_tvowmnov\r_fef5925ff64d.asy: 1.2: syntax error:  error: could not load module 'C:\Users\MARKEI~1\AppData\Local\Temp\asyprev_tvowmnov\r_fef5925ff64d.asy' 
51c94f0b-c7db-4f73-91fe-e68c1851f5e8	57d1e74a7885	[asy] ^ C:\Users\MARKEI~1\AppData\Local\Temp\asyprev_tvowmnov\r_57d1e74a7885.asy: 1.1: syntax error:  error: could not load module 'C:\Users\MARKEI~1\AppData\Local\Temp\asyprev_tvowmnov\r_57d1e74a7885.asy' 
5370f733-acd0-47a9-bb7a-f37db9d967a7	c1a44865434e	;[asy]  ^ C:\Users\MARKEI~1\AppData\Local\Temp\asyprev_tvowmnov\r_c1a44865434e.asy: 1.2: syntax error:  error: could not load module 'C:\Users\MARKEI~1\AppData\Local\Temp\asyprev_tvowmnov\r_c1a44865434e.asy' 
55d7ec26-b604-4ab5-b543-f43a2b2a31a2	733186bd4721	;[asy]  ^ C:\Users\MARKEI~1\AppData\Local\Temp\asyprev_tvowmnov\r_733186bd4721.asy: 1.2: syntax error:  error: could not load module 'C:\Users\MARKEI~1\AppData\Local\Temp\asyprev_tvowmnov\r_733186bd4721.asy' 
541b9524-549b-47a2-87c5-aef02da159bf	d3f99c8c5d95	;[asy]  ^ C:\Users\MARKEI~1\AppData\Local\Temp\asyprev_tvowmnov\r_d3f99c8c5d95.asy: 1.2: syntax error:  error: could not load module 'C:\Users\MARKEI~1\AppData\Local\Temp\asyprev_tvowmnov\r_d3f99c8c5d95.asy' 
55e4dc2a-f4e0-4eda-b89e-8908c706ff5b	5f3f5b2cdbc1	;[asy]  ^ C:\Users\MARKEI~1\AppData\Local\Temp\asyprev_tvowmnov\r_5f3f5b2cdbc1.asy: 1.2: syntax error:  error: could not load module 'C:\Users\MARKEI~1\AppData\Local\Temp\asyprev_tvowmnov\r_5f3f5b2cdbc1.asy' 
566dceb6-67d9-41c7-84f0-43ae73caf537	fe9abe2e0de6	;[asy]  ^ C:\Users\MARKEI~1\AppData\Local\Temp\asyprev_tvowmnov\r_fe9abe2e0de6.asy: 1.2: syntax error:  error: could not load module 'C:\Users\MARKEI~1\AppData\Local\Temp\asyprev_tvowmnov\r_fe9abe2e0de6.asy' 
564d13c2-dad4-4e55-ab89-f2a79cc173eb	b1fd64f8fb52	;[asy]  ^ C:\Users\MARKEI~1\AppData\Local\Temp\asyprev_tvowmnov\r_b1fd64f8fb52.asy: 1.2: syntax error:  error: could not load module 'C:\Users\MARKEI~1\AppData\Local\Temp\asyprev_tvowmnov\r_b1fd64f8fb52.asy' 
5677655a-62d4-404a-9471-f6c3c8943d87	a66e3cdee693	[asy] ^ C:\Users\MARKEI~1\AppData\Local\Temp\asyprev_tvowmnov\r_a66e3cdee693.asy: 1.1: syntax error:  error: could not load module 'C:\Users\MARKEI~1\AppData\Local\Temp\asyprev_tvowmnov\r_a66e3cdee693.asy' 
56921505-7f6a-489c-8947-363d1bf28932	2d282fa4bb55	;[asy]  ^ C:\Users\MARKEI~1\AppData\Local\Temp\asyprev_tvowmnov\r_2d282fa4bb55.asy: 1.2: syntax error:  error: could not load module 'C:\Users\MARKEI~1\AppData\Local\Temp\asyprev_tvowmnov\r_2d282fa4bb55.asy' 
57811460-8ead-4537-833b-e4821d9af411	51226ed4e028	;[asy]  ^ C:\Users\MARKEI~1\AppData\Local\Temp\asyprev_tvowmnov\r_51226ed4e028.asy: 1.2: syntax error:  error: could not load module 'C:\Users\MARKEI~1\AppData\Local\Temp\asyprev_tvowmnov\r_51226ed4e028.asy' 
57c9987a-d9f3-4d11-b88b-58a3238279c0	da0abebaae64	;[asy]  ^ C:\Users\MARKEI~1\AppData\Local\Temp\asyprev_tvowmnov\r_da0abebaae64.asy: 1.2: syntax error:  error: could not load module 'C:\Users\MARKEI~1\AppData\Local\Temp\asyprev_tvowmnov\r_da0abebaae64.asy' 
57dca58a-ec12-400c-9f0c-82d506baf7b0	63eec00f998f	[asy] ^ C:\Users\MARKEI~1\AppData\Local\Temp\asyprev_tvowmnov\r_63eec00f998f.asy: 1.1: syntax error:  error: could not load module 'C:\Users\MARKEI~1\AppData\Local\Temp\asyprev_tvowmnov\r_63eec00f998f.asy' 
585e0f9b-63a7-4823-a9a5-c973803cadd0	3bffed00e199	;[asy]  ^ C:\Users\MARKEI~1\AppData\Local\Temp\asyprev_tvowmnov\r_3bffed00e199.asy: 1.2: syntax error:  error: could not load module 'C:\Users\MARKEI~1\AppData\Local\Temp\asyprev_tvowmnov\r_3bffed00e199.asy' 
58f0497b-f5d4-4cab-a0fd-6b4f82f26426	77732f34f12b	[asy] ^ C:\Users\MARKEI~1\AppData\Local\Temp\asyprev_tvowmnov\r_77732f34f12b.asy: 1.1: syntax error:  error: could not load module 'C:\Users\MARKEI~1\AppData\Local\Temp\asyprev_tvowmnov\r_77732f34f12b.asy' 
58f4d5ef-f4bf-4e23-9ec2-26934bd1541e	b847d98d43fc	;[asy]  ^ C:\Users\MARKEI~1\AppData\Local\Temp\asyprev_tvowmnov\r_b847d98d43fc.asy: 1.2: syntax error:  error: could not load module 'C:\Users\MARKEI~1\AppData\Local\Temp\asyprev_tvowmnov\r_b847d98d43fc.asy' 
597b0045-8028-4e1d-80e8-7be8bd59cb20	a0d6c360d08a	[asy] ^ C:\Users\MARKEI~1\AppData\Local\Temp\asyprev_tvowmnov\r_a0d6c360d08a.asy: 1.1: syntax error:  error: could not load module 'C:\Users\MARKEI~1\AppData\Local\Temp\asyprev_tvowmnov\r_a0d6c360d08a.asy' 
5ac9b123-2681-42ea-8b74-2d65ef4dfc03	0dc815562f34	;[asy]  ^ C:\Users\MARKEI~1\AppData\Local\Temp\asyprev_tvowmnov\r_0dc815562f34.asy: 1.2: syntax error:  error: could not load module 'C:\Users\MARKEI~1\AppData\Local\Temp\asyprev_tvowmnov\r_0dc815562f34.asy' 
5b460327-d010-4de4-8f36-e0ec1f5bfb63	c9a559865997	;[asy]  ^ C:\Users\MARKEI~1\AppData\Local\Temp\asyprev_tvowmnov\r_c9a559865997.asy: 1.2: syntax error:  error: could not load module 'C:\Users\MARKEI~1\AppData\Local\Temp\asyprev_tvowmnov\r_c9a559865997.asy' 
5b70216d-e488-491f-8153-a58d876b412f	d976658fdcb0	[asy] ^ C:\Users\MARKEI~1\AppData\Local\Temp\asyprev_tvowmnov\r_d976658fdcb0.asy: 1.1: syntax error:  error: could not load module 'C:\Users\MARKEI~1\AppData\Local\Temp\asyprev_tvowmnov\r_d976658fdcb0.asy' 
5beb1a54-1d42-444e-80d0-aafd779910f7	e1cf185463af	[asy] ^ C:\Users\MARKEI~1\AppData\Local\Temp\asyprev_tvowmnov\r_e1cf185463af.asy: 1.1: syntax error:  error: could not load module 'C:\Users\MARKEI~1\AppData\Local\Temp\asyprev_tvowmnov\r_e1cf185463af.asy' 
5bf27de9-529b-4913-9673-f742b6757ba1	5c198f9806a0	;[asy]  ^ C:\Users\MARKEI~1\AppData\Local\Temp\asyprev_tvowmnov\r_5c198f9806a0.asy: 1.2: syntax error:  error: could not load module 'C:\Users\MARKEI~1\AppData\Local\Temp\asyprev_tvowmnov\r_5c198f9806a0.asy' 
5c41160c-d71d-4030-972e-73a049a1db5c	654e464187a5	;[asy]  ^ C:\Users\MARKEI~1\AppData\Local\Temp\asyprev_tvowmnov\r_654e464187a5.asy: 1.2: syntax error:  error: could not load module 'C:\Users\MARKEI~1\AppData\Local\Temp\asyprev_tvowmnov\r_654e464187a5.asy' 
5c56bebd-9929-439e-8fc4-981b4790f8d5	3ed356fc0993	[asy] ^ C:\Users\MARKEI~1\AppData\Local\Temp\asyprev_tvowmnov\r_3ed356fc0993.asy: 1.1: syntax error:  error: could not load module 'C:\Users\MARKEI~1\AppData\Local\Temp\asyprev_tvowmnov\r_3ed356fc0993.asy' 
5d479122-a92d-4dc7-b2a2-2acbab9ff9e7	e2b4d226cb78	[asy] ^ C:\Users\MARKEI~1\AppData\Local\Temp\asyprev_tvowmnov\r_e2b4d226cb78.asy: 1.1: syntax error:  error: could not load module 'C:\Users\MARKEI~1\AppData\Local\Temp\asyprev_tvowmnov\r_e2b4d226cb78.asy' 
5d665e24-f1cf-4c66-8d24-23a7b82780b8	5c3679b3e3b9	;[asy]  ^ C:\Users\MARKEI~1\AppData\Local\Temp\asyprev_tvowmnov\r_5c3679b3e3b9.asy: 1.2: syntax error:  error: could not load module 'C:\Users\MARKEI~1\AppData\Local\Temp\asyprev_tvowmnov\r_5c3679b3e3b9.asy' 
5e99a53c-b474-460b-be77-71d89fdced27	79827595cad6	;[asy]  ^ C:\Users\MARKEI~1\AppData\Local\Temp\asyprev_tvowmnov\r_79827595cad6.asy: 1.2: syntax error:  error: could not load module 'C:\Users\MARKEI~1\AppData\Local\Temp\asyprev_tvowmnov\r_79827595cad6.asy' 
5df8c5b7-1b0f-421b-a820-a673e8707e11	3ad1e1a14e6b	[asy] ^ C:\Users\MARKEI~1\AppData\Local\Temp\asyprev_tvowmnov\r_3ad1e1a14e6b.asy: 1.1: syntax error:  error: could not load module 'C:\Users\MARKEI~1\AppData\Local\Temp\asyprev_tvowmnov\r_3ad1e1a14e6b.asy' 
5f8c9f58-282f-4c88-9fb7-8bc894b6a3f9	ca6b1f14c0dc	;[asy]  ^ C:\Users\MARKEI~1\AppData\Local\Temp\asyprev_tvowmnov\r_ca6b1f14c0dc.asy: 1.2: syntax error:  error: could not load module 'C:\Users\MARKEI~1\AppData\Local\Temp\asyprev_tvowmnov\r_ca6b1f14c0dc.asy' 
5fa3ff83-747c-4e1d-8d70-9e3528b7aead	938daa66d233	[asy] ^ C:\Users\MARKEI~1\AppData\Local\Temp\asyprev_tvowmnov\r_938daa66d233.asy: 1.1: syntax error:  error: could not load module 'C:\Users\MARKEI~1\AppData\Local\Temp\asyprev_tvowmnov\r_938daa66d233.asy' 
5fe940c7-5829-449f-87b1-f4050c577065	7361a46124b0	;[asy]  ^ C:\Users\MARKEI~1\AppData\Local\Temp\asyprev_tvowmnov\r_7361a46124b0.asy: 1.2: syntax error:  error: could not load module 'C:\Users\MARKEI~1\AppData\Local\Temp\asyprev_tvowmnov\r_7361a46124b0.asy' 
5ffeef31-c184-43a1-a64a-a4e39f5f39f2	c6d14c832012	;[asy]  ^ C:\Users\MARKEI~1\AppData\Local\Temp\asyprev_tvowmnov\r_c6d14c832012.asy: 1.2: syntax error:  error: could not load module 'C:\Users\MARKEI~1\AppData\Local\Temp\asyprev_tvowmnov\r_c6d14c832012.asy' 
60c460a2-74a5-4154-b0fd-a33a916faa39	9bb47a38d6a2	;[asy]  ^ C:\Users\MARKEI~1\AppData\Local\Temp\asyprev_tvowmnov\r_9bb47a38d6a2.asy: 1.2: syntax error:  error: could not load module 'C:\Users\MARKEI~1\AppData\Local\Temp\asyprev_tvowmnov\r_9bb47a38d6a2.asy' 
604417eb-d523-4b45-a528-5750eaffd36c	86f8244971aa	;[asy]  ^ C:\Users\MARKEI~1\AppData\Local\Temp\asyprev_tvowmnov\r_86f8244971aa.asy: 1.2: syntax error:  error: could not load module 'C:\Users\MARKEI~1\AppData\Local\Temp\asyprev_tvowmnov\r_86f8244971aa.asy' 
60d648ac-1419-43eb-a092-9c73796c8f82	24b70f3ab02a	;[asy]  ^ C:\Users\MARKEI~1\AppData\Local\Temp\asyprev_tvowmnov\r_24b70f3ab02a.asy: 1.2: syntax error:  error: could not load module 'C:\Users\MARKEI~1\AppData\Local\Temp\asyprev_tvowmnov\r_24b70f3ab02a.asy' 
60d84500-6348-4a7d-9859-fe1278b610b7	ce7a51e62863	;[asy]  ^ C:\Users\MARKEI~1\AppData\Local\Temp\asyprev_tvowmnov\r_ce7a51e62863.asy: 1.2: syntax error:  error: could not load module 'C:\Users\MARKEI~1\AppData\Local\Temp\asyprev_tvowmnov\r_ce7a51e62863.asy' 
61c8a651-8f2b-4820-afdd-367a3f08bf6c	6e810e98c2aa	;[asy]  ^ C:\Users\MARKEI~1\AppData\Local\Temp\asyprev_tvowmnov\r_6e810e98c2aa.asy: 1.2: syntax error:  error: could not load module 'C:\Users\MARKEI~1\AppData\Local\Temp\asyprev_tvowmnov\r_6e810e98c2aa.asy' 
610447a3-56ee-4229-aaf7-f8095fbdc08e	263c57608192	;[asy]  ^ C:\Users\MARKEI~1\AppData\Local\Temp\asyprev_tvowmnov\r_263c57608192.asy: 1.2: syntax error:  error: could not load module 'C:\Users\MARKEI~1\AppData\Local\Temp\asyprev_tvowmnov\r_263c57608192.asy' 
62eba5b2-2cd2-49b1-bbe3-e84c1f01f11d	28487c018868	;[asy]  ^ C:\Users\MARKEI~1\AppData\Local\Temp\asyprev_tvowmnov\r_28487c018868.asy: 1.2: syntax error:  error: could not load module 'C:\Users\MARKEI~1\AppData\Local\Temp\asyprev_tvowmnov\r_28487c018868.asy' 
63daa02e-0d90-4ecd-85af-624f195ef0d2	e1c9f7cf2030	;[asy]  ^ C:\Users\MARKEI~1\AppData\Local\Temp\asyprev_tvowmnov\r_e1c9f7cf2030.asy: 1.2: syntax error:  error: could not load module 'C:\Users\MARKEI~1\AppData\Local\Temp\asyprev_tvowmnov\r_e1c9f7cf2030.asy' 
64035a22-defa-49d4-9aed-84c01d8fc3a9	b61e652690b5	;[asy]  ^ C:\Users\MARKEI~1\AppData\Local\Temp\asyprev_tvowmnov\r_b61e652690b5.asy: 1.2: syntax error:  error: could not load module 'C:\Users\MARKEI~1\AppData\Local\Temp\asyprev_tvowmnov\r_b61e652690b5.asy' 
64334497-d953-4eea-8110-bca9077b4a5e	bf5d8b7d8844	[asy] ^ C:\Users\MARKEI~1\AppData\Local\Temp\asyprev_tvowmnov\r_bf5d8b7d8844.asy: 1.1: syntax error:  error: could not load module 'C:\Users\MARKEI~1\AppData\Local\Temp\asyprev_tvowmnov\r_bf5d8b7d8844.asy' 
64998a3e-ab64-474a-bf8d-185ba4ef4400	ef57cb239db6	;[asy]  ^ C:\Users\MARKEI~1\AppData\Local\Temp\asyprev_tvowmnov\r_ef57cb239db6.asy: 1.2: syntax error:  error: could not load module 'C:\Users\MARKEI~1\AppData\Local\Temp\asyprev_tvowmnov\r_ef57cb239db6.asy' 
64dd59d8-274e-4898-9426-943aa23ee1f7	f041be1e0cb0	;[asy]  ^ C:\Users\MARKEI~1\AppData\Local\Temp\asyprev_tvowmnov\r_f041be1e0cb0.asy: 1.2: syntax error:  error: could not load module 'C:\Users\MARKEI~1\AppData\Local\Temp\asyprev_tvowmnov\r_f041be1e0cb0.asy' 
64e4bb22-c2d5-4878-909a-25e5b1b4e849	4e2ff1ab13f5	;[asy]  ^ C:\Users\MARKEI~1\AppData\Local\Temp\asyprev_tvowmnov\r_4e2ff1ab13f5.asy: 1.2: syntax error:  error: could not load module 'C:\Users\MARKEI~1\AppData\Local\Temp\asyprev_tvowmnov\r_4e2ff1ab13f5.asy' 
65a9ca7c-4f0f-437b-b9bb-cf0ee8014139	8c1af919bb48	;[asy]  ^ C:\Users\MARKEI~1\AppData\Local\Temp\asyprev_tvowmnov\r_8c1af919bb48.asy: 1.2: syntax error:  error: could not load module 'C:\Users\MARKEI~1\AppData\Local\Temp\asyprev_tvowmnov\r_8c1af919bb48.asy' 
6606d7ae-9178-409d-9e11-a1a257107583	ad488536de53	;[asy]  ^ C:\Users\MARKEI~1\AppData\Local\Temp\asyprev_tvowmnov\r_ad488536de53.asy: 1.2: syntax error:  error: could not load module 'C:\Users\MARKEI~1\AppData\Local\Temp\asyprev_tvowmnov\r_ad488536de53.asy' 
661f4935-4dbe-428c-828d-191706ae5512	3a1686adedaf	;[asy]  ^ C:\Users\MARKEI~1\AppData\Local\Temp\asyprev_tvowmnov\r_3a1686adedaf.asy: 1.2: syntax error:  error: could not load module 'C:\Users\MARKEI~1\AppData\Local\Temp\asyprev_tvowmnov\r_3a1686adedaf.asy' 
665ac44f-2eb6-4457-8b14-d875f5477dc7	dc66a93043eb	;[asy]  ^ C:\Users\MARKEI~1\AppData\Local\Temp\asyprev_tvowmnov\r_dc66a93043eb.asy: 1.2: syntax error:  error: could not load module 'C:\Users\MARKEI~1\AppData\Local\Temp\asyprev_tvowmnov\r_dc66a93043eb.asy' 
6670a92c-ebad-4d8e-a217-ab870b48ed0b	c0c8a79909a2	;[asy]  ^ C:\Users\MARKEI~1\AppData\Local\Temp\asyprev_tvowmnov\r_c0c8a79909a2.asy: 1.2: syntax error:  error: could not load module 'C:\Users\MARKEI~1\AppData\Local\Temp\asyprev_tvowmnov\r_c0c8a79909a2.asy' 
66411e24-957c-4a4d-aaea-7f1f269becc3	3b5de3b3b33d	;[asy]  ^ C:\Users\MARKEI~1\AppData\Local\Temp\asyprev_tvowmnov\r_3b5de3b3b33d.asy: 1.2: syntax error:  error: could not load module 'C:\Users\MARKEI~1\AppData\Local\Temp\asyprev_tvowmnov\r_3b5de3b3b33d.asy' 
66d090f9-3f7e-43be-9f66-6bf48e353c3e	8950af9404f5	;[asy]  ^ C:\Users\MARKEI~1\AppData\Local\Temp\asyprev_tvowmnov\r_8950af9404f5.asy: 1.2: syntax error:  error: could not load module 'C:\Users\MARKEI~1\AppData\Local\Temp\asyprev_tvowmnov\r_8950af9404f5.asy' 
66b9b51e-77cf-4e6d-a8ce-ad10bef1fb3e	fe6022e40ced	;[asy]  ^ C:\Users\MARKEI~1\AppData\Local\Temp\asyprev_tvowmnov\r_fe6022e40ced.asy: 1.2: syntax error:  error: could not load module 'C:\Users\MARKEI~1\AppData\Local\Temp\asyprev_tvowmnov\r_fe6022e40ced.asy' 
66f772f5-d3c0-4497-9523-c58eea5ad35c	b7ec51274ac4	;[asy]  ^ C:\Users\MARKEI~1\AppData\Local\Temp\asyprev_tvowmnov\r_b7ec51274ac4.asy: 1.2: syntax error:  error: could not load module 'C:\Users\MARKEI~1\AppData\Local\Temp\asyprev_tvowmnov\r_b7ec51274ac4.asy' 
67481ee6-77ef-40c7-aad4-e3ab925c8696	911c53f05ab6	;[asy]  ^ C:\Users\MARKEI~1\AppData\Local\Temp\asyprev_tvowmnov\r_911c53f05ab6.asy: 1.2: syntax error:  error: could not load module 'C:\Users\MARKEI~1\AppData\Local\Temp\asyprev_tvowmnov\r_911c53f05ab6.asy' 
68e071bb-b3bb-4c9e-bf98-815388b904c5	f56e0486d0f0	;[asy]  ^ C:\Users\MARKEI~1\AppData\Local\Temp\asyprev_tvowmnov\r_f56e0486d0f0.asy: 1.2: syntax error:  error: could not load module 'C:\Users\MARKEI~1\AppData\Local\Temp\asyprev_tvowmnov\r_f56e0486d0f0.asy' 
69016de0-1f8c-4645-812a-6999285b5335	e7c2454561da	;[asy]  ^ C:\Users\MARKEI~1\AppData\Local\Temp\asyprev_tvowmnov\r_e7c2454561da.asy: 1.2: syntax error:  error: could not load module 'C:\Users\MARKEI~1\AppData\Local\Temp\asyprev_tvowmnov\r_e7c2454561da.asy' 
699fe5c6-c011-4034-85b8-c38abfb86280	8a53cb699d30	;[asy]  ^ C:\Users\MARKEI~1\AppData\Local\Temp\asyprev_tvowmnov\r_8a53cb699d30.asy: 1.2: syntax error:  error: could not load module 'C:\Users\MARKEI~1\AppData\Local\Temp\asyprev_tvowmnov\r_8a53cb699d30.asy' 
6a7c8f35-6105-4607-93f0-705b4d64161a	aa5a9d92ea9b	;[asy]  ^ C:\Users\MARKEI~1\AppData\Local\Temp\asyprev_tvowmnov\r_aa5a9d92ea9b.asy: 1.2: syntax error:  error: could not load module 'C:\Users\MARKEI~1\AppData\Local\Temp\asyprev_tvowmnov\r_aa5a9d92ea9b.asy' 
6b377d57-65b0-4c44-8690-0d6bec8a4e69	46b3e6b6e8ce	;[asy]  ^ C:\Users\MARKEI~1\AppData\Local\Temp\asyprev_tvowmnov\r_46b3e6b6e8ce.asy: 1.2: syntax error:  error: could not load module 'C:\Users\MARKEI~1\AppData\Local\Temp\asyprev_tvowmnov\r_46b3e6b6e8ce.asy' 
6c4049be-d26b-4d4a-8d01-4a25e4163716	b0bfdece8815	;[asy]  ^ C:\Users\MARKEI~1\AppData\Local\Temp\asyprev_tvowmnov\r_b0bfdece8815.asy: 1.2: syntax error:  error: could not load module 'C:\Users\MARKEI~1\AppData\Local\Temp\asyprev_tvowmnov\r_b0bfdece8815.asy' 
6d756aa5-85d1-416a-94f1-91ed9efd3aab	9eac8da69480	;[asy]  ^ C:\Users\MARKEI~1\AppData\Local\Temp\asyprev_tvowmnov\r_9eac8da69480.asy: 1.2: syntax error:  error: could not load module 'C:\Users\MARKEI~1\AppData\Local\Temp\asyprev_tvowmnov\r_9eac8da69480.asy' 
6de7ca11-d438-4b89-bae5-befd0d43aa80	01285af7efa2	;[asy]  ^ C:\Users\MARKEI~1\AppData\Local\Temp\asyprev_tvowmnov\r_01285af7efa2.asy: 1.2: syntax error:  error: could not load module 'C:\Users\MARKEI~1\AppData\Local\Temp\asyprev_tvowmnov\r_01285af7efa2.asy' 
6dc17a09-3285-46b1-a608-be2da5fcbed7	c8ef32661fa8	;[asy]  ^ C:\Users\MARKEI~1\AppData\Local\Temp\asyprev_tvowmnov\r_c8ef32661fa8.asy: 1.2: syntax error:  error: could not load module 'C:\Users\MARKEI~1\AppData\Local\Temp\asyprev_tvowmnov\r_c8ef32661fa8.asy' 
6df40848-4431-4eb4-b8c3-d713194246dd	05108d4ce97b	[asy] ^ C:\Users\MARKEI~1\AppData\Local\Temp\asyprev_tvowmnov\r_05108d4ce97b.asy: 1.1: syntax error:  error: could not load module 'C:\Users\MARKEI~1\AppData\Local\Temp\asyprev_tvowmnov\r_05108d4ce97b.asy' 
6e6f1adb-b554-4495-83d2-675bbdb81a18	08099d365fc1	;[asy]  ^ C:\Users\MARKEI~1\AppData\Local\Temp\asyprev_tvowmnov\r_08099d365fc1.asy: 1.2: syntax error:  error: could not load module 'C:\Users\MARKEI~1\AppData\Local\Temp\asyprev_tvowmnov\r_08099d365fc1.asy' 
6f321f3d-7796-45cb-89e0-d8581f558071	381b3625db2e	[asy] ^ C:\Users\MARKEI~1\AppData\Local\Temp\asyprev_tvowmnov\r_381b3625db2e.asy: 1.1: syntax error:  error: could not load module 'C:\Users\MARKEI~1\AppData\Local\Temp\asyprev_tvowmnov\r_381b3625db2e.asy' 
6f3725a7-3de2-4c61-8be2-e2af8dfba663	ff739bef063a	;[asy]  ^ C:\Users\MARKEI~1\AppData\Local\Temp\asyprev_tvowmnov\r_ff739bef063a.asy: 1.2: syntax error:  error: could not load module 'C:\Users\MARKEI~1\AppData\Local\Temp\asyprev_tvowmnov\r_ff739bef063a.asy' 
712f855b-64b5-487f-b300-dfea0b9de8ed	028819cf9e3f	;[asy]  ^ C:\Users\MARKEI~1\AppData\Local\Temp\asyprev_tvowmnov\r_028819cf9e3f.asy: 1.2: syntax error:  error: could not load module 'C:\Users\MARKEI~1\AppData\Local\Temp\asyprev_tvowmnov\r_028819cf9e3f.asy' 
70e4abf7-ed32-4ebd-bf2e-c3b05d278eaf	91d52222caba	;[asy]  ^ C:\Users\MARKEI~1\AppData\Local\Temp\asyprev_tvowmnov\r_91d52222caba.asy: 1.2: syntax error:  error: could not load module 'C:\Users\MARKEI~1\AppData\Local\Temp\asyprev_tvowmnov\r_91d52222caba.asy' 
71708ec7-f79e-4863-9760-146a955c0d65	b3a86b477a0b	[asy] ^ C:\Users\MARKEI~1\AppData\Local\Temp\asyprev_tvowmnov\r_b3a86b477a0b.asy: 1.1: syntax error:  error: could not load module 'C:\Users\MARKEI~1\AppData\Local\Temp\asyprev_tvowmnov\r_b3a86b477a0b.asy' 
71d071a6-d09b-4a74-ab19-6175034e5b7b	6f2ccac332c1	[asy] ^ C:\Users\MARKEI~1\AppData\Local\Temp\asyprev_tvowmnov\r_6f2ccac332c1.asy: 1.1: syntax error:  error: could not load module 'C:\Users\MARKEI~1\AppData\Local\Temp\asyprev_tvowmnov\r_6f2ccac332c1.asy' 
72f29b5f-b7a2-4414-b3e6-3f9380b1bb5f	ec562b43ef8a	[asy] ^ C:\Users\MARKEI~1\AppData\Local\Temp\asyprev_tvowmnov\r_ec562b43ef8a.asy: 1.1: syntax error:  error: could not load module 'C:\Users\MARKEI~1\AppData\Local\Temp\asyprev_tvowmnov\r_ec562b43ef8a.asy' 
7312ecc4-3365-43f1-be0f-8f1e95510dfe	a5ecb6e329fc	[asy] ^ C:\Users\MARKEI~1\AppData\Local\Temp\asyprev_tvowmnov\r_a5ecb6e329fc.asy: 1.1: syntax error:  error: could not load module 'C:\Users\MARKEI~1\AppData\Local\Temp\asyprev_tvowmnov\r_a5ecb6e329fc.asy' 
7354fc49-549a-4cbf-8ccc-d9f167742b92	55ff5d2756dd	;[asy]  ^ C:\Users\MARKEI~1\AppData\Local\Temp\asyprev_tvowmnov\r_55ff5d2756dd.asy: 1.2: syntax error:  error: could not load module 'C:\Users\MARKEI~1\AppData\Local\Temp\asyprev_tvowmnov\r_55ff5d2756dd.asy' 
7356a5bb-2b5f-4165-99d8-8b236062855a	08a09d41c7af	;[asy]  ^ C:\Users\MARKEI~1\AppData\Local\Temp\asyprev_tvowmnov\r_08a09d41c7af.asy: 1.2: syntax error:  error: could not load module 'C:\Users\MARKEI~1\AppData\Local\Temp\asyprev_tvowmnov\r_08a09d41c7af.asy' 
738872b8-a845-4a6c-8668-b3aae598c888	5bcd9686ef72	;[asy]  ^ C:\Users\MARKEI~1\AppData\Local\Temp\asyprev_tvowmnov\r_5bcd9686ef72.asy: 1.2: syntax error:  error: could not load module 'C:\Users\MARKEI~1\AppData\Local\Temp\asyprev_tvowmnov\r_5bcd9686ef72.asy' 
73b9a6ff-4f56-4554-988c-f4555d9b241b	d3e5dc0b4b01	;[asy]  ^ C:\Users\MARKEI~1\AppData\Local\Temp\asyprev_tvowmnov\r_d3e5dc0b4b01.asy: 1.2: syntax error:  error: could not load module 'C:\Users\MARKEI~1\AppData\Local\Temp\asyprev_tvowmnov\r_d3e5dc0b4b01.asy' 
74129125-9a9d-48a3-af10-74f35d9062b9	eb7878a982c9	;[asy]  ^ C:\Users\MARKEI~1\AppData\Local\Temp\asyprev_tvowmnov\r_eb7878a982c9.asy: 1.2: syntax error:  error: could not load module 'C:\Users\MARKEI~1\AppData\Local\Temp\asyprev_tvowmnov\r_eb7878a982c9.asy' 
74e22698-0160-4b61-839e-d7ea9f66707c	482255034ba1	;[asy]  ^ C:\Users\MARKEI~1\AppData\Local\Temp\asyprev_tvowmnov\r_482255034ba1.asy: 1.2: syntax error:  error: could not load module 'C:\Users\MARKEI~1\AppData\Local\Temp\asyprev_tvowmnov\r_482255034ba1.asy' 
753ee4df-99db-4e20-994b-5c6e24e0f2bd	e2d2740e21f4	;[asy]  ^ C:\Users\MARKEI~1\AppData\Local\Temp\asyprev_tvowmnov\r_e2d2740e21f4.asy: 1.2: syntax error:  error: could not load module 'C:\Users\MARKEI~1\AppData\Local\Temp\asyprev_tvowmnov\r_e2d2740e21f4.asy' 
75fa01e1-b63c-4a13-989f-53ebcea4c771	2c6b1ba99f23	;[asy]  ^ C:\Users\MARKEI~1\AppData\Local\Temp\asyprev_tvowmnov\r_2c6b1ba99f23.asy: 1.2: syntax error:  error: could not load module 'C:\Users\MARKEI~1\AppData\Local\Temp\asyprev_tvowmnov\r_2c6b1ba99f23.asy' 
7624deb9-2ef2-473e-b48d-0976de7c638b	5a7bee724d1d	;[asy]  ^ C:\Users\MARKEI~1\AppData\Local\Temp\asyprev_tvowmnov\r_5a7bee724d1d.asy: 1.2: syntax error:  error: could not load module 'C:\Users\MARKEI~1\AppData\Local\Temp\asyprev_tvowmnov\r_5a7bee724d1d.asy' 
76d29269-06e5-434d-9451-539c5f0594e1	7a9d9efb9672	[asy] ^ C:\Users\MARKEI~1\AppData\Local\Temp\asyprev_tvowmnov\r_7a9d9efb9672.asy: 1.1: syntax error:  error: could not load module 'C:\Users\MARKEI~1\AppData\Local\Temp\asyprev_tvowmnov\r_7a9d9efb9672.asy' 
77f35f1b-e29c-4203-bc38-9d8fac6349d9	dbe8d9459d28	;[asy]  ^ C:\Users\MARKEI~1\AppData\Local\Temp\asyprev_tvowmnov\r_dbe8d9459d28.asy: 1.2: syntax error:  error: could not load module 'C:\Users\MARKEI~1\AppData\Local\Temp\asyprev_tvowmnov\r_dbe8d9459d28.asy' 
787b4fef-9432-4f80-93a3-09ffddb0f332	504d815ba107	;[asy]  ^ C:\Users\MARKEI~1\AppData\Local\Temp\asyprev_tvowmnov\r_504d815ba107.asy: 1.2: syntax error:  error: could not load module 'C:\Users\MARKEI~1\AppData\Local\Temp\asyprev_tvowmnov\r_504d815ba107.asy' 
78df0f89-d914-413c-b498-f38c7105328d	4f0fc415c77a	;[asy]  ^ C:\Users\MARKEI~1\AppData\Local\Temp\asyprev_tvowmnov\r_4f0fc415c77a.asy: 1.2: syntax error:  error: could not load module 'C:\Users\MARKEI~1\AppData\Local\Temp\asyprev_tvowmnov\r_4f0fc415c77a.asy' 
7909a90f-caca-490a-ac89-6d2025ebb921	0f4a82bc93a3	;[asy]  ^ C:\Users\MARKEI~1\AppData\Local\Temp\asyprev_tvowmnov\r_0f4a82bc93a3.asy: 1.2: syntax error:  error: could not load module 'C:\Users\MARKEI~1\AppData\Local\Temp\asyprev_tvowmnov\r_0f4a82bc93a3.asy' 
79746bd6-6d90-4c5c-bb22-2b6283edad6b	9595ca4dc337	[asy] ^ C:\Users\MARKEI~1\AppData\Local\Temp\asyprev_tvowmnov\r_9595ca4dc337.asy: 1.1: syntax error:  error: could not load module 'C:\Users\MARKEI~1\AppData\Local\Temp\asyprev_tvowmnov\r_9595ca4dc337.asy' 
7a56abd2-cf39-40f9-a78a-b5c52a8900de	96cd66ade740	;[asy]  ^ C:\Users\MARKEI~1\AppData\Local\Temp\asyprev_tvowmnov\r_96cd66ade740.asy: 1.2: syntax error:  error: could not load module 'C:\Users\MARKEI~1\AppData\Local\Temp\asyprev_tvowmnov\r_96cd66ade740.asy' 
7a6a9e8a-1316-4fcf-87c2-5cee94c9ddb8	6e1fe17152e2	;[asy]  ^ C:\Users\MARKEI~1\AppData\Local\Temp\asyprev_tvowmnov\r_6e1fe17152e2.asy: 1.2: syntax error:  error: could not load module 'C:\Users\MARKEI~1\AppData\Local\Temp\asyprev_tvowmnov\r_6e1fe17152e2.asy' 
7b9aeece-d242-4a40-8527-842b0ded03de	cde20d036fdc	[asy] ^ C:\Users\MARKEI~1\AppData\Local\Temp\asyprev_tvowmnov\r_cde20d036fdc.asy: 1.1: syntax error:  error: could not load module 'C:\Users\MARKEI~1\AppData\Local\Temp\asyprev_tvowmnov\r_cde20d036fdc.asy' 
7ba3e42a-e2a8-4ae3-97bd-5b67488bf238	afdd85b45d36	;[asy]  ^ C:\Users\MARKEI~1\AppData\Local\Temp\asyprev_tvowmnov\r_afdd85b45d36.asy: 1.2: syntax error:  error: could not load module 'C:\Users\MARKEI~1\AppData\Local\Temp\asyprev_tvowmnov\r_afdd85b45d36.asy' 
7c3a0aee-44fd-4a21-b335-fc965bb58a90	da5598d92bef	;[asy]  ^ C:\Users\MARKEI~1\AppData\Local\Temp\asyprev_tvowmnov\r_da5598d92bef.asy: 1.2: syntax error:  error: could not load module 'C:\Users\MARKEI~1\AppData\Local\Temp\asyprev_tvowmnov\r_da5598d92bef.asy' 
7c3fa930-a4a6-402b-a5f5-f5d491da7418	d7b7dc4d9130	;[asy]  ^ C:\Users\MARKEI~1\AppData\Local\Temp\asyprev_tvowmnov\r_d7b7dc4d9130.asy: 1.2: syntax error:  error: could not load module 'C:\Users\MARKEI~1\AppData\Local\Temp\asyprev_tvowmnov\r_d7b7dc4d9130.asy' 
7d4dda0a-11ec-4ced-b476-2050e0de620f	6ccbcaaf28a0	;[asy]  ^ C:\Users\MARKEI~1\AppData\Local\Temp\asyprev_tvowmnov\r_6ccbcaaf28a0.asy: 1.2: syntax error:  error: could not load module 'C:\Users\MARKEI~1\AppData\Local\Temp\asyprev_tvowmnov\r_6ccbcaaf28a0.asy' 
7d60ad25-f854-44cc-89cc-1084c627113e	07494e7b85f2	;[asy]  ^ C:\Users\MARKEI~1\AppData\Local\Temp\asyprev_tvowmnov\r_07494e7b85f2.asy: 1.2: syntax error:  error: could not load module 'C:\Users\MARKEI~1\AppData\Local\Temp\asyprev_tvowmnov\r_07494e7b85f2.asy' 
7d9e7e5e-0069-4373-b689-7255088a10a2	b797a0377a82	;[asy]  ^ C:\Users\MARKEI~1\AppData\Local\Temp\asyprev_tvowmnov\r_b797a0377a82.asy: 1.2: syntax error:  error: could not load module 'C:\Users\MARKEI~1\AppData\Local\Temp\asyprev_tvowmnov\r_b797a0377a82.asy' 
7da9a67d-610f-4531-9999-6a2d20a39c33	7e9ce268b675	[asy] ^ C:\Users\MARKEI~1\AppData\Local\Temp\asyprev_tvowmnov\r_7e9ce268b675.asy: 1.1: syntax error:  error: could not load module 'C:\Users\MARKEI~1\AppData\Local\Temp\asyprev_tvowmnov\r_7e9ce268b675.asy' 
7dab4140-a491-4141-affb-6ea505be507c	4c5223a5e070	;[asy]  ^ C:\Users\MARKEI~1\AppData\Local\Temp\asyprev_tvowmnov\r_4c5223a5e070.asy: 1.2: syntax error:  error: could not load module 'C:\Users\MARKEI~1\AppData\Local\Temp\asyprev_tvowmnov\r_4c5223a5e070.asy' 
7de2f247-50ab-41f8-b90b-c4f8b6949c30	7fb13856305e	;[asy]  ^ C:\Users\MARKEI~1\AppData\Local\Temp\asyprev_tvowmnov\r_7fb13856305e.asy: 1.2: syntax error:  error: could not load module 'C:\Users\MARKEI~1\AppData\Local\Temp\asyprev_tvowmnov\r_7fb13856305e.asy' 
7f47c36e-339e-4bd1-96bc-b0925f2df8a8	6d27fe234d85	[asy] ^ C:\Users\MARKEI~1\AppData\Local\Temp\asyprev_tvowmnov\r_6d27fe234d85.asy: 1.1: syntax error:  error: could not load module 'C:\Users\MARKEI~1\AppData\Local\Temp\asyprev_tvowmnov\r_6d27fe234d85.asy' 
7ff67649-e505-4a0c-a42c-22c1aaecfba5	5bc99976c264	[asy] ^ C:\Users\MARKEI~1\AppData\Local\Temp\asyprev_tvowmnov\r_5bc99976c264.asy: 1.1: syntax error:  error: could not load module 'C:\Users\MARKEI~1\AppData\Local\Temp\asyprev_tvowmnov\r_5bc99976c264.asy' 
8012e586-0442-4146-886c-f9c1f765ca8d	3b8234d5796e	;[asy]  ^ C:\Users\MARKEI~1\AppData\Local\Temp\asyprev_tvowmnov\r_3b8234d5796e.asy: 1.2: syntax error:  error: could not load module 'C:\Users\MARKEI~1\AppData\Local\Temp\asyprev_tvowmnov\r_3b8234d5796e.asy' 
80541673-e2dc-471a-a474-c1b56df04057	217f10ebde01	;[asy]  ^ C:\Users\MARKEI~1\AppData\Local\Temp\asyprev_tvowmnov\r_217f10ebde01.asy: 1.2: syntax error:  error: could not load module 'C:\Users\MARKEI~1\AppData\Local\Temp\asyprev_tvowmnov\r_217f10ebde01.asy' 
8076b917-5595-41f8-b3ed-868912c585a3	c29e949cc648	;[asy]  ^ C:\Users\MARKEI~1\AppData\Local\Temp\asyprev_tvowmnov\r_c29e949cc648.asy: 1.2: syntax error:  error: could not load module 'C:\Users\MARKEI~1\AppData\Local\Temp\asyprev_tvowmnov\r_c29e949cc648.asy' 
809ac6a9-e681-4535-864b-d290c2c25734	af8825c39269	;[asy]  ^ C:\Users\MARKEI~1\AppData\Local\Temp\asyprev_tvowmnov\r_af8825c39269.asy: 1.2: syntax error:  error: could not load module 'C:\Users\MARKEI~1\AppData\Local\Temp\asyprev_tvowmnov\r_af8825c39269.asy' 
81c5af84-4bc6-4486-9e42-bfc32fbcd389	29bba08a7d69	;[asy]  ^ C:\Users\MARKEI~1\AppData\Local\Temp\asyprev_tvowmnov\r_29bba08a7d69.asy: 1.2: syntax error:  error: could not load module 'C:\Users\MARKEI~1\AppData\Local\Temp\asyprev_tvowmnov\r_29bba08a7d69.asy' 
82195b9a-3b44-49ae-b6fa-2b38c0613b3c	b918144599ae	;[asy]  ^ C:\Users\MARKEI~1\AppData\Local\Temp\asyprev_tvowmnov\r_b918144599ae.asy: 1.2: syntax error:  error: could not load module 'C:\Users\MARKEI~1\AppData\Local\Temp\asyprev_tvowmnov\r_b918144599ae.asy' 
822a19e3-b941-427f-ac20-f54da86754eb	1dc692de88a6	;[asy]  ^ C:\Users\MARKEI~1\AppData\Local\Temp\asyprev_tvowmnov\r_1dc692de88a6.asy: 1.2: syntax error:  error: could not load module 'C:\Users\MARKEI~1\AppData\Local\Temp\asyprev_tvowmnov\r_1dc692de88a6.asy' 
822e8d66-6af2-4e7b-b27d-c9a0e5a1d448	e8def8816c98	;[asy]  ^ C:\Users\MARKEI~1\AppData\Local\Temp\asyprev_tvowmnov\r_e8def8816c98.asy: 1.2: syntax error:  error: could not load module 'C:\Users\MARKEI~1\AppData\Local\Temp\asyprev_tvowmnov\r_e8def8816c98.asy' 
82b3bad1-6345-4dfa-a47d-f8f3ac5fc6c2	ba70e07adfdf	;[asy]  ^ C:\Users\MARKEI~1\AppData\Local\Temp\asyprev_tvowmnov\r_ba70e07adfdf.asy: 1.2: syntax error:  error: could not load module 'C:\Users\MARKEI~1\AppData\Local\Temp\asyprev_tvowmnov\r_ba70e07adfdf.asy' 
835f7f0e-88f6-47c7-87d0-4c441f2b8f96	13518cbf0cd7	[asy] ^ C:\Users\MARKEI~1\AppData\Local\Temp\asyprev_tvowmnov\r_13518cbf0cd7.asy: 1.1: syntax error:  error: could not load module 'C:\Users\MARKEI~1\AppData\Local\Temp\asyprev_tvowmnov\r_13518cbf0cd7.asy' 
842a3345-8a39-4e9c-b2d2-931695e92d05	be18d8c93384	[asy] ^ C:\Users\MARKEI~1\AppData\Local\Temp\asyprev_tvowmnov\r_be18d8c93384.asy: 1.1: syntax error:  error: could not load module 'C:\Users\MARKEI~1\AppData\Local\Temp\asyprev_tvowmnov\r_be18d8c93384.asy' 
847a8da6-2984-46c2-bbfe-2c5e8bfa4c55	bfc61705edfa	;[asy]  ^ C:\Users\MARKEI~1\AppData\Local\Temp\asyprev_tvowmnov\r_bfc61705edfa.asy: 1.2: syntax error:  error: could not load module 'C:\Users\MARKEI~1\AppData\Local\Temp\asyprev_tvowmnov\r_bfc61705edfa.asy' 
8492b6ea-3593-4100-84cc-9ad13a936e75	f8540f730075	;[asy]  ^ C:\Users\MARKEI~1\AppData\Local\Temp\asyprev_tvowmnov\r_f8540f730075.asy: 1.2: syntax error:  error: could not load module 'C:\Users\MARKEI~1\AppData\Local\Temp\asyprev_tvowmnov\r_f8540f730075.asy' 
84fc833b-f054-44b5-9241-2e26d7d116a1	13bedbdc7267	[asy] ^ C:\Users\MARKEI~1\AppData\Local\Temp\asyprev_tvowmnov\r_13bedbdc7267.asy: 1.1: syntax error:  error: could not load module 'C:\Users\MARKEI~1\AppData\Local\Temp\asyprev_tvowmnov\r_13bedbdc7267.asy' 
8647bed5-bb7b-4f04-9cf2-9dfefd3676eb	983f28c876b1	;[asy]  ^ C:\Users\MARKEI~1\AppData\Local\Temp\asyprev_tvowmnov\r_983f28c876b1.asy: 1.2: syntax error:  error: could not load module 'C:\Users\MARKEI~1\AppData\Local\Temp\asyprev_tvowmnov\r_983f28c876b1.asy' 
865a636a-0273-41ef-81fd-df2a294a0527	b7da8dfbbf9a	;[asy]  ^ C:\Users\MARKEI~1\AppData\Local\Temp\asyprev_tvowmnov\r_b7da8dfbbf9a.asy: 1.2: syntax error:  error: could not load module 'C:\Users\MARKEI~1\AppData\Local\Temp\asyprev_tvowmnov\r_b7da8dfbbf9a.asy' 
86977567-e610-42a5-a56b-12cf1e9715df	9ea51e383e00	;[asy]  ^ C:\Users\MARKEI~1\AppData\Local\Temp\asyprev_tvowmnov\r_9ea51e383e00.asy: 1.2: syntax error:  error: could not load module 'C:\Users\MARKEI~1\AppData\Local\Temp\asyprev_tvowmnov\r_9ea51e383e00.asy' 
87255dc2-98d0-4527-a298-00fe549424dc	10f35e3b7c8d	;[asy]  ^ C:\Users\MARKEI~1\AppData\Local\Temp\asyprev_tvowmnov\r_10f35e3b7c8d.asy: 1.2: syntax error:  error: could not load module 'C:\Users\MARKEI~1\AppData\Local\Temp\asyprev_tvowmnov\r_10f35e3b7c8d.asy' 
87a8396f-287c-432f-802c-0f76d5054e86	3a3f75311243	[asy] ^ C:\Users\MARKEI~1\AppData\Local\Temp\asyprev_tvowmnov\r_3a3f75311243.asy: 1.1: syntax error:  error: could not load module 'C:\Users\MARKEI~1\AppData\Local\Temp\asyprev_tvowmnov\r_3a3f75311243.asy' 
87b69281-2234-4ce5-9718-e284db5f5df4	b7297a6429d5	[asy] ^ C:\Users\MARKEI~1\AppData\Local\Temp\asyprev_tvowmnov\r_b7297a6429d5.asy: 1.1: syntax error:  error: could not load module 'C:\Users\MARKEI~1\AppData\Local\Temp\asyprev_tvowmnov\r_b7297a6429d5.asy' 
889e53a8-afac-4913-bbad-f3d883565b7b	9e48f37d1989	;[asy]  ^ C:\Users\MARKEI~1\AppData\Local\Temp\asyprev_tvowmnov\r_9e48f37d1989.asy: 1.2: syntax error:  error: could not load module 'C:\Users\MARKEI~1\AppData\Local\Temp\asyprev_tvowmnov\r_9e48f37d1989.asy' 
8957b789-3705-4a62-a76e-2c002f3d9ec5	ea4613a20a8f	;[asy]  ^ C:\Users\MARKEI~1\AppData\Local\Temp\asyprev_tvowmnov\r_ea4613a20a8f.asy: 1.2: syntax error:  error: could not load module 'C:\Users\MARKEI~1\AppData\Local\Temp\asyprev_tvowmnov\r_ea4613a20a8f.asy' 
89eaf45a-c832-490d-a142-8a216ff071e0	9dcbc27e8d5e	;[asy]  ^ C:\Users\MARKEI~1\AppData\Local\Temp\asyprev_tvowmnov\r_9dcbc27e8d5e.asy: 1.2: syntax error:  error: could not load module 'C:\Users\MARKEI~1\AppData\Local\Temp\asyprev_tvowmnov\r_9dcbc27e8d5e.asy' 
89ece392-edb6-42f5-a556-ecb5cc89866d	e8b59587c21a	;[asy]  ^ C:\Users\MARKEI~1\AppData\Local\Temp\asyprev_tvowmnov\r_e8b59587c21a.asy: 1.2: syntax error:  error: could not load module 'C:\Users\MARKEI~1\AppData\Local\Temp\asyprev_tvowmnov\r_e8b59587c21a.asy' 
8a0cba9a-3d2e-450a-b753-8e44482f2ee8	a343ed69e2a4	;[asy]  ^ C:\Users\MARKEI~1\AppData\Local\Temp\asyprev_tvowmnov\r_a343ed69e2a4.asy: 1.2: syntax error:  error: could not load module 'C:\Users\MARKEI~1\AppData\Local\Temp\asyprev_tvowmnov\r_a343ed69e2a4.asy' 
8a68fbb6-dca8-4fa2-9239-eb2805e9d149	8d5f7bab5869	;[asy]  ^ C:\Users\MARKEI~1\AppData\Local\Temp\asyprev_tvowmnov\r_8d5f7bab5869.asy: 1.2: syntax error:  error: could not load module 'C:\Users\MARKEI~1\AppData\Local\Temp\asyprev_tvowmnov\r_8d5f7bab5869.asy' 
8b129148-cd31-4402-881e-39d0e8812d3d	e8db0530d18e	;[asy]  ^ C:\Users\MARKEI~1\AppData\Local\Temp\asyprev_tvowmnov\r_e8db0530d18e.asy: 1.2: syntax error:  error: could not load module 'C:\Users\MARKEI~1\AppData\Local\Temp\asyprev_tvowmnov\r_e8db0530d18e.asy' 
8ba86a63-e19c-4d63-bc17-31bd59569d4f	51945d8686e0	;[asy]  ^ C:\Users\MARKEI~1\AppData\Local\Temp\asyprev_tvowmnov\r_51945d8686e0.asy: 1.2: syntax error:  error: could not load module 'C:\Users\MARKEI~1\AppData\Local\Temp\asyprev_tvowmnov\r_51945d8686e0.asy' 
8babd064-73b7-4ffb-a238-0912eee85ff2	894819c56ba0	;[asy]  ^ C:\Users\MARKEI~1\AppData\Local\Temp\asyprev_tvowmnov\r_894819c56ba0.asy: 1.2: syntax error:  error: could not load module 'C:\Users\MARKEI~1\AppData\Local\Temp\asyprev_tvowmnov\r_894819c56ba0.asy' 
8c9a5a4a-1f46-4437-9614-80401dfb07ca	64ead4c7510e	;[asy]  ^ C:\Users\MARKEI~1\AppData\Local\Temp\asyprev_tvowmnov\r_64ead4c7510e.asy: 1.2: syntax error:  error: could not load module 'C:\Users\MARKEI~1\AppData\Local\Temp\asyprev_tvowmnov\r_64ead4c7510e.asy' 
8ceaf773-8097-4231-88bf-820b44f780aa	beddc852d131	[asy] ^ C:\Users\MARKEI~1\AppData\Local\Temp\asyprev_tvowmnov\r_beddc852d131.asy: 1.1: syntax error:  error: could not load module 'C:\Users\MARKEI~1\AppData\Local\Temp\asyprev_tvowmnov\r_beddc852d131.asy' 
8dc038ae-9342-4c26-9b86-acd9a9a4aabc	a8353d72e196	;[asy]  ^ C:\Users\MARKEI~1\AppData\Local\Temp\asyprev_tvowmnov\r_a8353d72e196.asy: 1.2: syntax error:  error: could not load module 'C:\Users\MARKEI~1\AppData\Local\Temp\asyprev_tvowmnov\r_a8353d72e196.asy' 
8dd1b9ae-0db4-409d-a0ca-e4e5f2498701	ed68be67d63e	;[asy]  ^ C:\Users\MARKEI~1\AppData\Local\Temp\asyprev_tvowmnov\r_ed68be67d63e.asy: 1.2: syntax error:  error: could not load module 'C:\Users\MARKEI~1\AppData\Local\Temp\asyprev_tvowmnov\r_ed68be67d63e.asy' 
8e1b0cc5-8074-4af5-bd2a-fedf375f0a82	7362b788998e	;[asy]  ^ C:\Users\MARKEI~1\AppData\Local\Temp\asyprev_tvowmnov\r_7362b788998e.asy: 1.2: syntax error:  error: could not load module 'C:\Users\MARKEI~1\AppData\Local\Temp\asyprev_tvowmnov\r_7362b788998e.asy' 
8e3cc95a-f7af-4d65-bb04-5b44d6534c7a	da5af2ed2b68	;[asy]  ^ C:\Users\MARKEI~1\AppData\Local\Temp\asyprev_tvowmnov\r_da5af2ed2b68.asy: 1.2: syntax error:  error: could not load module 'C:\Users\MARKEI~1\AppData\Local\Temp\asyprev_tvowmnov\r_da5af2ed2b68.asy' 
8e4e1c2f-a13e-429b-a93e-d248246df1a8	12b4e178c6df	[asy] ^ C:\Users\MARKEI~1\AppData\Local\Temp\asyprev_tvowmnov\r_12b4e178c6df.asy: 1.1: syntax error:  error: could not load module 'C:\Users\MARKEI~1\AppData\Local\Temp\asyprev_tvowmnov\r_12b4e178c6df.asy' 
8e991499-7562-4044-bc5e-c8e9f63d9d07	d0c9201e4cb9	;[asy]  ^ C:\Users\MARKEI~1\AppData\Local\Temp\asyprev_tvowmnov\r_d0c9201e4cb9.asy: 1.2: syntax error:  error: could not load module 'C:\Users\MARKEI~1\AppData\Local\Temp\asyprev_tvowmnov\r_d0c9201e4cb9.asy' 
8fccba52-1c8b-4241-b8a6-2ec53eb8aadf	a00b9992d097	;[asy]  ^ C:\Users\MARKEI~1\AppData\Local\Temp\asyprev_tvowmnov\r_a00b9992d097.asy: 1.2: syntax error:  error: could not load module 'C:\Users\MARKEI~1\AppData\Local\Temp\asyprev_tvowmnov\r_a00b9992d097.asy' 
903041cb-01b7-4655-9014-fe6ef14e5456	cf97efd0d228	;[asy]  ^ C:\Users\MARKEI~1\AppData\Local\Temp\asyprev_tvowmnov\r_cf97efd0d228.asy: 1.2: syntax error:  error: could not load module 'C:\Users\MARKEI~1\AppData\Local\Temp\asyprev_tvowmnov\r_cf97efd0d228.asy' 
90d15421-da41-41ae-80ae-5617d99d958c	df9e88fcf533	;[asy]  ^ C:\Users\MARKEI~1\AppData\Local\Temp\asyprev_tvowmnov\r_df9e88fcf533.asy: 1.2: syntax error:  error: could not load module 'C:\Users\MARKEI~1\AppData\Local\Temp\asyprev_tvowmnov\r_df9e88fcf533.asy' 
91aedf33-3e8a-4edb-ab8a-4c172d8b1b96	911018d394b1	[asy] ^ C:\Users\MARKEI~1\AppData\Local\Temp\asyprev_tvowmnov\r_911018d394b1.asy: 1.1: syntax error:  error: could not load module 'C:\Users\MARKEI~1\AppData\Local\Temp\asyprev_tvowmnov\r_911018d394b1.asy' 
91fe2a30-4fc4-4db1-a3d8-2a6f832fdbee	cdb6207be8e1	[asy] ^ C:\Users\MARKEI~1\AppData\Local\Temp\asyprev_tvowmnov\r_cdb6207be8e1.asy: 1.1: syntax error:  error: could not load module 'C:\Users\MARKEI~1\AppData\Local\Temp\asyprev_tvowmnov\r_cdb6207be8e1.asy' 
91f28e7f-1238-4f44-8122-ac1bc390f79f	62e1fe863ff4	[asy] ^ C:\Users\MARKEI~1\AppData\Local\Temp\asyprev_tvowmnov\r_62e1fe863ff4.asy: 1.1: syntax error:  error: could not load module 'C:\Users\MARKEI~1\AppData\Local\Temp\asyprev_tvowmnov\r_62e1fe863ff4.asy' 
9324e9ee-2f0e-44ca-a091-632f6d6af31a	9a7cc6a54a20	[asy] ^ C:\Users\MARKEI~1\AppData\Local\Temp\asyprev_tvowmnov\r_9a7cc6a54a20.asy: 1.1: syntax error:  error: could not load module 'C:\Users\MARKEI~1\AppData\Local\Temp\asyprev_tvowmnov\r_9a7cc6a54a20.asy' 
925e660e-4d24-425c-9c0c-892e9d46946b	6a3edf57116a	;[asy]  ^ C:\Users\MARKEI~1\AppData\Local\Temp\asyprev_tvowmnov\r_6a3edf57116a.asy: 1.2: syntax error:  error: could not load module 'C:\Users\MARKEI~1\AppData\Local\Temp\asyprev_tvowmnov\r_6a3edf57116a.asy' 
937e900a-746a-4b9b-9889-dcbb6f795497	76d2dc9c5c63	;[asy]  ^ C:\Users\MARKEI~1\AppData\Local\Temp\asyprev_tvowmnov\r_76d2dc9c5c63.asy: 1.2: syntax error:  error: could not load module 'C:\Users\MARKEI~1\AppData\Local\Temp\asyprev_tvowmnov\r_76d2dc9c5c63.asy' 
9339b514-8e76-4eff-a0ee-7b8a84da64be	1e5c9b2c2013	;[asy]  ^ C:\Users\MARKEI~1\AppData\Local\Temp\asyprev_tvowmnov\r_1e5c9b2c2013.asy: 1.2: syntax error:  error: could not load module 'C:\Users\MARKEI~1\AppData\Local\Temp\asyprev_tvowmnov\r_1e5c9b2c2013.asy' 
938a2b97-9afe-42ff-a42d-4828a72e28a2	0928395db775	;[asy]  ^ C:\Users\MARKEI~1\AppData\Local\Temp\asyprev_tvowmnov\r_0928395db775.asy: 1.2: syntax error:  error: could not load module 'C:\Users\MARKEI~1\AppData\Local\Temp\asyprev_tvowmnov\r_0928395db775.asy' 
933e65a6-a872-4420-a8f1-0de98f648ce8	61f3748645d5	[asy] ^ C:\Users\MARKEI~1\AppData\Local\Temp\asyprev_tvowmnov\r_61f3748645d5.asy: 1.1: syntax error:  error: could not load module 'C:\Users\MARKEI~1\AppData\Local\Temp\asyprev_tvowmnov\r_61f3748645d5.asy' 
94d194ad-1dc1-47c1-ac89-c2849796fd55	3ba8368be193	;[asy]  ^ C:\Users\MARKEI~1\AppData\Local\Temp\asyprev_tvowmnov\r_3ba8368be193.asy: 1.2: syntax error:  error: could not load module 'C:\Users\MARKEI~1\AppData\Local\Temp\asyprev_tvowmnov\r_3ba8368be193.asy' 
95b8a20a-4817-4711-8fc6-54133ab59e87	c7b52646b066	;[asy]  ^ C:\Users\MARKEI~1\AppData\Local\Temp\asyprev_tvowmnov\r_c7b52646b066.asy: 1.2: syntax error:  error: could not load module 'C:\Users\MARKEI~1\AppData\Local\Temp\asyprev_tvowmnov\r_c7b52646b066.asy' 
95b2789e-210b-4ed8-9e4b-67605a7b063c	12c19c07cf00	;[asy]  ^ C:\Users\MARKEI~1\AppData\Local\Temp\asyprev_tvowmnov\r_12c19c07cf00.asy: 1.2: syntax error:  error: could not load module 'C:\Users\MARKEI~1\AppData\Local\Temp\asyprev_tvowmnov\r_12c19c07cf00.asy' 
964dbbe8-9d3c-4f6e-a6d9-f319c005fc35	e40e43812872	;[asy]  ^ C:\Users\MARKEI~1\AppData\Local\Temp\asyprev_tvowmnov\r_e40e43812872.asy: 1.2: syntax error:  error: could not load module 'C:\Users\MARKEI~1\AppData\Local\Temp\asyprev_tvowmnov\r_e40e43812872.asy' 
967089a2-0b2f-4bc6-be51-22d432394060	8a73778c33cf	;[asy]  ^ C:\Users\MARKEI~1\AppData\Local\Temp\asyprev_tvowmnov\r_8a73778c33cf.asy: 1.2: syntax error:  error: could not load module 'C:\Users\MARKEI~1\AppData\Local\Temp\asyprev_tvowmnov\r_8a73778c33cf.asy' 
967d2880-cca6-4622-90ff-82711a2497bf	017fb197340c	[asy] ^ C:\Users\MARKEI~1\AppData\Local\Temp\asyprev_tvowmnov\r_017fb197340c.asy: 1.1: syntax error:  error: could not load module 'C:\Users\MARKEI~1\AppData\Local\Temp\asyprev_tvowmnov\r_017fb197340c.asy' 
96c5b716-7414-459f-a56f-ca5e3df21717	8e89d38bc5dc	;[asy]  ^ C:\Users\MARKEI~1\AppData\Local\Temp\asyprev_tvowmnov\r_8e89d38bc5dc.asy: 1.2: syntax error:  error: could not load module 'C:\Users\MARKEI~1\AppData\Local\Temp\asyprev_tvowmnov\r_8e89d38bc5dc.asy' 
97edc406-d8dd-4e8d-81e9-3868f199258d	a7f4a6e8b50f	;[asy]  ^ C:\Users\MARKEI~1\AppData\Local\Temp\asyprev_tvowmnov\r_a7f4a6e8b50f.asy: 1.2: syntax error:  error: could not load module 'C:\Users\MARKEI~1\AppData\Local\Temp\asyprev_tvowmnov\r_a7f4a6e8b50f.asy' 
99843814-accf-4cd0-aa83-255acc47209b	4ee184a2b936	;[asy]  ^ C:\Users\MARKEI~1\AppData\Local\Temp\asyprev_tvowmnov\r_4ee184a2b936.asy: 1.2: syntax error:  error: could not load module 'C:\Users\MARKEI~1\AppData\Local\Temp\asyprev_tvowmnov\r_4ee184a2b936.asy' 
98ff0fb9-01de-4096-889c-ca41df1be784	11e39661a646	[asy] ^ C:\Users\MARKEI~1\AppData\Local\Temp\asyprev_tvowmnov\r_11e39661a646.asy: 1.1: syntax error:  error: could not load module 'C:\Users\MARKEI~1\AppData\Local\Temp\asyprev_tvowmnov\r_11e39661a646.asy' 
99c0ce54-c3b6-4d17-9fa0-fdfb5c7a2f70	6381e4be1a22	;[asy]  ^ C:\Users\MARKEI~1\AppData\Local\Temp\asyprev_tvowmnov\r_6381e4be1a22.asy: 1.2: syntax error:  error: could not load module 'C:\Users\MARKEI~1\AppData\Local\Temp\asyprev_tvowmnov\r_6381e4be1a22.asy' 
9af6efe6-2c88-4be2-b442-6a8a05354aad	3d0d5640a649	[asy] ^ C:\Users\MARKEI~1\AppData\Local\Temp\asyprev_tvowmnov\r_3d0d5640a649.asy: 1.1: syntax error:  error: could not load module 'C:\Users\MARKEI~1\AppData\Local\Temp\asyprev_tvowmnov\r_3d0d5640a649.asy' 
9b3d96b5-93ec-40ad-8bf7-096a00ec10bf	dae832b5f19c	;[asy]  ^ C:\Users\MARKEI~1\AppData\Local\Temp\asyprev_tvowmnov\r_dae832b5f19c.asy: 1.2: syntax error:  error: could not load module 'C:\Users\MARKEI~1\AppData\Local\Temp\asyprev_tvowmnov\r_dae832b5f19c.asy' 
9b62fea0-ae82-43fa-9940-7a06e6572c6f	1c4fb48c4b76	;[asy]  ^ C:\Users\MARKEI~1\AppData\Local\Temp\asyprev_tvowmnov\r_1c4fb48c4b76.asy: 1.2: syntax error:  error: could not load module 'C:\Users\MARKEI~1\AppData\Local\Temp\asyprev_tvowmnov\r_1c4fb48c4b76.asy' 
9cd72b31-3592-4330-8372-798a5045ff8b	c7c69d1de48c	;[asy]  ^ C:\Users\MARKEI~1\AppData\Local\Temp\asyprev_tvowmnov\r_c7c69d1de48c.asy: 1.2: syntax error:  error: could not load module 'C:\Users\MARKEI~1\AppData\Local\Temp\asyprev_tvowmnov\r_c7c69d1de48c.asy' 
9d9c9cd2-b33b-4f9b-ad68-95f9ab7ab1a9	e0de6201b447	;[asy]  ^ C:\Users\MARKEI~1\AppData\Local\Temp\asyprev_tvowmnov\r_e0de6201b447.asy: 1.2: syntax error:  error: could not load module 'C:\Users\MARKEI~1\AppData\Local\Temp\asyprev_tvowmnov\r_e0de6201b447.asy' 
9fafa85d-99bc-4560-be98-d3f09e796b44	c44149f51fdc	[asy] ^ C:\Users\MARKEI~1\AppData\Local\Temp\asyprev_tvowmnov\r_c44149f51fdc.asy: 1.1: syntax error:  error: could not load module 'C:\Users\MARKEI~1\AppData\Local\Temp\asyprev_tvowmnov\r_c44149f51fdc.asy' 
a0709723-fa1c-4077-8088-ab54f6c47547	97665254e96e	;[asy]  ^ C:\Users\MARKEI~1\AppData\Local\Temp\asyprev_tvowmnov\r_97665254e96e.asy: 1.2: syntax error:  error: could not load module 'C:\Users\MARKEI~1\AppData\Local\Temp\asyprev_tvowmnov\r_97665254e96e.asy' 
a0bb3136-4a39-4bc2-838b-0918dbc7d7be	9727be7c9b43	[asy] ^ C:\Users\MARKEI~1\AppData\Local\Temp\asyprev_tvowmnov\r_9727be7c9b43.asy: 1.1: syntax error:  error: could not load module 'C:\Users\MARKEI~1\AppData\Local\Temp\asyprev_tvowmnov\r_9727be7c9b43.asy' 
a1489afc-7df5-4ffa-a01a-d235e130ee96	1e3f98f010df	;[asy]  ^ C:\Users\MARKEI~1\AppData\Local\Temp\asyprev_tvowmnov\r_1e3f98f010df.asy: 1.2: syntax error:  error: could not load module 'C:\Users\MARKEI~1\AppData\Local\Temp\asyprev_tvowmnov\r_1e3f98f010df.asy' 
a1635530-d821-4314-8a06-55f3538d0634	2426bc4f1b54	;[asy]  ^ C:\Users\MARKEI~1\AppData\Local\Temp\asyprev_tvowmnov\r_2426bc4f1b54.asy: 1.2: syntax error:  error: could not load module 'C:\Users\MARKEI~1\AppData\Local\Temp\asyprev_tvowmnov\r_2426bc4f1b54.asy' 
9d46f209-fb4a-44d0-98a4-6aa327ddbf17	7c68f094795f	;[asy]  ^ C:\Users\MARKEI~1\AppData\Local\Temp\asyprev_tvowmnov\r_7c68f094795f.asy: 1.2: syntax error:  error: could not load module 'C:\Users\MARKEI~1\AppData\Local\Temp\asyprev_tvowmnov\r_7c68f094795f.asy' 
a17c804c-2ce3-4015-b2e4-b8773aee354c	9b31a63a0dca	[asy] ^ C:\Users\MARKEI~1\AppData\Local\Temp\asyprev_tvowmnov\r_9b31a63a0dca.asy: 1.1: syntax error:  error: could not load module 'C:\Users\MARKEI~1\AppData\Local\Temp\asyprev_tvowmnov\r_9b31a63a0dca.asy' 
a19b32e2-8eed-431a-8f61-8e2d15bfc8ea	045648e3c5eb	;[asy]  ^ C:\Users\MARKEI~1\AppData\Local\Temp\asyprev_tvowmnov\r_045648e3c5eb.asy: 1.2: syntax error:  error: could not load module 'C:\Users\MARKEI~1\AppData\Local\Temp\asyprev_tvowmnov\r_045648e3c5eb.asy' 
a1c676db-e145-4cbe-8fd5-2c55a58dce75	22b9dc087b07	;[asy]  ^ C:\Users\MARKEI~1\AppData\Local\Temp\asyprev_tvowmnov\r_22b9dc087b07.asy: 1.2: syntax error:  error: could not load module 'C:\Users\MARKEI~1\AppData\Local\Temp\asyprev_tvowmnov\r_22b9dc087b07.asy' 
a1ec5d98-5acf-4085-92f5-aa798182f0a2	63f91debc04b	;[asy]  ^ C:\Users\MARKEI~1\AppData\Local\Temp\asyprev_tvowmnov\r_63f91debc04b.asy: 1.2: syntax error:  error: could not load module 'C:\Users\MARKEI~1\AppData\Local\Temp\asyprev_tvowmnov\r_63f91debc04b.asy' 
a20b1650-a7ed-47cf-8c06-2ede0767351b	a5901c76fff7	;[asy]  ^ C:\Users\MARKEI~1\AppData\Local\Temp\asyprev_tvowmnov\r_a5901c76fff7.asy: 1.2: syntax error:  error: could not load module 'C:\Users\MARKEI~1\AppData\Local\Temp\asyprev_tvowmnov\r_a5901c76fff7.asy' 
a29bd829-8451-4552-b3ed-af96ede55d69	476fc2560bb6	;[asy]  ^ C:\Users\MARKEI~1\AppData\Local\Temp\asyprev_tvowmnov\r_476fc2560bb6.asy: 1.2: syntax error:  error: could not load module 'C:\Users\MARKEI~1\AppData\Local\Temp\asyprev_tvowmnov\r_476fc2560bb6.asy' 
a3627aa5-f26c-4de8-a3bd-ba361f06975a	3069214f1918	;[asy]  ^ C:\Users\MARKEI~1\AppData\Local\Temp\asyprev_tvowmnov\r_3069214f1918.asy: 1.2: syntax error:  error: could not load module 'C:\Users\MARKEI~1\AppData\Local\Temp\asyprev_tvowmnov\r_3069214f1918.asy' 
a3f6250b-a6b6-433e-b76d-977644bc6896	cd0075374561	;[asy]  ^ C:\Users\MARKEI~1\AppData\Local\Temp\asyprev_tvowmnov\r_cd0075374561.asy: 1.2: syntax error:  error: could not load module 'C:\Users\MARKEI~1\AppData\Local\Temp\asyprev_tvowmnov\r_cd0075374561.asy' 
a2f3f0ba-0a83-4e04-b044-ee8dab3ef831	2b6328d92b54	[asy] ^ C:\Users\MARKEI~1\AppData\Local\Temp\asyprev_tvowmnov\r_2b6328d92b54.asy: 1.1: syntax error:  error: could not load module 'C:\Users\MARKEI~1\AppData\Local\Temp\asyprev_tvowmnov\r_2b6328d92b54.asy' 
a4a10c0f-1fbe-44aa-a9e5-057f5e05539e	0e533bedb727	;[asy]  ^ C:\Users\MARKEI~1\AppData\Local\Temp\asyprev_tvowmnov\r_0e533bedb727.asy: 1.2: syntax error:  error: could not load module 'C:\Users\MARKEI~1\AppData\Local\Temp\asyprev_tvowmnov\r_0e533bedb727.asy' 
a5660da5-8552-4ceb-91ca-7dbcea67fd0e	99ac0b04f0d4	[asy] ^ C:\Users\MARKEI~1\AppData\Local\Temp\asyprev_tvowmnov\r_99ac0b04f0d4.asy: 1.1: syntax error:  error: could not load module 'C:\Users\MARKEI~1\AppData\Local\Temp\asyprev_tvowmnov\r_99ac0b04f0d4.asy' 
a5d3023f-8874-4c14-b805-3218312515ee	97007ce4f951	;[asy]  ^ C:\Users\MARKEI~1\AppData\Local\Temp\asyprev_tvowmnov\r_97007ce4f951.asy: 1.2: syntax error:  error: could not load module 'C:\Users\MARKEI~1\AppData\Local\Temp\asyprev_tvowmnov\r_97007ce4f951.asy' 
a64b3756-456b-4301-87e5-ec8c4ad81437	40d5e2f16c48	[asy] ^ C:\Users\MARKEI~1\AppData\Local\Temp\asyprev_tvowmnov\r_40d5e2f16c48.asy: 1.1: syntax error:  error: could not load module 'C:\Users\MARKEI~1\AppData\Local\Temp\asyprev_tvowmnov\r_40d5e2f16c48.asy' 
a604ccd0-216a-4ab7-9776-afe440639522	a38cbb547112	;[asy]  ^ C:\Users\MARKEI~1\AppData\Local\Temp\asyprev_tvowmnov\r_a38cbb547112.asy: 1.2: syntax error:  error: could not load module 'C:\Users\MARKEI~1\AppData\Local\Temp\asyprev_tvowmnov\r_a38cbb547112.asy' 
a653daac-3ded-4707-8404-ffa30b6ee956	85622fe78356	;[asy]  ^ C:\Users\MARKEI~1\AppData\Local\Temp\asyprev_tvowmnov\r_85622fe78356.asy: 1.2: syntax error:  error: could not load module 'C:\Users\MARKEI~1\AppData\Local\Temp\asyprev_tvowmnov\r_85622fe78356.asy' 
a80eb75d-7d02-4725-9224-714ba60c0793	60964cc8ae3b	;[asy]  ^ C:\Users\MARKEI~1\AppData\Local\Temp\asyprev_tvowmnov\r_60964cc8ae3b.asy: 1.2: syntax error:  error: could not load module 'C:\Users\MARKEI~1\AppData\Local\Temp\asyprev_tvowmnov\r_60964cc8ae3b.asy' 
a82734bd-a810-447f-ac76-9335a8037f66	ed7966ea9de2	;[asy]  ^ C:\Users\MARKEI~1\AppData\Local\Temp\asyprev_tvowmnov\r_ed7966ea9de2.asy: 1.2: syntax error:  error: could not load module 'C:\Users\MARKEI~1\AppData\Local\Temp\asyprev_tvowmnov\r_ed7966ea9de2.asy' 
a82a1bda-46ca-4907-a6df-f708e666453e	477a9ee68f1f	;[asy]  ^ C:\Users\MARKEI~1\AppData\Local\Temp\asyprev_tvowmnov\r_477a9ee68f1f.asy: 1.2: syntax error:  error: could not load module 'C:\Users\MARKEI~1\AppData\Local\Temp\asyprev_tvowmnov\r_477a9ee68f1f.asy' 
a8a9167f-a3cd-4f4f-a988-05cff61e865b	5660f071f0ff	;[asy]  ^ C:\Users\MARKEI~1\AppData\Local\Temp\asyprev_tvowmnov\r_5660f071f0ff.asy: 1.2: syntax error:  error: could not load module 'C:\Users\MARKEI~1\AppData\Local\Temp\asyprev_tvowmnov\r_5660f071f0ff.asy' 
a91fcbee-345e-4f79-a010-09127e54a0f9	2e326a3f3e25	[asy] ^ C:\Users\MARKEI~1\AppData\Local\Temp\asyprev_tvowmnov\r_2e326a3f3e25.asy: 1.1: syntax error:  error: could not load module 'C:\Users\MARKEI~1\AppData\Local\Temp\asyprev_tvowmnov\r_2e326a3f3e25.asy' 
ab55315a-9e4d-4d56-9aab-bbd59a91b4f9	99799c8868d9	;[asy]  ^ C:\Users\MARKEI~1\AppData\Local\Temp\asyprev_tvowmnov\r_99799c8868d9.asy: 1.2: syntax error:  error: could not load module 'C:\Users\MARKEI~1\AppData\Local\Temp\asyprev_tvowmnov\r_99799c8868d9.asy' 
ab70c02c-c9c2-4a7b-b7b8-88ad0c50d09a	69a273697c2e	[asy] ^ C:\Users\MARKEI~1\AppData\Local\Temp\asyprev_tvowmnov\r_69a273697c2e.asy: 1.1: syntax error:  error: could not load module 'C:\Users\MARKEI~1\AppData\Local\Temp\asyprev_tvowmnov\r_69a273697c2e.asy' 
ab8d47a2-4296-44b9-8014-da771c4a0947	4642f0efb8c3	[asy] ^ C:\Users\MARKEI~1\AppData\Local\Temp\asyprev_tvowmnov\r_4642f0efb8c3.asy: 1.1: syntax error:  error: could not load module 'C:\Users\MARKEI~1\AppData\Local\Temp\asyprev_tvowmnov\r_4642f0efb8c3.asy' 
ad30f864-b6df-4a6c-9125-e50465eae604	ea6933dcf268	;[asy]  ^ C:\Users\MARKEI~1\AppData\Local\Temp\asyprev_tvowmnov\r_ea6933dcf268.asy: 1.2: syntax error:  error: could not load module 'C:\Users\MARKEI~1\AppData\Local\Temp\asyprev_tvowmnov\r_ea6933dcf268.asy' 
adb55e82-6e74-4938-b4b2-d9e3207be329	9f866542196d	;[asy]  ^ C:\Users\MARKEI~1\AppData\Local\Temp\asyprev_tvowmnov\r_9f866542196d.asy: 1.2: syntax error:  error: could not load module 'C:\Users\MARKEI~1\AppData\Local\Temp\asyprev_tvowmnov\r_9f866542196d.asy' 
adbb0cff-dcd2-43b2-a2da-8168acc9af63	42263e4843ee	;[asy]  ^ C:\Users\MARKEI~1\AppData\Local\Temp\asyprev_tvowmnov\r_42263e4843ee.asy: 1.2: syntax error:  error: could not load module 'C:\Users\MARKEI~1\AppData\Local\Temp\asyprev_tvowmnov\r_42263e4843ee.asy' 
adce83bc-8828-4a44-b8c0-695c7ccf455b	f137b2921df2	;[asy]  ^ C:\Users\MARKEI~1\AppData\Local\Temp\asyprev_tvowmnov\r_f137b2921df2.asy: 1.2: syntax error:  error: could not load module 'C:\Users\MARKEI~1\AppData\Local\Temp\asyprev_tvowmnov\r_f137b2921df2.asy' 
af7230f8-d640-4ee2-9385-460c1c02a1fe	9d250212ba6a	;[asy]  ^ C:\Users\MARKEI~1\AppData\Local\Temp\asyprev_tvowmnov\r_9d250212ba6a.asy: 1.2: syntax error:  error: could not load module 'C:\Users\MARKEI~1\AppData\Local\Temp\asyprev_tvowmnov\r_9d250212ba6a.asy' 
b065aac8-7ec0-4492-9184-4f40f1467083	f0c572d0dbe8	;[asy]  ^ C:\Users\MARKEI~1\AppData\Local\Temp\asyprev_tvowmnov\r_f0c572d0dbe8.asy: 1.2: syntax error:  error: could not load module 'C:\Users\MARKEI~1\AppData\Local\Temp\asyprev_tvowmnov\r_f0c572d0dbe8.asy' 
b0af0e1f-897c-49f2-8281-e76fc202a13d	7f0d1aea23d5	;[asy]  ^ C:\Users\MARKEI~1\AppData\Local\Temp\asyprev_tvowmnov\r_7f0d1aea23d5.asy: 1.2: syntax error:  error: could not load module 'C:\Users\MARKEI~1\AppData\Local\Temp\asyprev_tvowmnov\r_7f0d1aea23d5.asy' 
b0cbb1e3-c413-4248-9079-1a82c4d8d52b	891c06a3bc4a	;[asy]  ^ C:\Users\MARKEI~1\AppData\Local\Temp\asyprev_tvowmnov\r_891c06a3bc4a.asy: 1.2: syntax error:  error: could not load module 'C:\Users\MARKEI~1\AppData\Local\Temp\asyprev_tvowmnov\r_891c06a3bc4a.asy' 
b12dc87d-a00d-4bdf-ae57-46a3348fde2c	975ca18514c8	[asy] ^ C:\Users\MARKEI~1\AppData\Local\Temp\asyprev_tvowmnov\r_975ca18514c8.asy: 1.1: syntax error:  error: could not load module 'C:\Users\MARKEI~1\AppData\Local\Temp\asyprev_tvowmnov\r_975ca18514c8.asy' 
b134ce1e-1ed6-4714-97db-fc7bd52f966f	d237d8eaa60d	;[asy]  ^ C:\Users\MARKEI~1\AppData\Local\Temp\asyprev_tvowmnov\r_d237d8eaa60d.asy: 1.2: syntax error:  error: could not load module 'C:\Users\MARKEI~1\AppData\Local\Temp\asyprev_tvowmnov\r_d237d8eaa60d.asy' 
b194f815-94cb-43c1-9d73-a5d78da0b78f	1380622fe2e4	;[asy]  ^ C:\Users\MARKEI~1\AppData\Local\Temp\asyprev_tvowmnov\r_1380622fe2e4.asy: 1.2: syntax error:  error: could not load module 'C:\Users\MARKEI~1\AppData\Local\Temp\asyprev_tvowmnov\r_1380622fe2e4.asy' 
b1982397-bc2d-4315-9233-e075090ce346	52dd2032361c	;[asy]  ^ C:\Users\MARKEI~1\AppData\Local\Temp\asyprev_tvowmnov\r_52dd2032361c.asy: 1.2: syntax error:  error: could not load module 'C:\Users\MARKEI~1\AppData\Local\Temp\asyprev_tvowmnov\r_52dd2032361c.asy' 
b335fc3c-f02b-4bae-8afd-d20b36c5098c	1bc54aa4a6c2	;[asy]  ^ C:\Users\MARKEI~1\AppData\Local\Temp\asyprev_tvowmnov\r_1bc54aa4a6c2.asy: 1.2: syntax error:  error: could not load module 'C:\Users\MARKEI~1\AppData\Local\Temp\asyprev_tvowmnov\r_1bc54aa4a6c2.asy' 
b3b89a71-8e33-4a16-8dde-595dff72ad67	15708dbedaae	;[asy]  ^ C:\Users\MARKEI~1\AppData\Local\Temp\asyprev_tvowmnov\r_15708dbedaae.asy: 1.2: syntax error:  error: could not load module 'C:\Users\MARKEI~1\AppData\Local\Temp\asyprev_tvowmnov\r_15708dbedaae.asy' 
b3e28997-2f06-4286-91a8-b0052154f634	61b6a79ae212	;[asy]  ^ C:\Users\MARKEI~1\AppData\Local\Temp\asyprev_tvowmnov\r_61b6a79ae212.asy: 1.2: syntax error:  error: could not load module 'C:\Users\MARKEI~1\AppData\Local\Temp\asyprev_tvowmnov\r_61b6a79ae212.asy' 
b4c54733-f9cd-4bcf-bd56-466df1a8da4a	c1d945f66c35	;[asy]  ^ C:\Users\MARKEI~1\AppData\Local\Temp\asyprev_tvowmnov\r_c1d945f66c35.asy: 1.2: syntax error:  error: could not load module 'C:\Users\MARKEI~1\AppData\Local\Temp\asyprev_tvowmnov\r_c1d945f66c35.asy' 
b5dfa2ce-7bb1-4f7e-8f43-019617ae9e31	75d3cf559471	;[asy]  ^ C:\Users\MARKEI~1\AppData\Local\Temp\asyprev_tvowmnov\r_75d3cf559471.asy: 1.2: syntax error:  error: could not load module 'C:\Users\MARKEI~1\AppData\Local\Temp\asyprev_tvowmnov\r_75d3cf559471.asy' 
b68bd3ce-0ba5-4619-a233-ad0188dbc09d	480ae4e563b5	;[asy]  ^ C:\Users\MARKEI~1\AppData\Local\Temp\asyprev_tvowmnov\r_480ae4e563b5.asy: 1.2: syntax error:  error: could not load module 'C:\Users\MARKEI~1\AppData\Local\Temp\asyprev_tvowmnov\r_480ae4e563b5.asy' 
b691c881-17b2-491e-89bc-499efde47da6	2b3aa9b9bb85	;[asy]  ^ C:\Users\MARKEI~1\AppData\Local\Temp\asyprev_tvowmnov\r_2b3aa9b9bb85.asy: 1.2: syntax error:  error: could not load module 'C:\Users\MARKEI~1\AppData\Local\Temp\asyprev_tvowmnov\r_2b3aa9b9bb85.asy' 
b76e35c6-1600-44d6-a157-8000abfee4fb	265a49790d11	[asy] ^ C:\Users\MARKEI~1\AppData\Local\Temp\asyprev_tvowmnov\r_265a49790d11.asy: 1.1: syntax error:  error: could not load module 'C:\Users\MARKEI~1\AppData\Local\Temp\asyprev_tvowmnov\r_265a49790d11.asy' 
b77a0eb5-f001-4651-b89f-797446c553b6	6fda470e3b34	[asy] ^ C:\Users\MARKEI~1\AppData\Local\Temp\asyprev_tvowmnov\r_6fda470e3b34.asy: 1.1: syntax error:  error: could not load module 'C:\Users\MARKEI~1\AppData\Local\Temp\asyprev_tvowmnov\r_6fda470e3b34.asy' 
b79ebeb8-3bc0-491a-80f1-02503afe16ed	267f1495e425	;[asy]  ^ C:\Users\MARKEI~1\AppData\Local\Temp\asyprev_tvowmnov\r_267f1495e425.asy: 1.2: syntax error:  error: could not load module 'C:\Users\MARKEI~1\AppData\Local\Temp\asyprev_tvowmnov\r_267f1495e425.asy' 
b81cbfee-b434-4eb3-b699-423b92fd4d7f	ed9cf50e2f56	;[asy]  ^ C:\Users\MARKEI~1\AppData\Local\Temp\asyprev_tvowmnov\r_ed9cf50e2f56.asy: 1.2: syntax error:  error: could not load module 'C:\Users\MARKEI~1\AppData\Local\Temp\asyprev_tvowmnov\r_ed9cf50e2f56.asy' 
b879c0cf-24f5-4fbb-9065-59aa8a4bde27	7c794fc644a7	;[asy]  ^ C:\Users\MARKEI~1\AppData\Local\Temp\asyprev_tvowmnov\r_7c794fc644a7.asy: 1.2: syntax error:  error: could not load module 'C:\Users\MARKEI~1\AppData\Local\Temp\asyprev_tvowmnov\r_7c794fc644a7.asy' 
b8fb04ce-398f-4916-9dc2-4f5caa5eb638	f87658d28e4f	[asy] ^ C:\Users\MARKEI~1\AppData\Local\Temp\asyprev_tvowmnov\r_f87658d28e4f.asy: 1.1: syntax error:  error: could not load module 'C:\Users\MARKEI~1\AppData\Local\Temp\asyprev_tvowmnov\r_f87658d28e4f.asy' 
b90674bc-6be8-4376-98ed-88455567f4ac	e1a863fa11a8	;[asy]  ^ C:\Users\MARKEI~1\AppData\Local\Temp\asyprev_tvowmnov\r_e1a863fa11a8.asy: 1.2: syntax error:  error: could not load module 'C:\Users\MARKEI~1\AppData\Local\Temp\asyprev_tvowmnov\r_e1a863fa11a8.asy' 
b96cc84b-23f2-4c92-b090-e67754045171	e9b94e6cef78	;[asy]  ^ C:\Users\MARKEI~1\AppData\Local\Temp\asyprev_tvowmnov\r_e9b94e6cef78.asy: 1.2: syntax error:  error: could not load module 'C:\Users\MARKEI~1\AppData\Local\Temp\asyprev_tvowmnov\r_e9b94e6cef78.asy' 
b98de6f6-61c3-4ea9-84d1-a1ba9c5627f2	306479d64374	;[asy]  ^ C:\Users\MARKEI~1\AppData\Local\Temp\asyprev_tvowmnov\r_306479d64374.asy: 1.2: syntax error:  error: could not load module 'C:\Users\MARKEI~1\AppData\Local\Temp\asyprev_tvowmnov\r_306479d64374.asy' 
ba17c373-b0a4-4bf3-86be-44c9236b1d73	e85ba34fdb53	;[asy]  ^ C:\Users\MARKEI~1\AppData\Local\Temp\asyprev_tvowmnov\r_e85ba34fdb53.asy: 1.2: syntax error:  error: could not load module 'C:\Users\MARKEI~1\AppData\Local\Temp\asyprev_tvowmnov\r_e85ba34fdb53.asy' 
bb7fc771-eadf-4711-9aac-f4a7a7731711	b92849309b6e	;[asy]  ^ C:\Users\MARKEI~1\AppData\Local\Temp\asyprev_tvowmnov\r_b92849309b6e.asy: 1.2: syntax error:  error: could not load module 'C:\Users\MARKEI~1\AppData\Local\Temp\asyprev_tvowmnov\r_b92849309b6e.asy' 
bd6230ee-2093-4d05-b096-4cb1e11933f1	89bf81ef0029	;[asy]  ^ C:\Users\MARKEI~1\AppData\Local\Temp\asyprev_tvowmnov\r_89bf81ef0029.asy: 1.2: syntax error:  error: could not load module 'C:\Users\MARKEI~1\AppData\Local\Temp\asyprev_tvowmnov\r_89bf81ef0029.asy' 
bdc181a3-9e36-47aa-a5ba-af5ccd7b11f1	3e83480d31f0	;[asy]  ^ C:\Users\MARKEI~1\AppData\Local\Temp\asyprev_tvowmnov\r_3e83480d31f0.asy: 1.2: syntax error:  error: could not load module 'C:\Users\MARKEI~1\AppData\Local\Temp\asyprev_tvowmnov\r_3e83480d31f0.asy' 
bdec0ef0-da8d-47fb-a546-7ca04452aa58	47914001e7f7	;[asy]  ^ C:\Users\MARKEI~1\AppData\Local\Temp\asyprev_tvowmnov\r_47914001e7f7.asy: 1.2: syntax error:  error: could not load module 'C:\Users\MARKEI~1\AppData\Local\Temp\asyprev_tvowmnov\r_47914001e7f7.asy' 
bec3f49c-c329-4f3c-9a22-c22cb9e57385	f12f176de6be	;[asy]  ^ C:\Users\MARKEI~1\AppData\Local\Temp\asyprev_tvowmnov\r_f12f176de6be.asy: 1.2: syntax error:  error: could not load module 'C:\Users\MARKEI~1\AppData\Local\Temp\asyprev_tvowmnov\r_f12f176de6be.asy' 
bf4f0f45-d99c-4d5f-b991-7b6ccd843fd9	197ecc23eb4c	;[asy]  ^ C:\Users\MARKEI~1\AppData\Local\Temp\asyprev_tvowmnov\r_197ecc23eb4c.asy: 1.2: syntax error:  error: could not load module 'C:\Users\MARKEI~1\AppData\Local\Temp\asyprev_tvowmnov\r_197ecc23eb4c.asy' 
bf787a04-3fff-4fe4-9a83-c0db26cd862d	8246346d080d	;[asy]  ^ C:\Users\MARKEI~1\AppData\Local\Temp\asyprev_tvowmnov\r_8246346d080d.asy: 1.2: syntax error:  error: could not load module 'C:\Users\MARKEI~1\AppData\Local\Temp\asyprev_tvowmnov\r_8246346d080d.asy' 
c04100f9-9a8f-48bd-85a2-44a855db46b0	aaacc4c06c82	;[asy]  ^ C:\Users\MARKEI~1\AppData\Local\Temp\asyprev_tvowmnov\r_aaacc4c06c82.asy: 1.2: syntax error:  error: could not load module 'C:\Users\MARKEI~1\AppData\Local\Temp\asyprev_tvowmnov\r_aaacc4c06c82.asy' 
c1e9dced-67ec-4376-96bd-0cc53f9d804d	13bc66c57fef	[asy] ^ C:\Users\MARKEI~1\AppData\Local\Temp\asyprev_tvowmnov\r_13bc66c57fef.asy: 1.1: syntax error:  error: could not load module 'C:\Users\MARKEI~1\AppData\Local\Temp\asyprev_tvowmnov\r_13bc66c57fef.asy' 
c27da68c-bb45-4be9-87be-f89a4428f427	f9be64b52ed1	;[asy]  ^ C:\Users\MARKEI~1\AppData\Local\Temp\asyprev_tvowmnov\r_f9be64b52ed1.asy: 1.2: syntax error:  error: could not load module 'C:\Users\MARKEI~1\AppData\Local\Temp\asyprev_tvowmnov\r_f9be64b52ed1.asy' 
c33bac70-c4b5-4d34-8792-c3403b81bfa7	fa92780c245d	;[asy]  ^ C:\Users\MARKEI~1\AppData\Local\Temp\asyprev_tvowmnov\r_fa92780c245d.asy: 1.2: syntax error:  error: could not load module 'C:\Users\MARKEI~1\AppData\Local\Temp\asyprev_tvowmnov\r_fa92780c245d.asy' 
c462f837-0c06-4ba8-b28a-dcf849d770c2	55c5f548c9d1	;[asy]  ^ C:\Users\MARKEI~1\AppData\Local\Temp\asyprev_tvowmnov\r_55c5f548c9d1.asy: 1.2: syntax error:  error: could not load module 'C:\Users\MARKEI~1\AppData\Local\Temp\asyprev_tvowmnov\r_55c5f548c9d1.asy' 
c7592f9f-a649-4cad-b9b9-22ae80339ebe	e95c857b9371	[asy] ^ C:\Users\MARKEI~1\AppData\Local\Temp\asyprev_tvowmnov\r_e95c857b9371.asy: 1.1: syntax error:  error: could not load module 'C:\Users\MARKEI~1\AppData\Local\Temp\asyprev_tvowmnov\r_e95c857b9371.asy' 
c805e3bf-f3dd-4df3-bb27-2c4f5fe27c77	1926a77219b7	;[asy]  ^ C:\Users\MARKEI~1\AppData\Local\Temp\asyprev_tvowmnov\r_1926a77219b7.asy: 1.2: syntax error:  error: could not load module 'C:\Users\MARKEI~1\AppData\Local\Temp\asyprev_tvowmnov\r_1926a77219b7.asy' 
c88c4477-7e29-432e-9559-df8d753269dd	0d63caad128f	;[asy]  ^ C:\Users\MARKEI~1\AppData\Local\Temp\asyprev_tvowmnov\r_0d63caad128f.asy: 1.2: syntax error:  error: could not load module 'C:\Users\MARKEI~1\AppData\Local\Temp\asyprev_tvowmnov\r_0d63caad128f.asy' 
c8eaed1b-c8ce-4e9e-9471-187c3492ff7e	cc57146b8da8	;[asy]  ^ C:\Users\MARKEI~1\AppData\Local\Temp\asyprev_tvowmnov\r_cc57146b8da8.asy: 1.2: syntax error:  error: could not load module 'C:\Users\MARKEI~1\AppData\Local\Temp\asyprev_tvowmnov\r_cc57146b8da8.asy' 
c954db34-74b7-49a8-a89d-49d84301162c	172c58d5ce29	;[asy]  ^ C:\Users\MARKEI~1\AppData\Local\Temp\asyprev_tvowmnov\r_172c58d5ce29.asy: 1.2: syntax error:  error: could not load module 'C:\Users\MARKEI~1\AppData\Local\Temp\asyprev_tvowmnov\r_172c58d5ce29.asy' 
ca2dabd2-ac16-4003-b22a-3bee39229dbd	cf99301c7783	;[asy]  ^ C:\Users\MARKEI~1\AppData\Local\Temp\asyprev_tvowmnov\r_cf99301c7783.asy: 1.2: syntax error:  error: could not load module 'C:\Users\MARKEI~1\AppData\Local\Temp\asyprev_tvowmnov\r_cf99301c7783.asy' 
ca7efcbd-40b6-4a52-905d-649987bff295	6daa6315cf50	;[asy]  ^ C:\Users\MARKEI~1\AppData\Local\Temp\asyprev_tvowmnov\r_6daa6315cf50.asy: 1.2: syntax error:  error: could not load module 'C:\Users\MARKEI~1\AppData\Local\Temp\asyprev_tvowmnov\r_6daa6315cf50.asy' 
cb212592-c740-4e8b-b050-abc5efed76fe	2667929497bd	;[asy]  ^ C:\Users\MARKEI~1\AppData\Local\Temp\asyprev_tvowmnov\r_2667929497bd.asy: 1.2: syntax error:  error: could not load module 'C:\Users\MARKEI~1\AppData\Local\Temp\asyprev_tvowmnov\r_2667929497bd.asy' 
cb40d208-e297-435d-af2f-da387a91e5c1	9196d68b6b01	;[asy]  ^ C:\Users\MARKEI~1\AppData\Local\Temp\asyprev_tvowmnov\r_9196d68b6b01.asy: 1.2: syntax error:  error: could not load module 'C:\Users\MARKEI~1\AppData\Local\Temp\asyprev_tvowmnov\r_9196d68b6b01.asy' 
cc38debe-7b6a-4c61-b3b8-338a85fa69af	1b15dcb661a3	[asy] ^ C:\Users\MARKEI~1\AppData\Local\Temp\asyprev_tvowmnov\r_1b15dcb661a3.asy: 1.1: syntax error:  error: could not load module 'C:\Users\MARKEI~1\AppData\Local\Temp\asyprev_tvowmnov\r_1b15dcb661a3.asy' 
cc5e0797-288a-46db-95de-98b597289968	f9bcc0c12548	;[asy]  ^ C:\Users\MARKEI~1\AppData\Local\Temp\asyprev_tvowmnov\r_f9bcc0c12548.asy: 1.2: syntax error:  error: could not load module 'C:\Users\MARKEI~1\AppData\Local\Temp\asyprev_tvowmnov\r_f9bcc0c12548.asy' 
cd66581e-e76d-4708-9757-171c4d016995	fca9f1082e1a	;[asy]  ^ C:\Users\MARKEI~1\AppData\Local\Temp\asyprev_tvowmnov\r_fca9f1082e1a.asy: 1.2: syntax error:  error: could not load module 'C:\Users\MARKEI~1\AppData\Local\Temp\asyprev_tvowmnov\r_fca9f1082e1a.asy' 
ce2eb4cc-85b3-4423-a254-02d7776ac51d	c73021bc6f8a	;[asy]  ^ C:\Users\MARKEI~1\AppData\Local\Temp\asyprev_tvowmnov\r_c73021bc6f8a.asy: 1.2: syntax error:  error: could not load module 'C:\Users\MARKEI~1\AppData\Local\Temp\asyprev_tvowmnov\r_c73021bc6f8a.asy' 
ce4cb4ad-36e4-4cff-a473-542c0fd8c300	08e9d89768a1	;[asy]  ^ C:\Users\MARKEI~1\AppData\Local\Temp\asyprev_tvowmnov\r_08e9d89768a1.asy: 1.2: syntax error:  error: could not load module 'C:\Users\MARKEI~1\AppData\Local\Temp\asyprev_tvowmnov\r_08e9d89768a1.asy' 
ce677200-d98a-4fdc-a6cb-dcee131a980d	21d86179f64d	;[asy]  ^ C:\Users\MARKEI~1\AppData\Local\Temp\asyprev_tvowmnov\r_21d86179f64d.asy: 1.2: syntax error:  error: could not load module 'C:\Users\MARKEI~1\AppData\Local\Temp\asyprev_tvowmnov\r_21d86179f64d.asy' 
ce84f1f8-a09c-4315-a2f1-8399098b6063	d76bab5400ad	;[asy]  ^ C:\Users\MARKEI~1\AppData\Local\Temp\asyprev_tvowmnov\r_d76bab5400ad.asy: 1.2: syntax error:  error: could not load module 'C:\Users\MARKEI~1\AppData\Local\Temp\asyprev_tvowmnov\r_d76bab5400ad.asy' 
cf3d69b7-ee34-4a91-ba7e-064c9fe8f553	6ddbe9f124c9	;[asy]  ^ C:\Users\MARKEI~1\AppData\Local\Temp\asyprev_tvowmnov\r_6ddbe9f124c9.asy: 1.2: syntax error:  error: could not load module 'C:\Users\MARKEI~1\AppData\Local\Temp\asyprev_tvowmnov\r_6ddbe9f124c9.asy' 
cf6ed8bf-dbc8-4647-ab03-580b7ac7cef6	348c706599c1	[asy] ^ C:\Users\MARKEI~1\AppData\Local\Temp\asyprev_tvowmnov\r_348c706599c1.asy: 1.1: syntax error:  error: could not load module 'C:\Users\MARKEI~1\AppData\Local\Temp\asyprev_tvowmnov\r_348c706599c1.asy' 
cfee2714-4da5-4040-a2a8-f0d3c7ceb19e	de185c9f13cf	;[asy]  ^ C:\Users\MARKEI~1\AppData\Local\Temp\asyprev_tvowmnov\r_de185c9f13cf.asy: 1.2: syntax error:  error: could not load module 'C:\Users\MARKEI~1\AppData\Local\Temp\asyprev_tvowmnov\r_de185c9f13cf.asy' 
d04a5e63-0ad4-4d43-ab55-34f8411b964c	c09bcf88350c	;[asy]  ^ C:\Users\MARKEI~1\AppData\Local\Temp\asyprev_tvowmnov\r_c09bcf88350c.asy: 1.2: syntax error:  error: could not load module 'C:\Users\MARKEI~1\AppData\Local\Temp\asyprev_tvowmnov\r_c09bcf88350c.asy' 
d0b2a660-e9f7-40d4-bfd3-b9fd7fdcd052	d982cbb4c849	;[asy]  ^ C:\Users\MARKEI~1\AppData\Local\Temp\asyprev_tvowmnov\r_d982cbb4c849.asy: 1.2: syntax error:  error: could not load module 'C:\Users\MARKEI~1\AppData\Local\Temp\asyprev_tvowmnov\r_d982cbb4c849.asy' 
d1aa4a16-03a5-40fa-ac21-d8dab7728bba	dfeeaeea710b	;[asy]  ^ C:\Users\MARKEI~1\AppData\Local\Temp\asyprev_tvowmnov\r_dfeeaeea710b.asy: 1.2: syntax error:  error: could not load module 'C:\Users\MARKEI~1\AppData\Local\Temp\asyprev_tvowmnov\r_dfeeaeea710b.asy' 
d25bcc0f-3b68-49fa-b1fd-4a584c46788e	86a811ae146b	[asy] ^ C:\Users\MARKEI~1\AppData\Local\Temp\asyprev_tvowmnov\r_86a811ae146b.asy: 1.1: syntax error:  error: could not load module 'C:\Users\MARKEI~1\AppData\Local\Temp\asyprev_tvowmnov\r_86a811ae146b.asy' 
d286120b-e96d-461b-ba8c-fd89c1b0a2f6	17cb460cd93b	;[asy]  ^ C:\Users\MARKEI~1\AppData\Local\Temp\asyprev_tvowmnov\r_17cb460cd93b.asy: 1.2: syntax error:  error: could not load module 'C:\Users\MARKEI~1\AppData\Local\Temp\asyprev_tvowmnov\r_17cb460cd93b.asy' 
d2ba1b4d-da5a-411c-b079-e3cc589dbca8	97bef6bf4242	;[asy]  ^ C:\Users\MARKEI~1\AppData\Local\Temp\asyprev_tvowmnov\r_97bef6bf4242.asy: 1.2: syntax error:  error: could not load module 'C:\Users\MARKEI~1\AppData\Local\Temp\asyprev_tvowmnov\r_97bef6bf4242.asy' 
d333cbfe-0ae1-4481-a4f0-9ef6783abe7c	b49c715f5dfd	[asy] ^ C:\Users\MARKEI~1\AppData\Local\Temp\asyprev_tvowmnov\r_b49c715f5dfd.asy: 1.1: syntax error:  error: could not load module 'C:\Users\MARKEI~1\AppData\Local\Temp\asyprev_tvowmnov\r_b49c715f5dfd.asy' 
d2c65872-3316-48fe-b306-50f2a0676b9b	c76cb28a6913	;[asy]  ^ C:\Users\MARKEI~1\AppData\Local\Temp\asyprev_tvowmnov\r_c76cb28a6913.asy: 1.2: syntax error:  error: could not load module 'C:\Users\MARKEI~1\AppData\Local\Temp\asyprev_tvowmnov\r_c76cb28a6913.asy' 
d3f935e0-241d-4d9e-95a6-b4ac9aaae0b1	52b413cbd0b9	;[asy]  ^ C:\Users\MARKEI~1\AppData\Local\Temp\asyprev_tvowmnov\r_52b413cbd0b9.asy: 1.2: syntax error:  error: could not load module 'C:\Users\MARKEI~1\AppData\Local\Temp\asyprev_tvowmnov\r_52b413cbd0b9.asy' 
d48f5882-fbb6-4f79-a1d6-4153a242f324	648123c9ddd2	;[asy]  ^ C:\Users\MARKEI~1\AppData\Local\Temp\asyprev_tvowmnov\r_648123c9ddd2.asy: 1.2: syntax error:  error: could not load module 'C:\Users\MARKEI~1\AppData\Local\Temp\asyprev_tvowmnov\r_648123c9ddd2.asy' 
d5206be5-ff1c-42ac-8626-3c31efb8e449	ef26c48c224a	;[asy]  ^ C:\Users\MARKEI~1\AppData\Local\Temp\asyprev_tvowmnov\r_ef26c48c224a.asy: 1.2: syntax error:  error: could not load module 'C:\Users\MARKEI~1\AppData\Local\Temp\asyprev_tvowmnov\r_ef26c48c224a.asy' 
d599d469-c32b-4faf-b317-e27c5f488c8e	15ed1c01bd90	;[asy]  ^ C:\Users\MARKEI~1\AppData\Local\Temp\asyprev_tvowmnov\r_15ed1c01bd90.asy: 1.2: syntax error:  error: could not load module 'C:\Users\MARKEI~1\AppData\Local\Temp\asyprev_tvowmnov\r_15ed1c01bd90.asy' 
d65f2563-d97f-488a-96dd-74feb5f5a3b2	0babaa06973e	[asy] ^ C:\Users\MARKEI~1\AppData\Local\Temp\asyprev_tvowmnov\r_0babaa06973e.asy: 1.1: syntax error:  error: could not load module 'C:\Users\MARKEI~1\AppData\Local\Temp\asyprev_tvowmnov\r_0babaa06973e.asy' 
d6771902-2e92-49c4-bf5c-e8384360c722	d6ecfc3eecae	;[asy]  ^ C:\Users\MARKEI~1\AppData\Local\Temp\asyprev_tvowmnov\r_d6ecfc3eecae.asy: 1.2: syntax error:  error: could not load module 'C:\Users\MARKEI~1\AppData\Local\Temp\asyprev_tvowmnov\r_d6ecfc3eecae.asy' 
d885163d-4afe-4d97-8615-855cf714f1c2	c0d18e880ffc	;[asy]  ^ C:\Users\MARKEI~1\AppData\Local\Temp\asyprev_tvowmnov\r_c0d18e880ffc.asy: 1.2: syntax error:  error: could not load module 'C:\Users\MARKEI~1\AppData\Local\Temp\asyprev_tvowmnov\r_c0d18e880ffc.asy' 
d8a3802f-587a-4c94-9236-e2039dc652b9	f830031211bc	;[asy]  ^ C:\Users\MARKEI~1\AppData\Local\Temp\asyprev_tvowmnov\r_f830031211bc.asy: 1.2: syntax error:  error: could not load module 'C:\Users\MARKEI~1\AppData\Local\Temp\asyprev_tvowmnov\r_f830031211bc.asy' 
d98f0e61-26a4-4dc4-a3ac-c5ce52b2eca3	f1396c548181	[asy] ^ C:\Users\MARKEI~1\AppData\Local\Temp\asyprev_tvowmnov\r_f1396c548181.asy: 1.1: syntax error:  error: could not load module 'C:\Users\MARKEI~1\AppData\Local\Temp\asyprev_tvowmnov\r_f1396c548181.asy' 
d9cdf793-07f5-46a6-a8e0-92108d499d0a	315394779d8d	;[asy]  ^ C:\Users\MARKEI~1\AppData\Local\Temp\asyprev_tvowmnov\r_315394779d8d.asy: 1.2: syntax error:  error: could not load module 'C:\Users\MARKEI~1\AppData\Local\Temp\asyprev_tvowmnov\r_315394779d8d.asy' 
dadfbef0-9424-4245-94c7-15884bb31e34	cd8c3e1f593f	;[asy]  ^ C:\Users\MARKEI~1\AppData\Local\Temp\asyprev_tvowmnov\r_cd8c3e1f593f.asy: 1.2: syntax error:  error: could not load module 'C:\Users\MARKEI~1\AppData\Local\Temp\asyprev_tvowmnov\r_cd8c3e1f593f.asy' 
db7c53b9-f705-4143-91d0-3ea4a8ffd910	53651187ab35	;[asy]  ^ C:\Users\MARKEI~1\AppData\Local\Temp\asyprev_tvowmnov\r_53651187ab35.asy: 1.2: syntax error:  error: could not load module 'C:\Users\MARKEI~1\AppData\Local\Temp\asyprev_tvowmnov\r_53651187ab35.asy' 
dbeab9a3-cc6f-4b13-9081-73ce32eff79b	de1c6a1374ce	[asy] ^ C:\Users\MARKEI~1\AppData\Local\Temp\asyprev_tvowmnov\r_de1c6a1374ce.asy: 1.1: syntax error:  error: could not load module 'C:\Users\MARKEI~1\AppData\Local\Temp\asyprev_tvowmnov\r_de1c6a1374ce.asy' 
dc4d0a20-cf69-4e2a-baf3-c3015d2b5402	0e33dc8a6b8e	;[asy]  ^ C:\Users\MARKEI~1\AppData\Local\Temp\asyprev_tvowmnov\r_0e33dc8a6b8e.asy: 1.2: syntax error:  error: could not load module 'C:\Users\MARKEI~1\AppData\Local\Temp\asyprev_tvowmnov\r_0e33dc8a6b8e.asy' 
dd680207-d347-48ac-be5d-7883570b7d2d	607bcc0fb10c	;[asy]  ^ C:\Users\MARKEI~1\AppData\Local\Temp\asyprev_tvowmnov\r_607bcc0fb10c.asy: 1.2: syntax error:  error: could not load module 'C:\Users\MARKEI~1\AppData\Local\Temp\asyprev_tvowmnov\r_607bcc0fb10c.asy' 
dc5395f2-ce57-4dde-bfac-1fa7c66ce914	f7423177f983	;[asy]  ^ C:\Users\MARKEI~1\AppData\Local\Temp\asyprev_tvowmnov\r_f7423177f983.asy: 1.2: syntax error:  error: could not load module 'C:\Users\MARKEI~1\AppData\Local\Temp\asyprev_tvowmnov\r_f7423177f983.asy' 
dcd64bb6-adb8-48b2-ba89-acd1a5babbe3	1c9f04a07e1b	[asy] ^ C:\Users\MARKEI~1\AppData\Local\Temp\asyprev_tvowmnov\r_1c9f04a07e1b.asy: 1.1: syntax error:  error: could not load module 'C:\Users\MARKEI~1\AppData\Local\Temp\asyprev_tvowmnov\r_1c9f04a07e1b.asy' 
ddb80d1a-960a-42e7-a75c-141b6aa89421	c86a5c907407	;[asy]  ^ C:\Users\MARKEI~1\AppData\Local\Temp\asyprev_tvowmnov\r_c86a5c907407.asy: 1.2: syntax error:  error: could not load module 'C:\Users\MARKEI~1\AppData\Local\Temp\asyprev_tvowmnov\r_c86a5c907407.asy' 
de36beca-f2bd-455b-bf2f-3354eef3ed7f	841b7cc8a0be	;[asy]  ^ C:\Users\MARKEI~1\AppData\Local\Temp\asyprev_tvowmnov\r_841b7cc8a0be.asy: 1.2: syntax error:  error: could not load module 'C:\Users\MARKEI~1\AppData\Local\Temp\asyprev_tvowmnov\r_841b7cc8a0be.asy' 
df850a08-b78e-4591-b882-e7193e1ddcba	300347717a1c	[asy] ^ C:\Users\MARKEI~1\AppData\Local\Temp\asyprev_tvowmnov\r_300347717a1c.asy: 1.1: syntax error:  error: could not load module 'C:\Users\MARKEI~1\AppData\Local\Temp\asyprev_tvowmnov\r_300347717a1c.asy' 
e01fe822-45fe-4a67-9d64-c33fe369c477	dc42a4ecade6	;[asy]  ^ C:\Users\MARKEI~1\AppData\Local\Temp\asyprev_tvowmnov\r_dc42a4ecade6.asy: 1.2: syntax error:  error: could not load module 'C:\Users\MARKEI~1\AppData\Local\Temp\asyprev_tvowmnov\r_dc42a4ecade6.asy' 
e04efe1f-d29b-4d3c-86c0-7b2fcb7374b7	b1ac56f49000	;[asy]  ^ C:\Users\MARKEI~1\AppData\Local\Temp\asyprev_tvowmnov\r_b1ac56f49000.asy: 1.2: syntax error:  error: could not load module 'C:\Users\MARKEI~1\AppData\Local\Temp\asyprev_tvowmnov\r_b1ac56f49000.asy' 
e0c6d0a3-31ea-42d1-a89e-129455a78c64	c7b2b8ed1b14	;[asy]  ^ C:\Users\MARKEI~1\AppData\Local\Temp\asyprev_tvowmnov\r_c7b2b8ed1b14.asy: 1.2: syntax error:  error: could not load module 'C:\Users\MARKEI~1\AppData\Local\Temp\asyprev_tvowmnov\r_c7b2b8ed1b14.asy' 
e1118b90-235f-412f-a978-283ce6643b6b	3c68a3668427	;[asy]  ^ C:\Users\MARKEI~1\AppData\Local\Temp\asyprev_tvowmnov\r_3c68a3668427.asy: 1.2: syntax error:  error: could not load module 'C:\Users\MARKEI~1\AppData\Local\Temp\asyprev_tvowmnov\r_3c68a3668427.asy' 
e158d47c-e2d8-4982-aa22-3f2fe2ac1c86	e4aa3d142350	;[asy]  ^ C:\Users\MARKEI~1\AppData\Local\Temp\asyprev_tvowmnov\r_e4aa3d142350.asy: 1.2: syntax error:  error: could not load module 'C:\Users\MARKEI~1\AppData\Local\Temp\asyprev_tvowmnov\r_e4aa3d142350.asy' 
e13c37bd-da67-4dea-a776-56d398a74180	fa47cb0ce8e2	;[asy]  ^ C:\Users\MARKEI~1\AppData\Local\Temp\asyprev_tvowmnov\r_fa47cb0ce8e2.asy: 1.2: syntax error:  error: could not load module 'C:\Users\MARKEI~1\AppData\Local\Temp\asyprev_tvowmnov\r_fa47cb0ce8e2.asy' 
e17a7dba-097d-4117-8b77-4276971dd6e0	f475524925c4	;[asy]  ^ C:\Users\MARKEI~1\AppData\Local\Temp\asyprev_tvowmnov\r_f475524925c4.asy: 1.2: syntax error:  error: could not load module 'C:\Users\MARKEI~1\AppData\Local\Temp\asyprev_tvowmnov\r_f475524925c4.asy' 
e319bfc4-decc-4729-bfa3-b0aec343315c	a11b1800c23e	[asy] ^ C:\Users\MARKEI~1\AppData\Local\Temp\asyprev_tvowmnov\r_a11b1800c23e.asy: 1.1: syntax error:  error: could not load module 'C:\Users\MARKEI~1\AppData\Local\Temp\asyprev_tvowmnov\r_a11b1800c23e.asy' 
e193722a-7da4-433e-864f-0cc60cbbdc14	73b31c2372fc	[asy] ^ C:\Users\MARKEI~1\AppData\Local\Temp\asyprev_tvowmnov\r_73b31c2372fc.asy: 1.1: syntax error:  error: could not load module 'C:\Users\MARKEI~1\AppData\Local\Temp\asyprev_tvowmnov\r_73b31c2372fc.asy' 
e2f23c90-73d4-4a87-b7e4-74537d8d7ce1	1b6e66f2d264	;[asy]  ^ C:\Users\MARKEI~1\AppData\Local\Temp\asyprev_tvowmnov\r_1b6e66f2d264.asy: 1.2: syntax error:  error: could not load module 'C:\Users\MARKEI~1\AppData\Local\Temp\asyprev_tvowmnov\r_1b6e66f2d264.asy' 
e343c675-c29d-4234-811d-61c1e2246a8a	40e37f1fd528	[asy] ^ C:\Users\MARKEI~1\AppData\Local\Temp\asyprev_tvowmnov\r_40e37f1fd528.asy: 1.1: syntax error:  error: could not load module 'C:\Users\MARKEI~1\AppData\Local\Temp\asyprev_tvowmnov\r_40e37f1fd528.asy' 
e34f1a87-289e-47bb-9d14-2a1480ffdcc7	9e0bccdd2542	[asy] ^ C:\Users\MARKEI~1\AppData\Local\Temp\asyprev_tvowmnov\r_9e0bccdd2542.asy: 1.1: syntax error:  error: could not load module 'C:\Users\MARKEI~1\AppData\Local\Temp\asyprev_tvowmnov\r_9e0bccdd2542.asy' 
e420d3f9-4e7b-4371-834f-cd5e54991a73	46f0c7a1420a	;[asy]  ^ C:\Users\MARKEI~1\AppData\Local\Temp\asyprev_tvowmnov\r_46f0c7a1420a.asy: 1.2: syntax error:  error: could not load module 'C:\Users\MARKEI~1\AppData\Local\Temp\asyprev_tvowmnov\r_46f0c7a1420a.asy' 
e4cd01ad-667e-4a05-809d-7556f67f35a9	b06e8cc6e77d	;[asy]  ^ C:\Users\MARKEI~1\AppData\Local\Temp\asyprev_tvowmnov\r_b06e8cc6e77d.asy: 1.2: syntax error:  error: could not load module 'C:\Users\MARKEI~1\AppData\Local\Temp\asyprev_tvowmnov\r_b06e8cc6e77d.asy' 
e459e7cd-5c6c-4d82-b689-bca7efa94c14	f70f38343b52	;[asy]  ^ C:\Users\MARKEI~1\AppData\Local\Temp\asyprev_tvowmnov\r_f70f38343b52.asy: 1.2: syntax error:  error: could not load module 'C:\Users\MARKEI~1\AppData\Local\Temp\asyprev_tvowmnov\r_f70f38343b52.asy' 
e50b1569-02cd-4bcd-8a1f-110e7484dd60	71c95ba7d192	;[asy]  ^ C:\Users\MARKEI~1\AppData\Local\Temp\asyprev_tvowmnov\r_71c95ba7d192.asy: 1.2: syntax error:  error: could not load module 'C:\Users\MARKEI~1\AppData\Local\Temp\asyprev_tvowmnov\r_71c95ba7d192.asy' 
e4f27ad6-8922-4184-ae73-0d7fe73c1b13	7f0770771c1a	;[asy]  ^ C:\Users\MARKEI~1\AppData\Local\Temp\asyprev_tvowmnov\r_7f0770771c1a.asy: 1.2: syntax error:  error: could not load module 'C:\Users\MARKEI~1\AppData\Local\Temp\asyprev_tvowmnov\r_7f0770771c1a.asy' 
e5a25bd7-679a-4e7f-831b-88df0d9f21dc	3b1da7d1d2d1	[asy] ^ C:\Users\MARKEI~1\AppData\Local\Temp\asyprev_tvowmnov\r_3b1da7d1d2d1.asy: 1.1: syntax error:  error: could not load module 'C:\Users\MARKEI~1\AppData\Local\Temp\asyprev_tvowmnov\r_3b1da7d1d2d1.asy' 
e5970e20-d857-4060-96a8-5bb7ab70f61c	e0fd56044e68	;[asy]  ^ C:\Users\MARKEI~1\AppData\Local\Temp\asyprev_tvowmnov\r_e0fd56044e68.asy: 1.2: syntax error:  error: could not load module 'C:\Users\MARKEI~1\AppData\Local\Temp\asyprev_tvowmnov\r_e0fd56044e68.asy' 
e6bef047-fb8c-4caa-accb-48a07fbf0ea2	17ce70b5d1bf	;[asy]  ^ C:\Users\MARKEI~1\AppData\Local\Temp\asyprev_tvowmnov\r_17ce70b5d1bf.asy: 1.2: syntax error:  error: could not load module 'C:\Users\MARKEI~1\AppData\Local\Temp\asyprev_tvowmnov\r_17ce70b5d1bf.asy' 
e814c49c-1eaa-41f8-973b-381652b5acdd	c531174e98b1	[asy] ^ C:\Users\MARKEI~1\AppData\Local\Temp\asyprev_tvowmnov\r_c531174e98b1.asy: 1.1: syntax error:  error: could not load module 'C:\Users\MARKEI~1\AppData\Local\Temp\asyprev_tvowmnov\r_c531174e98b1.asy' 
e85e5b83-0a50-4641-b6b1-9b364cb65ff5	862e7e3e0a36	;[asy]  ^ C:\Users\MARKEI~1\AppData\Local\Temp\asyprev_tvowmnov\r_862e7e3e0a36.asy: 1.2: syntax error:  error: could not load module 'C:\Users\MARKEI~1\AppData\Local\Temp\asyprev_tvowmnov\r_862e7e3e0a36.asy' 
e919f8b1-c877-4b4b-b218-3fcf21e6be52	52e949c163e8	;[asy]  ^ C:\Users\MARKEI~1\AppData\Local\Temp\asyprev_tvowmnov\r_52e949c163e8.asy: 1.2: syntax error:  error: could not load module 'C:\Users\MARKEI~1\AppData\Local\Temp\asyprev_tvowmnov\r_52e949c163e8.asy' 
e89a8e98-7026-44c6-a1d0-3e4147f6f2c1	ab5416437108	;[asy]  ^ C:\Users\MARKEI~1\AppData\Local\Temp\asyprev_tvowmnov\r_ab5416437108.asy: 1.2: syntax error:  error: could not load module 'C:\Users\MARKEI~1\AppData\Local\Temp\asyprev_tvowmnov\r_ab5416437108.asy' 
e9467663-8924-4063-bfe3-89248457aba5	a3dfdccf5d0e	;[asy]  ^ C:\Users\MARKEI~1\AppData\Local\Temp\asyprev_tvowmnov\r_a3dfdccf5d0e.asy: 1.2: syntax error:  error: could not load module 'C:\Users\MARKEI~1\AppData\Local\Temp\asyprev_tvowmnov\r_a3dfdccf5d0e.asy' 
e98ce723-372e-44e9-87e7-168dd76c6c0a	fe7e83991cb3	;[asy]  ^ C:\Users\MARKEI~1\AppData\Local\Temp\asyprev_tvowmnov\r_fe7e83991cb3.asy: 1.2: syntax error:  error: could not load module 'C:\Users\MARKEI~1\AppData\Local\Temp\asyprev_tvowmnov\r_fe7e83991cb3.asy' 
e9a20357-fc36-41e9-b22f-ea40621bab7b	b5864045d350	;[asy]//https://artofproblemsolving.com/texer/ttbxziob  ^ C:\Users\MARKEI~1\AppData\Local\Temp\asyprev_tvowmnov\r_b5864045d350.asy: 1.2: syntax error:  error: could not load module 'C:\Users\MARKEI~1\AppData\Local\Temp\asyprev_tvowmnov\r_b5864045d350.asy' 
ea09b430-78eb-4390-9ba9-a8e6b97646ac	2e8b822b206b	;[asy]  ^ C:\Users\MARKEI~1\AppData\Local\Temp\asyprev_tvowmnov\r_2e8b822b206b.asy: 1.2: syntax error:  error: could not load module 'C:\Users\MARKEI~1\AppData\Local\Temp\asyprev_tvowmnov\r_2e8b822b206b.asy' 
e9e5ad58-7d64-45a4-b0d6-efd8277cee9f	71cd6b38f1f9	[asy] ^ C:\Users\MARKEI~1\AppData\Local\Temp\asyprev_tvowmnov\r_71cd6b38f1f9.asy: 1.1: syntax error:  error: could not load module 'C:\Users\MARKEI~1\AppData\Local\Temp\asyprev_tvowmnov\r_71cd6b38f1f9.asy' 
ea30183d-49a5-4094-8e46-02857ff590f8	15cd90c68a4f	[asy] ^ C:\Users\MARKEI~1\AppData\Local\Temp\asyprev_tvowmnov\r_15cd90c68a4f.asy: 1.1: syntax error:  error: could not load module 'C:\Users\MARKEI~1\AppData\Local\Temp\asyprev_tvowmnov\r_15cd90c68a4f.asy' 
eb73f2ee-9e29-48c3-b7b9-86cf70984fa2	c9a30d78a7e3	[asy] ^ C:\Users\MARKEI~1\AppData\Local\Temp\asyprev_tvowmnov\r_c9a30d78a7e3.asy: 1.1: syntax error:  error: could not load module 'C:\Users\MARKEI~1\AppData\Local\Temp\asyprev_tvowmnov\r_c9a30d78a7e3.asy' 
eb87133e-aa25-4fec-b2d6-bc5bcf658c6c	e68a3d22236f	;[asy]  ^ C:\Users\MARKEI~1\AppData\Local\Temp\asyprev_tvowmnov\r_e68a3d22236f.asy: 1.2: syntax error:  error: could not load module 'C:\Users\MARKEI~1\AppData\Local\Temp\asyprev_tvowmnov\r_e68a3d22236f.asy' 
ebc0cdfb-021a-4913-b651-953dc96be9c1	f30fe965de3b	;[asy]  ^ C:\Users\MARKEI~1\AppData\Local\Temp\asyprev_tvowmnov\r_f30fe965de3b.asy: 1.2: syntax error:  error: could not load module 'C:\Users\MARKEI~1\AppData\Local\Temp\asyprev_tvowmnov\r_f30fe965de3b.asy' 
ec1d0ea5-4d56-471c-b7e3-38e4ef2caf7e	c3899d1b0ea9	[asy] ^ C:\Users\MARKEI~1\AppData\Local\Temp\asyprev_tvowmnov\r_c3899d1b0ea9.asy: 1.1: syntax error:  error: could not load module 'C:\Users\MARKEI~1\AppData\Local\Temp\asyprev_tvowmnov\r_c3899d1b0ea9.asy' 
ec47fff3-5a06-4cb3-bd1b-6b341293bc88	2f905ad0d7b2	;[asy]  ^ C:\Users\MARKEI~1\AppData\Local\Temp\asyprev_tvowmnov\r_2f905ad0d7b2.asy: 1.2: syntax error:  error: could not load module 'C:\Users\MARKEI~1\AppData\Local\Temp\asyprev_tvowmnov\r_2f905ad0d7b2.asy' 
ec5eb15f-348e-4c2e-9623-f0240dd97228	a2dbb1622474	;[asy]  ^ C:\Users\MARKEI~1\AppData\Local\Temp\asyprev_tvowmnov\r_a2dbb1622474.asy: 1.2: syntax error:  error: could not load module 'C:\Users\MARKEI~1\AppData\Local\Temp\asyprev_tvowmnov\r_a2dbb1622474.asy' 
ecbf176f-1870-4b69-b8b4-8dc958dc4639	5f8f50e88bbd	[asy] ^ C:\Users\MARKEI~1\AppData\Local\Temp\asyprev_tvowmnov\r_5f8f50e88bbd.asy: 1.1: syntax error:  error: could not load module 'C:\Users\MARKEI~1\AppData\Local\Temp\asyprev_tvowmnov\r_5f8f50e88bbd.asy' 
ecee8d8a-5381-499b-ba5b-8c105c24d21b	fd5053314c51	;[asy]  ^ C:\Users\MARKEI~1\AppData\Local\Temp\asyprev_tvowmnov\r_fd5053314c51.asy: 1.2: syntax error:  error: could not load module 'C:\Users\MARKEI~1\AppData\Local\Temp\asyprev_tvowmnov\r_fd5053314c51.asy' 
edb42449-f0fc-41ca-b6f3-1d3364a34085	7b91a14295cc	;[asy]  ^ C:\Users\MARKEI~1\AppData\Local\Temp\asyprev_tvowmnov\r_7b91a14295cc.asy: 1.2: syntax error:  error: could not load module 'C:\Users\MARKEI~1\AppData\Local\Temp\asyprev_tvowmnov\r_7b91a14295cc.asy' 
ee27d5a8-d372-4845-8a12-71c19a0fd32a	7eda89088618	[asy] ^ C:\Users\MARKEI~1\AppData\Local\Temp\asyprev_tvowmnov\r_7eda89088618.asy: 1.1: syntax error:  error: could not load module 'C:\Users\MARKEI~1\AppData\Local\Temp\asyprev_tvowmnov\r_7eda89088618.asy' 
ee703f9b-e429-48a8-a72d-c89f7d0444dc	c65082a02b0c	;[asy]  ^ C:\Users\MARKEI~1\AppData\Local\Temp\asyprev_tvowmnov\r_c65082a02b0c.asy: 1.2: syntax error:  error: could not load module 'C:\Users\MARKEI~1\AppData\Local\Temp\asyprev_tvowmnov\r_c65082a02b0c.asy' 
ef97ccd6-54d1-4a00-b4fc-b45633b32c8a	7f7fb0311374	;[asy]  ^ C:\Users\MARKEI~1\AppData\Local\Temp\asyprev_tvowmnov\r_7f7fb0311374.asy: 1.2: syntax error:  error: could not load module 'C:\Users\MARKEI~1\AppData\Local\Temp\asyprev_tvowmnov\r_7f7fb0311374.asy' 
f010e9cf-a2e5-43f7-8364-64e3dc4d7d15	38d2667298cb	;[asy]  ^ C:\Users\MARKEI~1\AppData\Local\Temp\asyprev_tvowmnov\r_38d2667298cb.asy: 1.2: syntax error:  error: could not load module 'C:\Users\MARKEI~1\AppData\Local\Temp\asyprev_tvowmnov\r_38d2667298cb.asy' 
efa08b87-6bde-4c50-af28-9c3d865cebe6	e69041a909ae	;[asy]  ^ C:\Users\MARKEI~1\AppData\Local\Temp\asyprev_tvowmnov\r_e69041a909ae.asy: 1.2: syntax error:  error: could not load module 'C:\Users\MARKEI~1\AppData\Local\Temp\asyprev_tvowmnov\r_e69041a909ae.asy' 
f0d2643a-2746-41a7-9142-3e05ee689806	d71a0e49bde0	;[asy]  ^ C:\Users\MARKEI~1\AppData\Local\Temp\asyprev_tvowmnov\r_d71a0e49bde0.asy: 1.2: syntax error:  error: could not load module 'C:\Users\MARKEI~1\AppData\Local\Temp\asyprev_tvowmnov\r_d71a0e49bde0.asy' 
f1321631-237d-436a-acc3-7ea6e5310a37	c15ae4f75bc4	[asy] ^ C:\Users\MARKEI~1\AppData\Local\Temp\asyprev_tvowmnov\r_c15ae4f75bc4.asy: 1.1: syntax error:  error: could not load module 'C:\Users\MARKEI~1\AppData\Local\Temp\asyprev_tvowmnov\r_c15ae4f75bc4.asy' 
f1bccf56-a129-4a46-b9a6-6277e158de99	9cabeb97425a	;[asy]  ^ C:\Users\MARKEI~1\AppData\Local\Temp\asyprev_tvowmnov\r_9cabeb97425a.asy: 1.2: syntax error:  error: could not load module 'C:\Users\MARKEI~1\AppData\Local\Temp\asyprev_tvowmnov\r_9cabeb97425a.asy' 
f28a6fdb-0858-4b8c-9063-27261045fd46	bac85236edeb	;[asy]  ^ C:\Users\MARKEI~1\AppData\Local\Temp\asyprev_tvowmnov\r_bac85236edeb.asy: 1.2: syntax error:  error: could not load module 'C:\Users\MARKEI~1\AppData\Local\Temp\asyprev_tvowmnov\r_bac85236edeb.asy' 
f36ce50b-6e8a-42d0-9a4e-c3240fa7de3f	ac7bebf19099	;[asy]  ^ C:\Users\MARKEI~1\AppData\Local\Temp\asyprev_tvowmnov\r_ac7bebf19099.asy: 1.2: syntax error:  error: could not load module 'C:\Users\MARKEI~1\AppData\Local\Temp\asyprev_tvowmnov\r_ac7bebf19099.asy' 
f3a1d79f-844c-4094-8cd4-902947418f05	d390259b0c02	[asy] ^ C:\Users\MARKEI~1\AppData\Local\Temp\asyprev_tvowmnov\r_d390259b0c02.asy: 1.1: syntax error:  error: could not load module 'C:\Users\MARKEI~1\AppData\Local\Temp\asyprev_tvowmnov\r_d390259b0c02.asy' 
f3876e24-caa5-4015-ae28-6b6f07f7a88b	64cb38619457	[asy] ^ C:\Users\MARKEI~1\AppData\Local\Temp\asyprev_tvowmnov\r_64cb38619457.asy: 1.1: syntax error:  error: could not load module 'C:\Users\MARKEI~1\AppData\Local\Temp\asyprev_tvowmnov\r_64cb38619457.asy' 
f4c0b04d-d8eb-4bc7-a6b1-d411219aa139	f1544ff8d00e	;[asy]  ^ C:\Users\MARKEI~1\AppData\Local\Temp\asyprev_tvowmnov\r_f1544ff8d00e.asy: 1.2: syntax error:  error: could not load module 'C:\Users\MARKEI~1\AppData\Local\Temp\asyprev_tvowmnov\r_f1544ff8d00e.asy' 
f52b21b0-57ec-4fb3-a22e-1658672f8647	69e7531347c7	[asy] ^ C:\Users\MARKEI~1\AppData\Local\Temp\asyprev_tvowmnov\r_69e7531347c7.asy: 1.1: syntax error:  error: could not load module 'C:\Users\MARKEI~1\AppData\Local\Temp\asyprev_tvowmnov\r_69e7531347c7.asy' 
f54044ea-6aaf-4ce4-b5d7-97b3ae5a1328	c048683bb999	;[asy]  ^ C:\Users\MARKEI~1\AppData\Local\Temp\asyprev_tvowmnov\r_c048683bb999.asy: 1.2: syntax error:  error: could not load module 'C:\Users\MARKEI~1\AppData\Local\Temp\asyprev_tvowmnov\r_c048683bb999.asy' 
f58c1a8e-1566-49e1-a78a-6a7192929bf5	b72d9afcf9d7	[asy] ^ C:\Users\MARKEI~1\AppData\Local\Temp\asyprev_tvowmnov\r_b72d9afcf9d7.asy: 1.1: syntax error:  error: could not load module 'C:\Users\MARKEI~1\AppData\Local\Temp\asyprev_tvowmnov\r_b72d9afcf9d7.asy' 
f5c38346-9457-4a9a-820e-58e306d4efae	1a9479bc1df7	;[asy]  ^ C:\Users\MARKEI~1\AppData\Local\Temp\asyprev_tvowmnov\r_1a9479bc1df7.asy: 1.2: syntax error:  error: could not load module 'C:\Users\MARKEI~1\AppData\Local\Temp\asyprev_tvowmnov\r_1a9479bc1df7.asy' 
f5eac60e-3ac9-47ab-b813-b4a772f4ff27	5a6d769355a6	[asy] ^ C:\Users\MARKEI~1\AppData\Local\Temp\asyprev_tvowmnov\r_5a6d769355a6.asy: 1.1: syntax error:  error: could not load module 'C:\Users\MARKEI~1\AppData\Local\Temp\asyprev_tvowmnov\r_5a6d769355a6.asy' 
f67006be-b451-42c9-90b6-b506405e39bd	9283e440fc7c	;[asy]  ^ C:\Users\MARKEI~1\AppData\Local\Temp\asyprev_tvowmnov\r_9283e440fc7c.asy: 1.2: syntax error:  error: could not load module 'C:\Users\MARKEI~1\AppData\Local\Temp\asyprev_tvowmnov\r_9283e440fc7c.asy' 
f6926de8-00f6-4b68-83af-d37733bc2fc9	ad4c300e5cb8	;[asy]  ^ C:\Users\MARKEI~1\AppData\Local\Temp\asyprev_tvowmnov\r_ad4c300e5cb8.asy: 1.2: syntax error:  error: could not load module 'C:\Users\MARKEI~1\AppData\Local\Temp\asyprev_tvowmnov\r_ad4c300e5cb8.asy' 
f6c8aeae-8427-4fbf-a7cd-43f36be7b4be	5b3a59d6d5d2	[asy] ^ C:\Users\MARKEI~1\AppData\Local\Temp\asyprev_tvowmnov\r_5b3a59d6d5d2.asy: 1.1: syntax error:  error: could not load module 'C:\Users\MARKEI~1\AppData\Local\Temp\asyprev_tvowmnov\r_5b3a59d6d5d2.asy' 
f703b961-04f3-45e3-b102-49eb7d10875b	99ea19b73984	;[asy]  ^ C:\Users\MARKEI~1\AppData\Local\Temp\asyprev_tvowmnov\r_99ea19b73984.asy: 1.2: syntax error:  error: could not load module 'C:\Users\MARKEI~1\AppData\Local\Temp\asyprev_tvowmnov\r_99ea19b73984.asy' 
f7b27a7c-cdad-4594-848c-b882f4ffddd2	074af92a4df9	;[asy]  ^ C:\Users\MARKEI~1\AppData\Local\Temp\asyprev_tvowmnov\r_074af92a4df9.asy: 1.2: syntax error:  error: could not load module 'C:\Users\MARKEI~1\AppData\Local\Temp\asyprev_tvowmnov\r_074af92a4df9.asy' 
f7e1bb4c-adf0-421c-819c-64228fff4010	f2f834ce19fa	[asy] ^ C:\Users\MARKEI~1\AppData\Local\Temp\asyprev_tvowmnov\r_f2f834ce19fa.asy: 1.1: syntax error:  error: could not load module 'C:\Users\MARKEI~1\AppData\Local\Temp\asyprev_tvowmnov\r_f2f834ce19fa.asy' 
f7e42e77-8429-47bb-abe9-f4b846332f0b	dc09fefe4620	[asy] ^ C:\Users\MARKEI~1\AppData\Local\Temp\asyprev_tvowmnov\r_dc09fefe4620.asy: 1.1: syntax error:  error: could not load module 'C:\Users\MARKEI~1\AppData\Local\Temp\asyprev_tvowmnov\r_dc09fefe4620.asy' 
f8d5cfef-716f-4652-8fb2-65eca1cfe8c3	bfb7e69afed4	;[asy]  ^ C:\Users\MARKEI~1\AppData\Local\Temp\asyprev_tvowmnov\r_bfb7e69afed4.asy: 1.2: syntax error:  error: could not load module 'C:\Users\MARKEI~1\AppData\Local\Temp\asyprev_tvowmnov\r_bfb7e69afed4.asy' 
f8d6d55f-9829-48fd-8110-8849b7e847a7	a6e41c7e0265	;[asy]  ^ C:\Users\MARKEI~1\AppData\Local\Temp\asyprev_tvowmnov\r_a6e41c7e0265.asy: 1.2: syntax error:  error: could not load module 'C:\Users\MARKEI~1\AppData\Local\Temp\asyprev_tvowmnov\r_a6e41c7e0265.asy' 
f8fd368b-c01a-4b92-9673-d1c3cd9b797f	53bed84ba93a	;[asy]  ^ C:\Users\MARKEI~1\AppData\Local\Temp\asyprev_tvowmnov\r_53bed84ba93a.asy: 1.2: syntax error:  error: could not load module 'C:\Users\MARKEI~1\AppData\Local\Temp\asyprev_tvowmnov\r_53bed84ba93a.asy' 
f904db65-8b06-41bc-a485-0e72947ec982	96bb630adfe8	;[asy]  ^ C:\Users\MARKEI~1\AppData\Local\Temp\asyprev_tvowmnov\r_96bb630adfe8.asy: 1.2: syntax error:  error: could not load module 'C:\Users\MARKEI~1\AppData\Local\Temp\asyprev_tvowmnov\r_96bb630adfe8.asy' 
f976ede9-4ef9-4b2f-991e-e6d4ae39d590	4ac86154e601	[asy] ^ C:\Users\MARKEI~1\AppData\Local\Temp\asyprev_tvowmnov\r_4ac86154e601.asy: 1.1: syntax error:  error: could not load module 'C:\Users\MARKEI~1\AppData\Local\Temp\asyprev_tvowmnov\r_4ac86154e601.asy' 
f9b40204-2aa6-408e-ba36-741045389bac	cb1e116c8f2b	;[asy]  ^ C:\Users\MARKEI~1\AppData\Local\Temp\asyprev_tvowmnov\r_cb1e116c8f2b.asy: 1.2: syntax error:  error: could not load module 'C:\Users\MARKEI~1\AppData\Local\Temp\asyprev_tvowmnov\r_cb1e116c8f2b.asy' 
fb4d1c41-71c1-4ef6-a22e-08c1fb06fcc6	33cd62e5c8dd	;[asy]  ^ C:\Users\MARKEI~1\AppData\Local\Temp\asyprev_tvowmnov\r_33cd62e5c8dd.asy: 1.2: syntax error:  error: could not load module 'C:\Users\MARKEI~1\AppData\Local\Temp\asyprev_tvowmnov\r_33cd62e5c8dd.asy' 
fbefac08-898b-45a3-8578-f5d4ed7f761f	dae565a1d81a	;[asy]  ^ C:\Users\MARKEI~1\AppData\Local\Temp\asyprev_tvowmnov\r_dae565a1d81a.asy: 1.2: syntax error:  error: could not load module 'C:\Users\MARKEI~1\AppData\Local\Temp\asyprev_tvowmnov\r_dae565a1d81a.asy' 
fbcf8d16-592f-4acb-9e1b-b2052ffba4af	924e09d61e59	[asy] ^ C:\Users\MARKEI~1\AppData\Local\Temp\asyprev_tvowmnov\r_924e09d61e59.asy: 1.1: syntax error:  error: could not load module 'C:\Users\MARKEI~1\AppData\Local\Temp\asyprev_tvowmnov\r_924e09d61e59.asy' 
fc18ff02-6481-4aef-9372-b08d121a8e94	4f1efa1472c8	[asy] ^ C:\Users\MARKEI~1\AppData\Local\Temp\asyprev_tvowmnov\r_4f1efa1472c8.asy: 1.1: syntax error:  error: could not load module 'C:\Users\MARKEI~1\AppData\Local\Temp\asyprev_tvowmnov\r_4f1efa1472c8.asy' 
fd0afd80-5078-4896-9aff-a64674180615	add2dc063660	;[asy]  ^ C:\Users\MARKEI~1\AppData\Local\Temp\asyprev_tvowmnov\r_add2dc063660.asy: 1.2: syntax error:  error: could not load module 'C:\Users\MARKEI~1\AppData\Local\Temp\asyprev_tvowmnov\r_add2dc063660.asy' 
fc93876d-158c-4158-8d7d-ee33052b7d6b	953a32862763	;[asy]  ^ C:\Users\MARKEI~1\AppData\Local\Temp\asyprev_tvowmnov\r_953a32862763.asy: 1.2: syntax error:  error: could not load module 'C:\Users\MARKEI~1\AppData\Local\Temp\asyprev_tvowmnov\r_953a32862763.asy' 
fd5ff098-a862-4c11-833c-b16bc069754f	2c733b2ca2f2	;[asy]  ^ C:\Users\MARKEI~1\AppData\Local\Temp\asyprev_tvowmnov\r_2c733b2ca2f2.asy: 1.2: syntax error:  error: could not load module 'C:\Users\MARKEI~1\AppData\Local\Temp\asyprev_tvowmnov\r_2c733b2ca2f2.asy' 
fdba6af2-c51b-4aa7-876c-ccaabb526a8f	7b4a26c51ec3	;[asy]  ^ C:\Users\MARKEI~1\AppData\Local\Temp\asyprev_tvowmnov\r_7b4a26c51ec3.asy: 1.2: syntax error:  error: could not load module 'C:\Users\MARKEI~1\AppData\Local\Temp\asyprev_tvowmnov\r_7b4a26c51ec3.asy' 
fe027dee-1dc1-429c-9b21-a3f76346c0fd	92ace0fca78e	;[asy]  ^ C:\Users\MARKEI~1\AppData\Local\Temp\asyprev_tvowmnov\r_92ace0fca78e.asy: 1.2: syntax error:  error: could not load module 'C:\Users\MARKEI~1\AppData\Local\Temp\asyprev_tvowmnov\r_92ace0fca78e.asy' 
fe382a40-7945-4caf-bfe6-580a46e2563a	32a1e85a3804	;[asy]  ^ C:\Users\MARKEI~1\AppData\Local\Temp\asyprev_tvowmnov\r_32a1e85a3804.asy: 1.2: syntax error:  error: could not load module 'C:\Users\MARKEI~1\AppData\Local\Temp\asyprev_tvowmnov\r_32a1e85a3804.asy' 
fe542dd9-8e65-43e0-99fe-d3aa5b161b34	7f5ce645f3d2	;[asy]  ^ C:\Users\MARKEI~1\AppData\Local\Temp\asyprev_tvowmnov\r_7f5ce645f3d2.asy: 1.2: syntax error:  error: could not load module 'C:\Users\MARKEI~1\AppData\Local\Temp\asyprev_tvowmnov\r_7f5ce645f3d2.asy' 
ff5e18b4-4f5b-410a-a0b8-8c33c8bab13f	dc791a22e95f	[asy] ^ C:\Users\MARKEI~1\AppData\Local\Temp\asyprev_tvowmnov\r_dc791a22e95f.asy: 1.1: syntax error:  error: could not load module 'C:\Users\MARKEI~1\AppData\Local\Temp\asyprev_tvowmnov\r_dc791a22e95f.asy' 
feb9bd1c-2fcc-4b95-9260-0403ab97fb63	c3ef96e0c345	;[asy]  ^ C:\Users\MARKEI~1\AppData\Local\Temp\asyprev_tvowmnov\r_c3ef96e0c345.asy: 1.2: syntax error:  error: could not load module 'C:\Users\MARKEI~1\AppData\Local\Temp\asyprev_tvowmnov\r_c3ef96e0c345.asy' 
ff9cf6ca-7ac4-47d8-be57-ac612b58a5c1	f725ce9b030a	;[asy]  ^ C:\Users\MARKEI~1\AppData\Local\Temp\asyprev_tvowmnov\r_f725ce9b030a.asy: 1.2: syntax error:  error: could not load module 'C:\Users\MARKEI~1\AppData\Local\Temp\asyprev_tvowmnov\r_f725ce9b030a.asy' 
ffc15272-9739-4227-95f5-e577615264f9	14bd858411d7	;[asy]  ^ C:\Users\MARKEI~1\AppData\Local\Temp\asyprev_tvowmnov\r_14bd858411d7.asy: 1.2: syntax error:  error: could not load module 'C:\Users\MARKEI~1\AppData\Local\Temp\asyprev_tvowmnov\r_14bd858411d7.asy' 
0192f09d-9d02-4757-94bb-9b09ab968d44	271c69a70efb	;[asy]  ^ C:\Users\MARKEI~1\AppData\Local\Temp\asyprev_tvowmnov\r_271c69a70efb.asy: 1.2: syntax error:  error: could not load module 'C:\Users\MARKEI~1\AppData\Local\Temp\asyprev_tvowmnov\r_271c69a70efb.asy' 
ffc51c22-096b-4914-8794-33f5ea927b53	1cffb055eeab	[asy] ^ C:\Users\MARKEI~1\AppData\Local\Temp\asyprev_tvowmnov\r_1cffb055eeab.asy: 1.1: syntax error:  error: could not load module 'C:\Users\MARKEI~1\AppData\Local\Temp\asyprev_tvowmnov\r_1cffb055eeab.asy' 
27d3f029-6359-4205-8f65-ef8324f76f12	199972e69436	;[asy]  ^ C:\Users\MARKEI~1\AppData\Local\Temp\asyprev_tvowmnov\r_199972e69436.asy: 1.2: syntax error:  error: could not load module 'C:\Users\MARKEI~1\AppData\Local\Temp\asyprev_tvowmnov\r_199972e69436.asy' 
1456eed9-482d-4496-8bc6-b9e83f98ba8a	821864ce68f8	;[asy]  ^ C:\Users\MARKEI~1\AppData\Local\Temp\asyprev_tvowmnov\r_821864ce68f8.asy: 1.2: syntax error:  error: could not load module 'C:\Users\MARKEI~1\AppData\Local\Temp\asyprev_tvowmnov\r_821864ce68f8.asy' 
28eb9dcc-5b70-4672-aebc-5f9aabb0d820	f8bf2872a471	;[asy]  ^ C:\Users\MARKEI~1\AppData\Local\Temp\asyprev_tvowmnov\r_f8bf2872a471.asy: 1.2: syntax error:  error: could not load module 'C:\Users\MARKEI~1\AppData\Local\Temp\asyprev_tvowmnov\r_f8bf2872a471.asy' 
2b8d5006-d5f2-4d77-963b-6b2235ba4d06	263aa532695a	;[asy]  ^ C:\Users\MARKEI~1\AppData\Local\Temp\asyprev_tvowmnov\r_263aa532695a.asy: 1.2: syntax error:  error: could not load module 'C:\Users\MARKEI~1\AppData\Local\Temp\asyprev_tvowmnov\r_263aa532695a.asy' 
3bf11ebb-fb9a-4bf7-8bae-a67d023551cf	8a171acbb649	;[asy]  ^ C:\Users\MARKEI~1\AppData\Local\Temp\asyprev_tvowmnov\r_8a171acbb649.asy: 1.2: syntax error:  error: could not load module 'C:\Users\MARKEI~1\AppData\Local\Temp\asyprev_tvowmnov\r_8a171acbb649.asy' 
4c499478-493d-4ab8-b023-3ca65e770c84	0da0a92962a7	;[asy]  ^ C:\Users\MARKEI~1\AppData\Local\Temp\asyprev_tvowmnov\r_0da0a92962a7.asy: 1.2: syntax error:  error: could not load module 'C:\Users\MARKEI~1\AppData\Local\Temp\asyprev_tvowmnov\r_0da0a92962a7.asy' 
4f6b94e1-2d06-4409-9fec-084f2b7050e7	d93e6e409f12	;[asy]  ^ C:\Users\MARKEI~1\AppData\Local\Temp\asyprev_tvowmnov\r_d93e6e409f12.asy: 1.2: syntax error:  error: could not load module 'C:\Users\MARKEI~1\AppData\Local\Temp\asyprev_tvowmnov\r_d93e6e409f12.asy' 
640656ea-bf46-4305-b3a9-329b7de8556c	69c77ac39791	;[asy]  ^ C:\Users\MARKEI~1\AppData\Local\Temp\asyprev_tvowmnov\r_69c77ac39791.asy: 1.2: syntax error:  error: could not load module 'C:\Users\MARKEI~1\AppData\Local\Temp\asyprev_tvowmnov\r_69c77ac39791.asy' 
6a9cd6b7-0535-47b2-80bc-d588be784ee2	1c2d71d4dd48	;[asy]  ^ C:\Users\MARKEI~1\AppData\Local\Temp\asyprev_tvowmnov\r_1c2d71d4dd48.asy: 1.2: syntax error:  error: could not load module 'C:\Users\MARKEI~1\AppData\Local\Temp\asyprev_tvowmnov\r_1c2d71d4dd48.asy' 
6cc23fa3-8fd5-49e0-ad36-24b2f064f920	f7eb289d9a71	;[asy]  ^ C:\Users\MARKEI~1\AppData\Local\Temp\asyprev_tvowmnov\r_f7eb289d9a71.asy: 1.2: syntax error:  error: could not load module 'C:\Users\MARKEI~1\AppData\Local\Temp\asyprev_tvowmnov\r_f7eb289d9a71.asy' 
83f7b0f6-07e1-4b23-b4ea-4b58b3959c77	502e9603a431	;[asy]  ^ C:\Users\MARKEI~1\AppData\Local\Temp\asyprev_tvowmnov\r_502e9603a431.asy: 1.2: syntax error:  error: could not load module 'C:\Users\MARKEI~1\AppData\Local\Temp\asyprev_tvowmnov\r_502e9603a431.asy' 
6f7a0977-5173-4a16-af42-7a53eae164e7	3714be872648	;[asy]  ^ C:\Users\MARKEI~1\AppData\Local\Temp\asyprev_tvowmnov\r_3714be872648.asy: 1.2: syntax error:  error: could not load module 'C:\Users\MARKEI~1\AppData\Local\Temp\asyprev_tvowmnov\r_3714be872648.asy' 
7d092a9d-fb54-4ffb-9a94-ec95940d395d	52f0d59d38d2	;[asy]  ^ C:\Users\MARKEI~1\AppData\Local\Temp\asyprev_tvowmnov\r_52f0d59d38d2.asy: 1.2: syntax error:  error: could not load module 'C:\Users\MARKEI~1\AppData\Local\Temp\asyprev_tvowmnov\r_52f0d59d38d2.asy' 
87e0fe45-ea02-4e89-b7e4-e8b5d9510f00	369f2230d55e	;[asy]  ^ C:\Users\MARKEI~1\AppData\Local\Temp\asyprev_tvowmnov\r_369f2230d55e.asy: 1.2: syntax error:  error: could not load module 'C:\Users\MARKEI~1\AppData\Local\Temp\asyprev_tvowmnov\r_369f2230d55e.asy' 
bd4c163c-8d15-45db-ab89-79ca8bb1e115	30f13b41e3de	;[asy]  ^ C:\Users\MARKEI~1\AppData\Local\Temp\asyprev_tvowmnov\r_30f13b41e3de.asy: 1.2: syntax error:  error: could not load module 'C:\Users\MARKEI~1\AppData\Local\Temp\asyprev_tvowmnov\r_30f13b41e3de.asy' 
a65c503b-0323-4a49-8e05-b357153e1884	c9792fa15ca2	;[asy]  ^ C:\Users\MARKEI~1\AppData\Local\Temp\asyprev_tvowmnov\r_c9792fa15ca2.asy: 1.2: syntax error:  error: could not load module 'C:\Users\MARKEI~1\AppData\Local\Temp\asyprev_tvowmnov\r_c9792fa15ca2.asy' 
a15605dd-8519-4ee1-b1d4-0baee1fbf568	1149616ab529	;[asy]  ^ C:\Users\MARKEI~1\AppData\Local\Temp\asyprev_tvowmnov\r_1149616ab529.asy: 1.2: syntax error:  error: could not load module 'C:\Users\MARKEI~1\AppData\Local\Temp\asyprev_tvowmnov\r_1149616ab529.asy' 
c736a624-ff3d-40a4-b5dc-8aaf963c7f76	46f15b36ee7e	;[asy]  ^ C:\Users\MARKEI~1\AppData\Local\Temp\asyprev_tvowmnov\r_46f15b36ee7e.asy: 1.2: syntax error:  error: could not load module 'C:\Users\MARKEI~1\AppData\Local\Temp\asyprev_tvowmnov\r_46f15b36ee7e.asy' 
cf14c3ce-3da1-47fe-85f0-a7160a57b59f	edec5252ebf0	;[asy]  ^ C:\Users\MARKEI~1\AppData\Local\Temp\asyprev_tvowmnov\r_edec5252ebf0.asy: 1.2: syntax error:  error: could not load module 'C:\Users\MARKEI~1\AppData\Local\Temp\asyprev_tvowmnov\r_edec5252ebf0.asy' 
c1d71d72-006c-4f00-82e1-0685de328b36	8922601b48d3	;[asy]  ^ C:\Users\MARKEI~1\AppData\Local\Temp\asyprev_tvowmnov\r_8922601b48d3.asy: 1.2: syntax error:  error: could not load module 'C:\Users\MARKEI~1\AppData\Local\Temp\asyprev_tvowmnov\r_8922601b48d3.asy' 
c59589b5-247a-482d-a51b-bc69729352bb	cd4fb249e599	;[asy]  ^ C:\Users\MARKEI~1\AppData\Local\Temp\asyprev_tvowmnov\r_cd4fb249e599.asy: 1.2: syntax error:  error: could not load module 'C:\Users\MARKEI~1\AppData\Local\Temp\asyprev_tvowmnov\r_cd4fb249e599.asy' 
e74b5312-f013-4c85-9cb2-d91f3fe99b8d	e051edea7e03	;[asy]  ^ C:\Users\MARKEI~1\AppData\Local\Temp\asyprev_tvowmnov\r_e051edea7e03.asy: 1.2: syntax error:  error: could not load module 'C:\Users\MARKEI~1\AppData\Local\Temp\asyprev_tvowmnov\r_e051edea7e03.asy' 
eb8fc09b-f6c4-4270-8370-e786c4ed10a9	a75ad455c56b	;[asy]  ^ C:\Users\MARKEI~1\AppData\Local\Temp\asyprev_tvowmnov\r_a75ad455c56b.asy: 1.2: syntax error:  error: could not load module 'C:\Users\MARKEI~1\AppData\Local\Temp\asyprev_tvowmnov\r_a75ad455c56b.asy' 
007ed8ba-b0ad-4246-a1aa-df715e6c141c	b2b611e9bfc3	;[asy]  ^ C:\Users\MARKEI~1\AppData\Local\Temp\asyprev_tvowmnov\r_b2b611e9bfc3.asy: 1.2: syntax error:  error: could not load module 'C:\Users\MARKEI~1\AppData\Local\Temp\asyprev_tvowmnov\r_b2b611e9bfc3.asy' 
fad12cea-28b3-43f8-9e49-d879ae14b614	0c66a49efc7f	;[asy]  ^ C:\Users\MARKEI~1\AppData\Local\Temp\asyprev_tvowmnov\r_0c66a49efc7f.asy: 1.2: syntax error:  error: could not load module 'C:\Users\MARKEI~1\AppData\Local\Temp\asyprev_tvowmnov\r_0c66a49efc7f.asy' 
03c64e8d-5053-4b3d-aefe-c006d8acf881	d98a5716e164	;[asy]  ^ C:\Users\MARKEI~1\AppData\Local\Temp\asyprev_tvowmnov\r_d98a5716e164.asy: 1.2: syntax error:  error: could not load module 'C:\Users\MARKEI~1\AppData\Local\Temp\asyprev_tvowmnov\r_d98a5716e164.asy' 
00bf5e4e-45df-49be-932c-18562dfedceb	59ba85989983	;[asy]  ^ C:\Users\MARKEI~1\AppData\Local\Temp\asyprev_tvowmnov\r_59ba85989983.asy: 1.2: syntax error:  error: could not load module 'C:\Users\MARKEI~1\AppData\Local\Temp\asyprev_tvowmnov\r_59ba85989983.asy' 
03c83452-d17f-4e17-9db2-940be3964318	f109a7007727	;[asy]  ^ C:\Users\MARKEI~1\AppData\Local\Temp\asyprev_tvowmnov\r_f109a7007727.asy: 1.2: syntax error:  error: could not load module 'C:\Users\MARKEI~1\AppData\Local\Temp\asyprev_tvowmnov\r_f109a7007727.asy' 
04566e7e-35a9-4767-8471-2b0754c635f7	5f0c041da2dd	;[asy]  ^ C:\Users\MARKEI~1\AppData\Local\Temp\asyprev_tvowmnov\r_5f0c041da2dd.asy: 1.2: syntax error:  error: could not load module 'C:\Users\MARKEI~1\AppData\Local\Temp\asyprev_tvowmnov\r_5f0c041da2dd.asy' 
045cb25e-f4d4-432c-8625-39575bc3e856	22810eab94aa	[asy] ^ C:\Users\MARKEI~1\AppData\Local\Temp\asyprev_tvowmnov\r_22810eab94aa.asy: 1.1: syntax error:  error: could not load module 'C:\Users\MARKEI~1\AppData\Local\Temp\asyprev_tvowmnov\r_22810eab94aa.asy' 
04919e86-bce9-48b6-a52f-accf13ec41ad	7a9326ef4426	;[asy]  ^ C:\Users\MARKEI~1\AppData\Local\Temp\asyprev_tvowmnov\r_7a9326ef4426.asy: 1.2: syntax error:  error: could not load module 'C:\Users\MARKEI~1\AppData\Local\Temp\asyprev_tvowmnov\r_7a9326ef4426.asy' 
05b3f8b0-f231-44ac-80e7-54ffd1d3bcc3	924080235006	[asy] ^ C:\Users\MARKEI~1\AppData\Local\Temp\asyprev_tvowmnov\r_924080235006.asy: 1.1: syntax error:  error: could not load module 'C:\Users\MARKEI~1\AppData\Local\Temp\asyprev_tvowmnov\r_924080235006.asy' 
06c9ffdf-2d67-41e1-a605-0b5d634c3549	653ec11ce065	[asy] ^ C:\Users\MARKEI~1\AppData\Local\Temp\asyprev_tvowmnov\r_653ec11ce065.asy: 1.1: syntax error:  error: could not load module 'C:\Users\MARKEI~1\AppData\Local\Temp\asyprev_tvowmnov\r_653ec11ce065.asy' 
05e26241-295d-46aa-9d7b-ae1509d1d1ad	9c1f7b0d425c	[asy] ^ C:\Users\MARKEI~1\AppData\Local\Temp\asyprev_tvowmnov\r_9c1f7b0d425c.asy: 1.1: syntax error:  error: could not load module 'C:\Users\MARKEI~1\AppData\Local\Temp\asyprev_tvowmnov\r_9c1f7b0d425c.asy' 
07d0a625-96a6-4751-87f4-59cb63ba8b21	157d9c49a9ed	[asy] ^ C:\Users\MARKEI~1\AppData\Local\Temp\asyprev_tvowmnov\r_157d9c49a9ed.asy: 1.1: syntax error:  error: could not load module 'C:\Users\MARKEI~1\AppData\Local\Temp\asyprev_tvowmnov\r_157d9c49a9ed.asy' 
086c22e4-3c26-462d-ad33-42a591f6e78d	1bbd7a82f689	[asy] ^ C:\Users\MARKEI~1\AppData\Local\Temp\asyprev_tvowmnov\r_1bbd7a82f689.asy: 1.1: syntax error:  error: could not load module 'C:\Users\MARKEI~1\AppData\Local\Temp\asyprev_tvowmnov\r_1bbd7a82f689.asy' 
0a965b0d-141c-478e-b14e-70a09b79b905	5e4825c64b6e	;[asy]  ^ C:\Users\MARKEI~1\AppData\Local\Temp\asyprev_tvowmnov\r_5e4825c64b6e.asy: 1.2: syntax error:  error: could not load module 'C:\Users\MARKEI~1\AppData\Local\Temp\asyprev_tvowmnov\r_5e4825c64b6e.asy' 
0aa9615d-3948-4961-baa9-f67dbf633f86	7a39ed99855d	[asy] ^ C:\Users\MARKEI~1\AppData\Local\Temp\asyprev_tvowmnov\r_7a39ed99855d.asy: 1.1: syntax error:  error: could not load module 'C:\Users\MARKEI~1\AppData\Local\Temp\asyprev_tvowmnov\r_7a39ed99855d.asy' 
0c613061-5b9d-4830-a9a1-cdec57773cf7	869139c5b8d6	[asy] ^ C:\Users\MARKEI~1\AppData\Local\Temp\asyprev_tvowmnov\r_869139c5b8d6.asy: 1.1: syntax error:  error: could not load module 'C:\Users\MARKEI~1\AppData\Local\Temp\asyprev_tvowmnov\r_869139c5b8d6.asy' 
0e39ebff-a7f4-47de-929e-99ea667ac3ac	a8777f065324	[asy] ^ C:\Users\MARKEI~1\AppData\Local\Temp\asyprev_tvowmnov\r_a8777f065324.asy: 1.1: syntax error:  error: could not load module 'C:\Users\MARKEI~1\AppData\Local\Temp\asyprev_tvowmnov\r_a8777f065324.asy' 
0e767b42-d504-4c03-8b5c-f5cf120eef95	99e97ee777a9	[asy] ^ C:\Users\MARKEI~1\AppData\Local\Temp\asyprev_tvowmnov\r_99e97ee777a9.asy: 1.1: syntax error:  error: could not load module 'C:\Users\MARKEI~1\AppData\Local\Temp\asyprev_tvowmnov\r_99e97ee777a9.asy' 
0ea102a4-8792-4a84-84fd-001736a8335e	4c6d29eee38c	[asy] ^ C:\Users\MARKEI~1\AppData\Local\Temp\asyprev_tvowmnov\r_4c6d29eee38c.asy: 1.1: syntax error:  error: could not load module 'C:\Users\MARKEI~1\AppData\Local\Temp\asyprev_tvowmnov\r_4c6d29eee38c.asy' 
0f7113f6-f152-40e7-87ac-b6b5bf5359e1	de3dd638a28d	;[asy]  ^ C:\Users\MARKEI~1\AppData\Local\Temp\asyprev_tvowmnov\r_de3dd638a28d.asy: 1.2: syntax error:  error: could not load module 'C:\Users\MARKEI~1\AppData\Local\Temp\asyprev_tvowmnov\r_de3dd638a28d.asy' 
0f0a7806-6fba-476a-800e-586e263af030	3bf1b3d38c87	[asy] ^ C:\Users\MARKEI~1\AppData\Local\Temp\asyprev_tvowmnov\r_3bf1b3d38c87.asy: 1.1: syntax error:  error: could not load module 'C:\Users\MARKEI~1\AppData\Local\Temp\asyprev_tvowmnov\r_3bf1b3d38c87.asy' 
0fd9d76e-9d08-4c49-8777-17a023074165	3d87af3f82c5	;[asy]  ^ C:\Users\MARKEI~1\AppData\Local\Temp\asyprev_tvowmnov\r_3d87af3f82c5.asy: 1.2: syntax error:  error: could not load module 'C:\Users\MARKEI~1\AppData\Local\Temp\asyprev_tvowmnov\r_3d87af3f82c5.asy' 
107cd19c-da99-46ad-91f8-bdee94f701d7	df1a7ee34dc4	;[asy]  ^ C:\Users\MARKEI~1\AppData\Local\Temp\asyprev_tvowmnov\r_df1a7ee34dc4.asy: 1.2: syntax error:  error: could not load module 'C:\Users\MARKEI~1\AppData\Local\Temp\asyprev_tvowmnov\r_df1a7ee34dc4.asy' 
10868a11-99c6-48a8-8bc8-39e0700a136a	f786b2baaa80	[asy] ^ C:\Users\MARKEI~1\AppData\Local\Temp\asyprev_tvowmnov\r_f786b2baaa80.asy: 1.1: syntax error:  error: could not load module 'C:\Users\MARKEI~1\AppData\Local\Temp\asyprev_tvowmnov\r_f786b2baaa80.asy' 
108c97b5-9e96-4436-bbc7-e6a07c875df7	a808f425a1dc	[asy] ^ C:\Users\MARKEI~1\AppData\Local\Temp\asyprev_tvowmnov\r_a808f425a1dc.asy: 1.1: syntax error:  error: could not load module 'C:\Users\MARKEI~1\AppData\Local\Temp\asyprev_tvowmnov\r_a808f425a1dc.asy' 
1234149a-39c5-4a72-9723-8e38c988b76f	30050221195e	;[asy]  ^ C:\Users\MARKEI~1\AppData\Local\Temp\asyprev_tvowmnov\r_30050221195e.asy: 1.2: syntax error:  error: could not load module 'C:\Users\MARKEI~1\AppData\Local\Temp\asyprev_tvowmnov\r_30050221195e.asy' 
137f0e63-e66b-4c7c-be42-9a9fd4e9064b	69a4e68918d5	;[asy]  ^ C:\Users\MARKEI~1\AppData\Local\Temp\asyprev_tvowmnov\r_69a4e68918d5.asy: 1.2: syntax error:  error: could not load module 'C:\Users\MARKEI~1\AppData\Local\Temp\asyprev_tvowmnov\r_69a4e68918d5.asy' 
1243c89c-0997-4800-8e99-68c3648a636d	897d6236a6e3	[asy] ^ C:\Users\MARKEI~1\AppData\Local\Temp\asyprev_tvowmnov\r_897d6236a6e3.asy: 1.1: syntax error:  error: could not load module 'C:\Users\MARKEI~1\AppData\Local\Temp\asyprev_tvowmnov\r_897d6236a6e3.asy' 
1511ae32-4bbb-4442-a0e4-9839799587e5	da0007a9b061	[asy] ^ C:\Users\MARKEI~1\AppData\Local\Temp\asyprev_tvowmnov\r_da0007a9b061.asy: 1.1: syntax error:  error: could not load module 'C:\Users\MARKEI~1\AppData\Local\Temp\asyprev_tvowmnov\r_da0007a9b061.asy' 
16aabd58-48ff-471d-bea8-1d597198e3cf	3768e8ca2355	;[asy]  ^ C:\Users\MARKEI~1\AppData\Local\Temp\asyprev_tvowmnov\r_3768e8ca2355.asy: 1.2: syntax error:  error: could not load module 'C:\Users\MARKEI~1\AppData\Local\Temp\asyprev_tvowmnov\r_3768e8ca2355.asy' 
1675c7eb-4d41-490e-9ea8-04b495f86aff	39d4d780981f	[asy] ^ C:\Users\MARKEI~1\AppData\Local\Temp\asyprev_tvowmnov\r_39d4d780981f.asy: 1.1: syntax error:  error: could not load module 'C:\Users\MARKEI~1\AppData\Local\Temp\asyprev_tvowmnov\r_39d4d780981f.asy' 
17382af9-9aa8-46a4-afee-45dcdf707375	f1f13ca20b5f	;[asy]  ^ C:\Users\MARKEI~1\AppData\Local\Temp\asyprev_tvowmnov\r_f1f13ca20b5f.asy: 1.2: syntax error:  error: could not load module 'C:\Users\MARKEI~1\AppData\Local\Temp\asyprev_tvowmnov\r_f1f13ca20b5f.asy' 
17560c8a-828b-4af6-bfdb-ce3fc4cb7239	dfc5966ff80e	[asy] ^ C:\Users\MARKEI~1\AppData\Local\Temp\asyprev_tvowmnov\r_dfc5966ff80e.asy: 1.1: syntax error:  error: could not load module 'C:\Users\MARKEI~1\AppData\Local\Temp\asyprev_tvowmnov\r_dfc5966ff80e.asy' 
1785cbe4-7d76-41cb-90f5-20385f5d1e54	93b10b1d4933	[asy] ^ C:\Users\MARKEI~1\AppData\Local\Temp\asyprev_tvowmnov\r_93b10b1d4933.asy: 1.1: syntax error:  error: could not load module 'C:\Users\MARKEI~1\AppData\Local\Temp\asyprev_tvowmnov\r_93b10b1d4933.asy' 
17e0448e-66a2-41d0-9079-6c1e8d9468ce	d319181c143d	;[asy]  ^ C:\Users\MARKEI~1\AppData\Local\Temp\asyprev_tvowmnov\r_d319181c143d.asy: 1.2: syntax error:  error: could not load module 'C:\Users\MARKEI~1\AppData\Local\Temp\asyprev_tvowmnov\r_d319181c143d.asy' 
18aaa25a-062d-454d-b722-f1522253a82f	307e495c84f4	;[asy]  ^ C:\Users\MARKEI~1\AppData\Local\Temp\asyprev_tvowmnov\r_307e495c84f4.asy: 1.2: syntax error:  error: could not load module 'C:\Users\MARKEI~1\AppData\Local\Temp\asyprev_tvowmnov\r_307e495c84f4.asy' 
19474612-e31d-41b1-8c9b-5af1afb7a78d	de871e1a5d74	[asy] ^ C:\Users\MARKEI~1\AppData\Local\Temp\asyprev_tvowmnov\r_de871e1a5d74.asy: 1.1: syntax error:  error: could not load module 'C:\Users\MARKEI~1\AppData\Local\Temp\asyprev_tvowmnov\r_de871e1a5d74.asy' 
19c91ddf-c625-443d-b696-9588d3f1ccea	c3080d6dfbf8	[asy] ^ C:\Users\MARKEI~1\AppData\Local\Temp\asyprev_tvowmnov\r_c3080d6dfbf8.asy: 1.1: syntax error:  error: could not load module 'C:\Users\MARKEI~1\AppData\Local\Temp\asyprev_tvowmnov\r_c3080d6dfbf8.asy' 
1c0eff97-4941-44bc-92a1-7c9d963b08c6	8c7a7f4f4d6e	[asy] ^ C:\Users\MARKEI~1\AppData\Local\Temp\asyprev_tvowmnov\r_8c7a7f4f4d6e.asy: 1.1: syntax error:  error: could not load module 'C:\Users\MARKEI~1\AppData\Local\Temp\asyprev_tvowmnov\r_8c7a7f4f4d6e.asy' 
1bec3c25-fc22-4348-bf96-03e63b81b9fb	99cccce28c97	;[asy]  ^ C:\Users\MARKEI~1\AppData\Local\Temp\asyprev_tvowmnov\r_99cccce28c97.asy: 1.2: syntax error:  error: could not load module 'C:\Users\MARKEI~1\AppData\Local\Temp\asyprev_tvowmnov\r_99cccce28c97.asy' 
1de70473-08f2-4938-b3d7-3fc11aed4dd2	1d56c35bdde8	[asy] ^ C:\Users\MARKEI~1\AppData\Local\Temp\asyprev_tvowmnov\r_1d56c35bdde8.asy: 1.1: syntax error:  error: could not load module 'C:\Users\MARKEI~1\AppData\Local\Temp\asyprev_tvowmnov\r_1d56c35bdde8.asy' 
1e0057bc-786c-4744-87f6-55a3de59d197	9c8d4b07fe74	;[asy]  ^ C:\Users\MARKEI~1\AppData\Local\Temp\asyprev_tvowmnov\r_9c8d4b07fe74.asy: 1.2: syntax error:  error: could not load module 'C:\Users\MARKEI~1\AppData\Local\Temp\asyprev_tvowmnov\r_9c8d4b07fe74.asy' 
1e1e57fb-5e0f-4c84-ba1b-2efdd849d219	c0dd20e600ed	;[asy]  ^ C:\Users\MARKEI~1\AppData\Local\Temp\asyprev_tvowmnov\r_c0dd20e600ed.asy: 1.2: syntax error:  error: could not load module 'C:\Users\MARKEI~1\AppData\Local\Temp\asyprev_tvowmnov\r_c0dd20e600ed.asy' 
1ec9e0fb-d2ad-41b9-8f35-3375af21bfc5	4e84ed966a80	[asy] ^ C:\Users\MARKEI~1\AppData\Local\Temp\asyprev_tvowmnov\r_4e84ed966a80.asy: 1.1: syntax error:  error: could not load module 'C:\Users\MARKEI~1\AppData\Local\Temp\asyprev_tvowmnov\r_4e84ed966a80.asy' 
1fb58f01-3f2e-4895-b70d-d92315b8549c	376342d0deac	;[asy]  ^ C:\Users\MARKEI~1\AppData\Local\Temp\asyprev_tvowmnov\r_376342d0deac.asy: 1.2: syntax error:  error: could not load module 'C:\Users\MARKEI~1\AppData\Local\Temp\asyprev_tvowmnov\r_376342d0deac.asy' 
20c1622d-41c8-465c-9b1c-0861a8414d7f	0ee894aa02dc	[asy] ^ C:\Users\MARKEI~1\AppData\Local\Temp\asyprev_tvowmnov\r_0ee894aa02dc.asy: 1.1: syntax error:  error: could not load module 'C:\Users\MARKEI~1\AppData\Local\Temp\asyprev_tvowmnov\r_0ee894aa02dc.asy' 
20f50cf2-0a96-4c5b-a6a6-2710d3fe6ba5	6b12677e5b81	;[asy]  ^ C:\Users\MARKEI~1\AppData\Local\Temp\asyprev_tvowmnov\r_6b12677e5b81.asy: 1.2: syntax error:  error: could not load module 'C:\Users\MARKEI~1\AppData\Local\Temp\asyprev_tvowmnov\r_6b12677e5b81.asy' 
21efa065-40f3-4e4d-80b5-cbe64aadd4df	3c4967666eda	[asy] ^ C:\Users\MARKEI~1\AppData\Local\Temp\asyprev_tvowmnov\r_3c4967666eda.asy: 1.1: syntax error:  error: could not load module 'C:\Users\MARKEI~1\AppData\Local\Temp\asyprev_tvowmnov\r_3c4967666eda.asy' 
22d2d2f8-a4c4-46ef-aa81-e3a5f83737ae	054ef04af086	;[asy]  ^ C:\Users\MARKEI~1\AppData\Local\Temp\asyprev_tvowmnov\r_054ef04af086.asy: 1.2: syntax error:  error: could not load module 'C:\Users\MARKEI~1\AppData\Local\Temp\asyprev_tvowmnov\r_054ef04af086.asy' 
214f845f-7e21-4288-a9b6-db5d4da06b7c	f9a0ebc3af60	;[asy]  ^ C:\Users\MARKEI~1\AppData\Local\Temp\asyprev_tvowmnov\r_f9a0ebc3af60.asy: 1.2: syntax error:  error: could not load module 'C:\Users\MARKEI~1\AppData\Local\Temp\asyprev_tvowmnov\r_f9a0ebc3af60.asy' 
233a2cad-8207-4f50-893d-c1bf1085ba30	68d1a33a6eb2	;[asy]  ^ C:\Users\MARKEI~1\AppData\Local\Temp\asyprev_tvowmnov\r_68d1a33a6eb2.asy: 1.2: syntax error:  error: could not load module 'C:\Users\MARKEI~1\AppData\Local\Temp\asyprev_tvowmnov\r_68d1a33a6eb2.asy' 
23f8cc76-4d43-4eed-89d6-f6303cd1ec72	a95f6a000e08	;[asy]  ^ C:\Users\MARKEI~1\AppData\Local\Temp\asyprev_tvowmnov\r_a95f6a000e08.asy: 1.2: syntax error:  error: could not load module 'C:\Users\MARKEI~1\AppData\Local\Temp\asyprev_tvowmnov\r_a95f6a000e08.asy' 
25075110-21bf-47d9-9452-f00324f0a33a	25af483d3d9b	;[asy]  ^ C:\Users\MARKEI~1\AppData\Local\Temp\asyprev_tvowmnov\r_25af483d3d9b.asy: 1.2: syntax error:  error: could not load module 'C:\Users\MARKEI~1\AppData\Local\Temp\asyprev_tvowmnov\r_25af483d3d9b.asy' 
2609a2a6-781a-41c6-beb0-5e5af5ee89a9	cf0d41dcf332	[asy] ^ C:\Users\MARKEI~1\AppData\Local\Temp\asyprev_tvowmnov\r_cf0d41dcf332.asy: 1.1: syntax error:  error: could not load module 'C:\Users\MARKEI~1\AppData\Local\Temp\asyprev_tvowmnov\r_cf0d41dcf332.asy' 
251b3116-0f8d-481e-a813-ab94542bf29c	4d4bb23398c9	;[asy]  ^ C:\Users\MARKEI~1\AppData\Local\Temp\asyprev_tvowmnov\r_4d4bb23398c9.asy: 1.2: syntax error:  error: could not load module 'C:\Users\MARKEI~1\AppData\Local\Temp\asyprev_tvowmnov\r_4d4bb23398c9.asy' 
265db8e9-0277-4b10-9ab2-74d60abdcffc	52f971167bff	[asy] ^ C:\Users\MARKEI~1\AppData\Local\Temp\asyprev_tvowmnov\r_52f971167bff.asy: 1.1: syntax error:  error: could not load module 'C:\Users\MARKEI~1\AppData\Local\Temp\asyprev_tvowmnov\r_52f971167bff.asy' 
2715d8e1-04c4-4682-98cb-b80ba00445a3	bb86e3f8ad60	;[asy]  ^ C:\Users\MARKEI~1\AppData\Local\Temp\asyprev_tvowmnov\r_bb86e3f8ad60.asy: 1.2: syntax error:  error: could not load module 'C:\Users\MARKEI~1\AppData\Local\Temp\asyprev_tvowmnov\r_bb86e3f8ad60.asy' 
28e7436d-acc3-41c6-9468-7222cfdf15f3	fedb3a176603	[asy] ^ C:\Users\MARKEI~1\AppData\Local\Temp\asyprev_tvowmnov\r_fedb3a176603.asy: 1.1: syntax error:  error: could not load module 'C:\Users\MARKEI~1\AppData\Local\Temp\asyprev_tvowmnov\r_fedb3a176603.asy' 
2a6996c9-9dec-41f8-9ed8-b4e9ffc102c6	e452afec8611	;[asy]  ^ C:\Users\MARKEI~1\AppData\Local\Temp\asyprev_tvowmnov\r_e452afec8611.asy: 1.2: syntax error:  error: could not load module 'C:\Users\MARKEI~1\AppData\Local\Temp\asyprev_tvowmnov\r_e452afec8611.asy' 
2a6c9226-57e0-492b-91ab-d754c4e32092	699279e028da	;[asy]  ^ C:\Users\MARKEI~1\AppData\Local\Temp\asyprev_tvowmnov\r_699279e028da.asy: 1.2: syntax error:  error: could not load module 'C:\Users\MARKEI~1\AppData\Local\Temp\asyprev_tvowmnov\r_699279e028da.asy' 
2b3a0463-a8ff-4258-b3f4-a669d107ae55	43047bdfbb99	[asy] ^ C:\Users\MARKEI~1\AppData\Local\Temp\asyprev_tvowmnov\r_43047bdfbb99.asy: 1.1: syntax error:  error: could not load module 'C:\Users\MARKEI~1\AppData\Local\Temp\asyprev_tvowmnov\r_43047bdfbb99.asy' 
2c52cf6b-94aa-485b-9461-86d087c8844f	9ade8f1f3bcd	[asy] ^ C:\Users\MARKEI~1\AppData\Local\Temp\asyprev_tvowmnov\r_9ade8f1f3bcd.asy: 1.1: syntax error:  error: could not load module 'C:\Users\MARKEI~1\AppData\Local\Temp\asyprev_tvowmnov\r_9ade8f1f3bcd.asy' 
2bc0fc16-86ea-4d90-8313-8773bfa57686	a835d191fc28	;[asy]  ^ C:\Users\MARKEI~1\AppData\Local\Temp\asyprev_tvowmnov\r_a835d191fc28.asy: 1.2: syntax error:  error: could not load module 'C:\Users\MARKEI~1\AppData\Local\Temp\asyprev_tvowmnov\r_a835d191fc28.asy' 
2e662701-5a89-4063-a753-3df739edd1bf	81dde3a6e83a	[asy] ^ C:\Users\MARKEI~1\AppData\Local\Temp\asyprev_tvowmnov\r_81dde3a6e83a.asy: 1.1: syntax error:  error: could not load module 'C:\Users\MARKEI~1\AppData\Local\Temp\asyprev_tvowmnov\r_81dde3a6e83a.asy' 
2d5c2a6b-ad45-4e86-b540-171ed200cbb7	ddd07c3ddc28	;[asy]  ^ C:\Users\MARKEI~1\AppData\Local\Temp\asyprev_tvowmnov\r_ddd07c3ddc28.asy: 1.2: syntax error:  error: could not load module 'C:\Users\MARKEI~1\AppData\Local\Temp\asyprev_tvowmnov\r_ddd07c3ddc28.asy' 
36c6101c-0099-4d49-9896-861ee71a87ed	e6726461da15	[asy] ^ C:\Users\MARKEI~1\AppData\Local\Temp\asyprev_tvowmnov\r_e6726461da15.asy: 1.1: syntax error:  error: could not load module 'C:\Users\MARKEI~1\AppData\Local\Temp\asyprev_tvowmnov\r_e6726461da15.asy' 
37a194c2-85ff-4082-9b52-439f21316ca7	3554a32bbbfc	;[asy]  ^ C:\Users\MARKEI~1\AppData\Local\Temp\asyprev_tvowmnov\r_3554a32bbbfc.asy: 1.2: syntax error:  error: could not load module 'C:\Users\MARKEI~1\AppData\Local\Temp\asyprev_tvowmnov\r_3554a32bbbfc.asy' 
38d7f931-999b-47fb-9422-657828b90897	19fadf33b1b7	;[asy]  ^ C:\Users\MARKEI~1\AppData\Local\Temp\asyprev_tvowmnov\r_19fadf33b1b7.asy: 1.2: syntax error:  error: could not load module 'C:\Users\MARKEI~1\AppData\Local\Temp\asyprev_tvowmnov\r_19fadf33b1b7.asy' 
38dc1db9-795e-4d5f-b75a-b530fe0bbf31	1c21c248c1e5	;[asy]  ^ C:\Users\MARKEI~1\AppData\Local\Temp\asyprev_tvowmnov\r_1c21c248c1e5.asy: 1.2: syntax error:  error: could not load module 'C:\Users\MARKEI~1\AppData\Local\Temp\asyprev_tvowmnov\r_1c21c248c1e5.asy' 
38e2429c-d86d-4bf2-ba45-6e27ac99109a	5c118e207891	;[asy]  ^ C:\Users\MARKEI~1\AppData\Local\Temp\asyprev_tvowmnov\r_5c118e207891.asy: 1.2: syntax error:  error: could not load module 'C:\Users\MARKEI~1\AppData\Local\Temp\asyprev_tvowmnov\r_5c118e207891.asy' 
38f77afb-0d1f-4c20-9958-d6e5169b0a59	bb0ec5ab8e16	[asy] ^ C:\Users\MARKEI~1\AppData\Local\Temp\asyprev_tvowmnov\r_bb0ec5ab8e16.asy: 1.1: syntax error:  error: could not load module 'C:\Users\MARKEI~1\AppData\Local\Temp\asyprev_tvowmnov\r_bb0ec5ab8e16.asy' 
3bf9d78f-c163-401c-b2dd-55a87a18bef6	1ad8b96d40bf	;[asy]  ^ C:\Users\MARKEI~1\AppData\Local\Temp\asyprev_tvowmnov\r_1ad8b96d40bf.asy: 1.2: syntax error:  error: could not load module 'C:\Users\MARKEI~1\AppData\Local\Temp\asyprev_tvowmnov\r_1ad8b96d40bf.asy' 
3cbd46b7-b555-48e1-82b0-169fdd73b581	e4b0f1078aa8	;[asy]  ^ C:\Users\MARKEI~1\AppData\Local\Temp\asyprev_tvowmnov\r_e4b0f1078aa8.asy: 1.2: syntax error:  error: could not load module 'C:\Users\MARKEI~1\AppData\Local\Temp\asyprev_tvowmnov\r_e4b0f1078aa8.asy' 
3d165426-7f09-49e4-9799-a0e627882d05	9dab675912c1	[asy] ^ C:\Users\MARKEI~1\AppData\Local\Temp\asyprev_tvowmnov\r_9dab675912c1.asy: 1.1: syntax error:  error: could not load module 'C:\Users\MARKEI~1\AppData\Local\Temp\asyprev_tvowmnov\r_9dab675912c1.asy' 
3d1ac02b-f8da-4932-916d-fac68535db58	02413cc4c96e	[asy] ^ C:\Users\MARKEI~1\AppData\Local\Temp\asyprev_tvowmnov\r_02413cc4c96e.asy: 1.1: syntax error:  error: could not load module 'C:\Users\MARKEI~1\AppData\Local\Temp\asyprev_tvowmnov\r_02413cc4c96e.asy' 
3d32edf1-0d76-46b1-b876-e1c0cadacd5f	c049af845473	;[asy]  ^ C:\Users\MARKEI~1\AppData\Local\Temp\asyprev_tvowmnov\r_c049af845473.asy: 1.2: syntax error:  error: could not load module 'C:\Users\MARKEI~1\AppData\Local\Temp\asyprev_tvowmnov\r_c049af845473.asy' 
3e6d04c6-0b3f-42f9-8c9f-de7e4a840358	d83d51320370	draw(graph(new real(real t){ return 4 - 2*t; }, 0, 3));      ^ C:\Users\MARKEI~1\AppData\Local\Temp\asyprev_tvowmnov\r_d83d51320370.asy: 6.6: no matching variable 'graph' 
3f0e324e-d927-477e-80d3-f1525efefa68	c534205e1281	;[asy]  ^ C:\Users\MARKEI~1\AppData\Local\Temp\asyprev_tvowmnov\r_c534205e1281.asy: 1.2: syntax error:  error: could not load module 'C:\Users\MARKEI~1\AppData\Local\Temp\asyprev_tvowmnov\r_c534205e1281.asy' 
3f528ae6-647f-460c-934f-988c900cb071	dcdde0e4958e	;[asy]  ^ C:\Users\MARKEI~1\AppData\Local\Temp\asyprev_tvowmnov\r_dcdde0e4958e.asy: 1.2: syntax error:  error: could not load module 'C:\Users\MARKEI~1\AppData\Local\Temp\asyprev_tvowmnov\r_dcdde0e4958e.asy' 
3fe5e00e-126d-432e-8ff1-beef869a071b	de1a82949fc0	;[asy]  ^ C:\Users\MARKEI~1\AppData\Local\Temp\asyprev_tvowmnov\r_de1a82949fc0.asy: 1.2: syntax error:  error: could not load module 'C:\Users\MARKEI~1\AppData\Local\Temp\asyprev_tvowmnov\r_de1a82949fc0.asy' 
4161ffa0-a409-42d3-9691-90ac734293a0	a196ab5b1eaf	;[asy]  ^ C:\Users\MARKEI~1\AppData\Local\Temp\asyprev_tvowmnov\r_a196ab5b1eaf.asy: 1.2: syntax error:  error: could not load module 'C:\Users\MARKEI~1\AppData\Local\Temp\asyprev_tvowmnov\r_a196ab5b1eaf.asy' 
418b8f14-4674-4f85-9f1d-89c5db4a638a	dc2eab5ff695	;[asy]  ^ C:\Users\MARKEI~1\AppData\Local\Temp\asyprev_tvowmnov\r_dc2eab5ff695.asy: 1.2: syntax error:  error: could not load module 'C:\Users\MARKEI~1\AppData\Local\Temp\asyprev_tvowmnov\r_dc2eab5ff695.asy' 
4243e78c-047a-4ace-9ad9-1088e0c791a9	6f5b4f1967d0	[asy] ^ C:\Users\MARKEI~1\AppData\Local\Temp\asyprev_tvowmnov\r_6f5b4f1967d0.asy: 1.1: syntax error:  error: could not load module 'C:\Users\MARKEI~1\AppData\Local\Temp\asyprev_tvowmnov\r_6f5b4f1967d0.asy' 
42ce6fe8-eb2e-4c50-8221-07d231b2d2bb	28c066441154	[asy] ^ C:\Users\MARKEI~1\AppData\Local\Temp\asyprev_tvowmnov\r_28c066441154.asy: 1.1: syntax error:  error: could not load module 'C:\Users\MARKEI~1\AppData\Local\Temp\asyprev_tvowmnov\r_28c066441154.asy' 
426bdca7-03d6-47c3-9098-dbcac9839ca4	c1928950a9e4	;[asy]  ^ C:\Users\MARKEI~1\AppData\Local\Temp\asyprev_tvowmnov\r_c1928950a9e4.asy: 1.2: syntax error:  error: could not load module 'C:\Users\MARKEI~1\AppData\Local\Temp\asyprev_tvowmnov\r_c1928950a9e4.asy' 
43255985-7288-4c68-80fb-4fef1dd40fb7	4a6aaf0e971a	;[asy]  ^ C:\Users\MARKEI~1\AppData\Local\Temp\asyprev_tvowmnov\r_4a6aaf0e971a.asy: 1.2: syntax error:  error: could not load module 'C:\Users\MARKEI~1\AppData\Local\Temp\asyprev_tvowmnov\r_4a6aaf0e971a.asy' 
44c0eeda-3ca9-4c1f-bb58-4788636506ea	4502de85795b	;[asy]  ^ C:\Users\MARKEI~1\AppData\Local\Temp\asyprev_tvowmnov\r_4502de85795b.asy: 1.2: syntax error:  error: could not load module 'C:\Users\MARKEI~1\AppData\Local\Temp\asyprev_tvowmnov\r_4502de85795b.asy' 
43fb4e39-6890-49c0-887b-b8f3710342b6	9db0c291cb9d	;[asy]  ^ C:\Users\MARKEI~1\AppData\Local\Temp\asyprev_tvowmnov\r_9db0c291cb9d.asy: 1.2: syntax error:  error: could not load module 'C:\Users\MARKEI~1\AppData\Local\Temp\asyprev_tvowmnov\r_9db0c291cb9d.asy' 
454b09a6-9f53-42cc-9b7a-fb6d1d1781df	82bcb5d0fe69	[asy] ^ C:\Users\MARKEI~1\AppData\Local\Temp\asyprev_tvowmnov\r_82bcb5d0fe69.asy: 1.1: syntax error:  error: could not load module 'C:\Users\MARKEI~1\AppData\Local\Temp\asyprev_tvowmnov\r_82bcb5d0fe69.asy' 
4696e33c-9a19-4f75-97ab-7f228383566b	aca147ef5c63	;[asy]  ^ C:\Users\MARKEI~1\AppData\Local\Temp\asyprev_tvowmnov\r_aca147ef5c63.asy: 1.2: syntax error:  error: could not load module 'C:\Users\MARKEI~1\AppData\Local\Temp\asyprev_tvowmnov\r_aca147ef5c63.asy' 
466a723c-837a-440d-baef-84da9233955a	57a153dab154	;[asy]  ^ C:\Users\MARKEI~1\AppData\Local\Temp\asyprev_tvowmnov\r_57a153dab154.asy: 1.2: syntax error:  error: could not load module 'C:\Users\MARKEI~1\AppData\Local\Temp\asyprev_tvowmnov\r_57a153dab154.asy' 
47d758a7-d860-46a9-88bd-67263f21122e	513bc092cdb7	;[asy]  ^ C:\Users\MARKEI~1\AppData\Local\Temp\asyprev_tvowmnov\r_513bc092cdb7.asy: 1.2: syntax error:  error: could not load module 'C:\Users\MARKEI~1\AppData\Local\Temp\asyprev_tvowmnov\r_513bc092cdb7.asy' 
47b1d0a0-6d81-4bf1-9f9c-a69d74e622f8	3405768bc0ef	;[asy]  ^ C:\Users\MARKEI~1\AppData\Local\Temp\asyprev_tvowmnov\r_3405768bc0ef.asy: 1.2: syntax error:  error: could not load module 'C:\Users\MARKEI~1\AppData\Local\Temp\asyprev_tvowmnov\r_3405768bc0ef.asy' 
49e5c6c4-a9eb-436c-97f9-21f4c26f4aa5	c3e843e09379	;[asy]  ^ C:\Users\MARKEI~1\AppData\Local\Temp\asyprev_tvowmnov\r_c3e843e09379.asy: 1.2: syntax error:  error: could not load module 'C:\Users\MARKEI~1\AppData\Local\Temp\asyprev_tvowmnov\r_c3e843e09379.asy' 
49b55383-29d0-4f43-a71a-0d5df7581bf9	ef2770f7ad5b	;[asy]  ^ C:\Users\MARKEI~1\AppData\Local\Temp\asyprev_tvowmnov\r_ef2770f7ad5b.asy: 1.2: syntax error:  error: could not load module 'C:\Users\MARKEI~1\AppData\Local\Temp\asyprev_tvowmnov\r_ef2770f7ad5b.asy' 
4de4e82d-16af-4bbb-8f33-d1199eefbe44	75af0f498bee	;[asy]  ^ C:\Users\MARKEI~1\AppData\Local\Temp\asyprev_tvowmnov\r_75af0f498bee.asy: 1.2: syntax error:  error: could not load module 'C:\Users\MARKEI~1\AppData\Local\Temp\asyprev_tvowmnov\r_75af0f498bee.asy' 
4dcb69b9-38dc-4721-81c5-16db077104db	c00334e697a2	;[asy]  ^ C:\Users\MARKEI~1\AppData\Local\Temp\asyprev_tvowmnov\r_c00334e697a2.asy: 1.2: syntax error:  error: could not load module 'C:\Users\MARKEI~1\AppData\Local\Temp\asyprev_tvowmnov\r_c00334e697a2.asy' 
4b089daf-f562-4749-b03e-da4da17ada76	3bf58013dd82	;[asy]  ^ C:\Users\MARKEI~1\AppData\Local\Temp\asyprev_tvowmnov\r_3bf58013dd82.asy: 1.2: syntax error:  error: could not load module 'C:\Users\MARKEI~1\AppData\Local\Temp\asyprev_tvowmnov\r_3bf58013dd82.asy' 
4c1638df-e2a2-4143-ae11-2dbca4478f70	3726ca15d3a4	;[asy]  ^ C:\Users\MARKEI~1\AppData\Local\Temp\asyprev_tvowmnov\r_3726ca15d3a4.asy: 1.2: syntax error:  error: could not load module 'C:\Users\MARKEI~1\AppData\Local\Temp\asyprev_tvowmnov\r_3726ca15d3a4.asy' 
4f2cac64-e13b-4976-a10e-688537018fa3	41ac6a1f878f	[asy] ^ C:\Users\MARKEI~1\AppData\Local\Temp\asyprev_tvowmnov\r_41ac6a1f878f.asy: 1.1: syntax error:  error: could not load module 'C:\Users\MARKEI~1\AppData\Local\Temp\asyprev_tvowmnov\r_41ac6a1f878f.asy' 
4f323d16-07a7-4fce-9782-08f3be383e8e	2d80073f2f3d	;[asy]  ^ C:\Users\MARKEI~1\AppData\Local\Temp\asyprev_tvowmnov\r_2d80073f2f3d.asy: 1.2: syntax error:  error: could not load module 'C:\Users\MARKEI~1\AppData\Local\Temp\asyprev_tvowmnov\r_2d80073f2f3d.asy' 
4fcbcaf0-0d82-4511-b484-11b4d92f113f	e873b3d5cef0	;[asy]  ^ C:\Users\MARKEI~1\AppData\Local\Temp\asyprev_tvowmnov\r_e873b3d5cef0.asy: 1.2: syntax error:  error: could not load module 'C:\Users\MARKEI~1\AppData\Local\Temp\asyprev_tvowmnov\r_e873b3d5cef0.asy' 
4dec5baa-0685-411e-a6c2-3cf81470c5d7	3b8ad0f3a7fd	;[asy]  ^ C:\Users\MARKEI~1\AppData\Local\Temp\asyprev_tvowmnov\r_3b8ad0f3a7fd.asy: 1.2: syntax error:  error: could not load module 'C:\Users\MARKEI~1\AppData\Local\Temp\asyprev_tvowmnov\r_3b8ad0f3a7fd.asy' 
5015cf06-144e-48b0-b892-d463c477bce0	a38dda262b04	;[asy]  ^ C:\Users\MARKEI~1\AppData\Local\Temp\asyprev_tvowmnov\r_a38dda262b04.asy: 1.2: syntax error:  error: could not load module 'C:\Users\MARKEI~1\AppData\Local\Temp\asyprev_tvowmnov\r_a38dda262b04.asy' 
51ff46bf-e387-4481-a0fd-6e60d980a696	ac31372147ea	 xaxis(0, 1, Arrow(TeXHead));  ^ C:\Users\MARKEI~1\AppData\Local\Temp\asyprev_tvowmnov\r_ac31372147ea.asy: 10.2: no matching variable 'xaxis'  yaxis(0, 1, Arrow(TeXHead));  ^ C:\Users\MARKEI~1\AppData\Local\Temp\asyprev_tvowmnov\r_ac31372147ea.asy: 11.2: no matching variable 'yaxis' 
4fd1c45c-a0fb-4b23-81b1-c563a10c4253	746d1be84447	;[asy]  ^ C:\Users\MARKEI~1\AppData\Local\Temp\asyprev_tvowmnov\r_746d1be84447.asy: 1.2: syntax error:  error: could not load module 'C:\Users\MARKEI~1\AppData\Local\Temp\asyprev_tvowmnov\r_746d1be84447.asy' 
51a2dc0b-56ef-4d40-8ffe-b714361045ef	b47410e36e9f	;[asy]  ^ C:\Users\MARKEI~1\AppData\Local\Temp\asyprev_tvowmnov\r_b47410e36e9f.asy: 1.2: syntax error:  error: could not load module 'C:\Users\MARKEI~1\AppData\Local\Temp\asyprev_tvowmnov\r_b47410e36e9f.asy' 
522f081c-e9d8-4ec3-8559-ee77d453cea2	fda3cde32041	[asy] ^ C:\Users\MARKEI~1\AppData\Local\Temp\asyprev_tvowmnov\r_fda3cde32041.asy: 1.1: syntax error:  error: could not load module 'C:\Users\MARKEI~1\AppData\Local\Temp\asyprev_tvowmnov\r_fda3cde32041.asy' 
527b9b65-6971-4a75-a235-2db578ebc1f1	631a36f6ed2b	[asy] ^ C:\Users\MARKEI~1\AppData\Local\Temp\asyprev_tvowmnov\r_631a36f6ed2b.asy: 1.1: syntax error:  error: could not load module 'C:\Users\MARKEI~1\AppData\Local\Temp\asyprev_tvowmnov\r_631a36f6ed2b.asy' 
539d9176-f7da-4d9a-b053-8c6632ee64c9	3ce8efff06b7	;[asy]  ^ C:\Users\MARKEI~1\AppData\Local\Temp\asyprev_tvowmnov\r_3ce8efff06b7.asy: 1.2: syntax error:  error: could not load module 'C:\Users\MARKEI~1\AppData\Local\Temp\asyprev_tvowmnov\r_3ce8efff06b7.asy' 
53aecdd4-4b96-4f12-930d-8d17dbfa0f8d	d06187ed9bc6	[asy] ^ C:\Users\MARKEI~1\AppData\Local\Temp\asyprev_tvowmnov\r_d06187ed9bc6.asy: 1.1: syntax error:  error: could not load module 'C:\Users\MARKEI~1\AppData\Local\Temp\asyprev_tvowmnov\r_d06187ed9bc6.asy' 
53d194ca-84dd-4824-9a5d-2529283b34af	dad84e167ba7	;[asy]  ^ C:\Users\MARKEI~1\AppData\Local\Temp\asyprev_tvowmnov\r_dad84e167ba7.asy: 1.2: syntax error:  error: could not load module 'C:\Users\MARKEI~1\AppData\Local\Temp\asyprev_tvowmnov\r_dad84e167ba7.asy' 
53eaa62e-1e14-4e9f-b758-532dcf6a2524	66f47fd133c1	;[asy]  ^ C:\Users\MARKEI~1\AppData\Local\Temp\asyprev_tvowmnov\r_66f47fd133c1.asy: 1.2: syntax error:  error: could not load module 'C:\Users\MARKEI~1\AppData\Local\Temp\asyprev_tvowmnov\r_66f47fd133c1.asy' 
54f1dc07-0875-43c2-aaf3-37e8e6b59409	cd11761eb2b5	;[asy]  ^ C:\Users\MARKEI~1\AppData\Local\Temp\asyprev_tvowmnov\r_cd11761eb2b5.asy: 1.2: syntax error:  error: could not load module 'C:\Users\MARKEI~1\AppData\Local\Temp\asyprev_tvowmnov\r_cd11761eb2b5.asy' 
5505fbe5-684a-4758-95c2-ef2110ec75e4	26b7593c52e2	;[asy]  ^ C:\Users\MARKEI~1\AppData\Local\Temp\asyprev_tvowmnov\r_26b7593c52e2.asy: 1.2: syntax error:  error: could not load module 'C:\Users\MARKEI~1\AppData\Local\Temp\asyprev_tvowmnov\r_26b7593c52e2.asy' 
56505b53-8770-43f3-8fa8-c07dbf6b995f	e1670599de4a	[asy] ^ C:\Users\MARKEI~1\AppData\Local\Temp\asyprev_tvowmnov\r_e1670599de4a.asy: 1.1: syntax error:  error: could not load module 'C:\Users\MARKEI~1\AppData\Local\Temp\asyprev_tvowmnov\r_e1670599de4a.asy' 
56bdbc3f-d314-4137-a463-72efa94de466	5b029c60eef3	;[asy]  ^ C:\Users\MARKEI~1\AppData\Local\Temp\asyprev_tvowmnov\r_5b029c60eef3.asy: 1.2: syntax error:  error: could not load module 'C:\Users\MARKEI~1\AppData\Local\Temp\asyprev_tvowmnov\r_5b029c60eef3.asy' 
56c026e2-a92d-4a5c-b8b5-9afe1203c199	05a6bfdadf3e	;[asy]  ^ C:\Users\MARKEI~1\AppData\Local\Temp\asyprev_tvowmnov\r_05a6bfdadf3e.asy: 1.2: syntax error:  error: could not load module 'C:\Users\MARKEI~1\AppData\Local\Temp\asyprev_tvowmnov\r_05a6bfdadf3e.asy' 
5715f77a-82b0-4c8e-bedf-70b845dbcadb	39dff995c913	[asy] ^ C:\Users\MARKEI~1\AppData\Local\Temp\asyprev_tvowmnov\r_39dff995c913.asy: 1.1: syntax error:  error: could not load module 'C:\Users\MARKEI~1\AppData\Local\Temp\asyprev_tvowmnov\r_39dff995c913.asy' 
57ca4475-95dc-4182-a585-8db029bb803c	0d3c97a24ef0	;[asy]  ^ C:\Users\MARKEI~1\AppData\Local\Temp\asyprev_tvowmnov\r_0d3c97a24ef0.asy: 1.2: syntax error:  error: could not load module 'C:\Users\MARKEI~1\AppData\Local\Temp\asyprev_tvowmnov\r_0d3c97a24ef0.asy' 
57a71a5d-c8f5-4219-8e92-6087bff05fb0	954cab077f03	;[asy]  ^ C:\Users\MARKEI~1\AppData\Local\Temp\asyprev_tvowmnov\r_954cab077f03.asy: 1.2: syntax error:  error: could not load module 'C:\Users\MARKEI~1\AppData\Local\Temp\asyprev_tvowmnov\r_954cab077f03.asy' 
579a10f9-af83-4c02-9d95-81e871fb87c3	90ede1ab7b3c	[asy] ^ C:\Users\MARKEI~1\AppData\Local\Temp\asyprev_tvowmnov\r_90ede1ab7b3c.asy: 1.1: syntax error:  error: could not load module 'C:\Users\MARKEI~1\AppData\Local\Temp\asyprev_tvowmnov\r_90ede1ab7b3c.asy' 
58ac5c2b-ca65-43b3-84ef-fe2af93bb2a1	017fd487fc16	[asy] ^ C:\Users\MARKEI~1\AppData\Local\Temp\asyprev_tvowmnov\r_017fd487fc16.asy: 1.1: syntax error:  error: could not load module 'C:\Users\MARKEI~1\AppData\Local\Temp\asyprev_tvowmnov\r_017fd487fc16.asy' 
597bd301-a467-40b3-9ce2-ebcf12bffb64	8ebbc442195f	;[asy]  ^ C:\Users\MARKEI~1\AppData\Local\Temp\asyprev_tvowmnov\r_8ebbc442195f.asy: 1.2: syntax error:  error: could not load module 'C:\Users\MARKEI~1\AppData\Local\Temp\asyprev_tvowmnov\r_8ebbc442195f.asy' 
59b31734-ac6a-417e-8cac-185689f3226b	f6b9a86e7584	[asy] ^ C:\Users\MARKEI~1\AppData\Local\Temp\asyprev_tvowmnov\r_f6b9a86e7584.asy: 1.1: syntax error:  error: could not load module 'C:\Users\MARKEI~1\AppData\Local\Temp\asyprev_tvowmnov\r_f6b9a86e7584.asy' 
5995a413-1bb9-414d-abaf-2e5135103fb5	8e1e529b6633	[asy] ^ C:\Users\MARKEI~1\AppData\Local\Temp\asyprev_tvowmnov\r_8e1e529b6633.asy: 1.1: syntax error:  error: could not load module 'C:\Users\MARKEI~1\AppData\Local\Temp\asyprev_tvowmnov\r_8e1e529b6633.asy' 
5b415ca9-67eb-4d76-b2fc-0f86caf5b4d0	5803d3fc67b4	;[asy]  ^ C:\Users\MARKEI~1\AppData\Local\Temp\asyprev_tvowmnov\r_5803d3fc67b4.asy: 1.2: syntax error:  error: could not load module 'C:\Users\MARKEI~1\AppData\Local\Temp\asyprev_tvowmnov\r_5803d3fc67b4.asy' 
5b13526a-2774-46cd-89b3-89b75cf0f2a9	d88a0f9e8b52	;[asy]  ^ C:\Users\MARKEI~1\AppData\Local\Temp\asyprev_tvowmnov\r_d88a0f9e8b52.asy: 1.2: syntax error:  error: could not load module 'C:\Users\MARKEI~1\AppData\Local\Temp\asyprev_tvowmnov\r_d88a0f9e8b52.asy' 
5b461a00-22e3-4c8c-af2e-8f4b443fe419	82163e0c54ce	;[asy]  ^ C:\Users\MARKEI~1\AppData\Local\Temp\asyprev_tvowmnov\r_82163e0c54ce.asy: 1.2: syntax error:  error: could not load module 'C:\Users\MARKEI~1\AppData\Local\Temp\asyprev_tvowmnov\r_82163e0c54ce.asy' 
5cd1fad5-bc28-4dc2-bd0a-64fda6775ce8	cb0da7ab5d91	;[asy]  ^ C:\Users\MARKEI~1\AppData\Local\Temp\asyprev_tvowmnov\r_cb0da7ab5d91.asy: 1.2: syntax error:  error: could not load module 'C:\Users\MARKEI~1\AppData\Local\Temp\asyprev_tvowmnov\r_cb0da7ab5d91.asy' 
5d687443-cd79-43a1-b80b-137b81550b42	0f47b9dd460c	;[asy]  ^ C:\Users\MARKEI~1\AppData\Local\Temp\asyprev_tvowmnov\r_0f47b9dd460c.asy: 1.2: syntax error:  error: could not load module 'C:\Users\MARKEI~1\AppData\Local\Temp\asyprev_tvowmnov\r_0f47b9dd460c.asy' 
5d35fe5f-ae86-4244-94d1-90e556d86524	d6570f9528a0	;[asy]  ^ C:\Users\MARKEI~1\AppData\Local\Temp\asyprev_tvowmnov\r_d6570f9528a0.asy: 1.2: syntax error:  error: could not load module 'C:\Users\MARKEI~1\AppData\Local\Temp\asyprev_tvowmnov\r_d6570f9528a0.asy' 
5d692477-890c-4c5b-8b6b-0be57ff13732	daf70932a185	;[asy]  ^ C:\Users\MARKEI~1\AppData\Local\Temp\asyprev_tvowmnov\r_daf70932a185.asy: 1.2: syntax error:  error: could not load module 'C:\Users\MARKEI~1\AppData\Local\Temp\asyprev_tvowmnov\r_daf70932a185.asy' 
5eef60ae-e166-430a-b3c9-fa4b80efe03a	9980929e6429	[asy] ^ C:\Users\MARKEI~1\AppData\Local\Temp\asyprev_tvowmnov\r_9980929e6429.asy: 1.1: syntax error:  error: could not load module 'C:\Users\MARKEI~1\AppData\Local\Temp\asyprev_tvowmnov\r_9980929e6429.asy' 
5d8af55e-227d-4265-8c30-1c06818dd9b8	861d499cf8af	;[asy]  ^ C:\Users\MARKEI~1\AppData\Local\Temp\asyprev_tvowmnov\r_861d499cf8af.asy: 1.2: syntax error:  error: could not load module 'C:\Users\MARKEI~1\AppData\Local\Temp\asyprev_tvowmnov\r_861d499cf8af.asy' 
5fb03d72-8904-4eaf-ba4c-544a5a3995ea	66fdfb191b4a	[asy] ^ C:\Users\MARKEI~1\AppData\Local\Temp\asyprev_tvowmnov\r_66fdfb191b4a.asy: 1.1: syntax error:  error: could not load module 'C:\Users\MARKEI~1\AppData\Local\Temp\asyprev_tvowmnov\r_66fdfb191b4a.asy' 
6107bce0-d6ef-4c46-a31e-b19984705d77	87336b698959	;[asy]  ^ C:\Users\MARKEI~1\AppData\Local\Temp\asyprev_tvowmnov\r_87336b698959.asy: 1.2: syntax error:  error: could not load module 'C:\Users\MARKEI~1\AppData\Local\Temp\asyprev_tvowmnov\r_87336b698959.asy' 
5f4cb007-aa8a-4c8a-af01-03947dbdaa47	95b132c012e3	;[asy]  ^ C:\Users\MARKEI~1\AppData\Local\Temp\asyprev_tvowmnov\r_95b132c012e3.asy: 1.2: syntax error:  error: could not load module 'C:\Users\MARKEI~1\AppData\Local\Temp\asyprev_tvowmnov\r_95b132c012e3.asy' 
62e029b5-bed8-450a-baef-0929b198087a	fd5e8496076b	[asy] ^ C:\Users\MARKEI~1\AppData\Local\Temp\asyprev_tvowmnov\r_fd5e8496076b.asy: 1.1: syntax error:  error: could not load module 'C:\Users\MARKEI~1\AppData\Local\Temp\asyprev_tvowmnov\r_fd5e8496076b.asy' 
62f2d563-f975-42e2-af4c-ae4d5597d43e	30d0eab90f51	;[asy]  ^ C:\Users\MARKEI~1\AppData\Local\Temp\asyprev_tvowmnov\r_30d0eab90f51.asy: 1.2: syntax error:  error: could not load module 'C:\Users\MARKEI~1\AppData\Local\Temp\asyprev_tvowmnov\r_30d0eab90f51.asy' 
63a07f9d-e63d-4e27-90e9-aab770e05ca7	022315297128	[asy] ^ C:\Users\MARKEI~1\AppData\Local\Temp\asyprev_tvowmnov\r_022315297128.asy: 1.1: syntax error:  error: could not load module 'C:\Users\MARKEI~1\AppData\Local\Temp\asyprev_tvowmnov\r_022315297128.asy' 
64fae3b4-5c88-4ef3-8fcf-ff045a5184e0	a22c0fa03753	;[asy]  ^ C:\Users\MARKEI~1\AppData\Local\Temp\asyprev_tvowmnov\r_a22c0fa03753.asy: 1.2: syntax error:  error: could not load module 'C:\Users\MARKEI~1\AppData\Local\Temp\asyprev_tvowmnov\r_a22c0fa03753.asy' 
66191786-9211-46da-b8c7-3bf33d84c453	be70e64d5cdb	;[asy]  ^ C:\Users\MARKEI~1\AppData\Local\Temp\asyprev_tvowmnov\r_be70e64d5cdb.asy: 1.2: syntax error:  error: could not load module 'C:\Users\MARKEI~1\AppData\Local\Temp\asyprev_tvowmnov\r_be70e64d5cdb.asy' 
661e1af7-8327-4453-88f6-fd269a592576	ffc063689ca1	[asy] ^ C:\Users\MARKEI~1\AppData\Local\Temp\asyprev_tvowmnov\r_ffc063689ca1.asy: 1.1: syntax error:  error: could not load module 'C:\Users\MARKEI~1\AppData\Local\Temp\asyprev_tvowmnov\r_ffc063689ca1.asy' 
664d60c2-f877-49ff-af87-fedce02dce70	94e7e5260d0f	;[asy]  ^ C:\Users\MARKEI~1\AppData\Local\Temp\asyprev_tvowmnov\r_94e7e5260d0f.asy: 1.2: syntax error:  error: could not load module 'C:\Users\MARKEI~1\AppData\Local\Temp\asyprev_tvowmnov\r_94e7e5260d0f.asy' 
664ec36a-f294-4e1e-b7a5-c339ebe4c843	95140003b986	;[asy]  ^ C:\Users\MARKEI~1\AppData\Local\Temp\asyprev_tvowmnov\r_95140003b986.asy: 1.2: syntax error:  error: could not load module 'C:\Users\MARKEI~1\AppData\Local\Temp\asyprev_tvowmnov\r_95140003b986.asy' 
66617c2b-0c5d-4de6-9005-c353851736f6	f1ac07090a4e	;[asy]  ^ C:\Users\MARKEI~1\AppData\Local\Temp\asyprev_tvowmnov\r_f1ac07090a4e.asy: 1.2: syntax error:  error: could not load module 'C:\Users\MARKEI~1\AppData\Local\Temp\asyprev_tvowmnov\r_f1ac07090a4e.asy' 
69cea1b3-71e9-4ba4-a830-8df261eb6b56	2cc17fbfc4a3	[asy] ^ C:\Users\MARKEI~1\AppData\Local\Temp\asyprev_tvowmnov\r_2cc17fbfc4a3.asy: 1.1: syntax error:  error: could not load module 'C:\Users\MARKEI~1\AppData\Local\Temp\asyprev_tvowmnov\r_2cc17fbfc4a3.asy' 
6b2ff9bc-35eb-4513-967f-6593bfdd9ac3	ebf6d1d2e6b4	[asy] ^ C:\Users\MARKEI~1\AppData\Local\Temp\asyprev_tvowmnov\r_ebf6d1d2e6b4.asy: 1.1: syntax error:  error: could not load module 'C:\Users\MARKEI~1\AppData\Local\Temp\asyprev_tvowmnov\r_ebf6d1d2e6b4.asy' 
6be28ec2-d9d4-404f-9bcc-0f62945bf7d3	e70d3a20c7b3	;[asy]  ^ C:\Users\MARKEI~1\AppData\Local\Temp\asyprev_tvowmnov\r_e70d3a20c7b3.asy: 1.2: syntax error:  error: could not load module 'C:\Users\MARKEI~1\AppData\Local\Temp\asyprev_tvowmnov\r_e70d3a20c7b3.asy' 
6c782ac9-b8d6-4d2c-aefc-ee471bdb293e	4a466dc18974	[asy] ^ C:\Users\MARKEI~1\AppData\Local\Temp\asyprev_tvowmnov\r_4a466dc18974.asy: 1.1: syntax error:  error: could not load module 'C:\Users\MARKEI~1\AppData\Local\Temp\asyprev_tvowmnov\r_4a466dc18974.asy' 
6edee196-56ad-4cbf-b25c-222a3e76bf44	15991ce5c4b6	;[asy]  ^ C:\Users\MARKEI~1\AppData\Local\Temp\asyprev_tvowmnov\r_15991ce5c4b6.asy: 1.2: syntax error:  error: could not load module 'C:\Users\MARKEI~1\AppData\Local\Temp\asyprev_tvowmnov\r_15991ce5c4b6.asy' 
704fd293-79d4-48ad-8373-21b46a30eb21	0d81cf6f412d	;[asy]  ^ C:\Users\MARKEI~1\AppData\Local\Temp\asyprev_tvowmnov\r_0d81cf6f412d.asy: 1.2: syntax error:  error: could not load module 'C:\Users\MARKEI~1\AppData\Local\Temp\asyprev_tvowmnov\r_0d81cf6f412d.asy' 
70761b7e-3282-477e-b128-f68d17239ee5	a3dbd63f4bbc	;[asy]  ^ C:\Users\MARKEI~1\AppData\Local\Temp\asyprev_tvowmnov\r_a3dbd63f4bbc.asy: 1.2: syntax error:  error: could not load module 'C:\Users\MARKEI~1\AppData\Local\Temp\asyprev_tvowmnov\r_a3dbd63f4bbc.asy' 
70bf4fc2-82af-4a95-b686-245934834f59	83733c174d27	;[asy]  ^ C:\Users\MARKEI~1\AppData\Local\Temp\asyprev_tvowmnov\r_83733c174d27.asy: 1.2: syntax error:  error: could not load module 'C:\Users\MARKEI~1\AppData\Local\Temp\asyprev_tvowmnov\r_83733c174d27.asy' 
71869f97-fd6b-4d8d-bebe-d5b1b6573417	227e46af6375	[asy] ^ C:\Users\MARKEI~1\AppData\Local\Temp\asyprev_tvowmnov\r_227e46af6375.asy: 1.1: syntax error:  error: could not load module 'C:\Users\MARKEI~1\AppData\Local\Temp\asyprev_tvowmnov\r_227e46af6375.asy' 
72071996-c98b-4b15-86c7-edb75f73003b	ef31f35cb53a	;[asy]  ^ C:\Users\MARKEI~1\AppData\Local\Temp\asyprev_tvowmnov\r_ef31f35cb53a.asy: 1.2: syntax error:  error: could not load module 'C:\Users\MARKEI~1\AppData\Local\Temp\asyprev_tvowmnov\r_ef31f35cb53a.asy' 
7274e942-41c5-4512-9885-0fa2802db400	84a0c73f5b1b	;[asy]  ^ C:\Users\MARKEI~1\AppData\Local\Temp\asyprev_tvowmnov\r_84a0c73f5b1b.asy: 1.2: syntax error:  error: could not load module 'C:\Users\MARKEI~1\AppData\Local\Temp\asyprev_tvowmnov\r_84a0c73f5b1b.asy' 
72ddee29-32c6-4730-ac24-65cc1bb6f7b7	3b103f7e8b0c	[asy] ^ C:\Users\MARKEI~1\AppData\Local\Temp\asyprev_tvowmnov\r_3b103f7e8b0c.asy: 1.1: syntax error:  error: could not load module 'C:\Users\MARKEI~1\AppData\Local\Temp\asyprev_tvowmnov\r_3b103f7e8b0c.asy' 
75741304-d360-4d82-a0b9-9283afd52703	efcc550e923a	[asy] ^ C:\Users\MARKEI~1\AppData\Local\Temp\asyprev_tvowmnov\r_efcc550e923a.asy: 1.1: syntax error:  error: could not load module 'C:\Users\MARKEI~1\AppData\Local\Temp\asyprev_tvowmnov\r_efcc550e923a.asy' 
73748d78-e979-4f21-bb63-4faeeb293ac4	07f21fb6c110	;[asy]  ^ C:\Users\MARKEI~1\AppData\Local\Temp\asyprev_tvowmnov\r_07f21fb6c110.asy: 1.2: syntax error:  error: could not load module 'C:\Users\MARKEI~1\AppData\Local\Temp\asyprev_tvowmnov\r_07f21fb6c110.asy' 
789cae49-ee6b-40bc-91b3-92014a3df40b	050362f1dbd4	;[asy]  ^ C:\Users\MARKEI~1\AppData\Local\Temp\asyprev_tvowmnov\r_050362f1dbd4.asy: 1.2: syntax error:  error: could not load module 'C:\Users\MARKEI~1\AppData\Local\Temp\asyprev_tvowmnov\r_050362f1dbd4.asy' 
7b1eb879-c628-4c26-b0b9-a1db6b54a236	dac8bab2515b	;[asy]  ^ C:\Users\MARKEI~1\AppData\Local\Temp\asyprev_tvowmnov\r_dac8bab2515b.asy: 1.2: syntax error:  error: could not load module 'C:\Users\MARKEI~1\AppData\Local\Temp\asyprev_tvowmnov\r_dac8bab2515b.asy' 
7aed1476-ee0a-44c7-9cf9-b2e5ad3587c6	16b0609a5bca	;[asy]  ^ C:\Users\MARKEI~1\AppData\Local\Temp\asyprev_tvowmnov\r_16b0609a5bca.asy: 1.2: syntax error:  error: could not load module 'C:\Users\MARKEI~1\AppData\Local\Temp\asyprev_tvowmnov\r_16b0609a5bca.asy' 
7c129e30-69f1-41c4-900b-53331c8f4de5	81bebd159d50	;[asy]  ^ C:\Users\MARKEI~1\AppData\Local\Temp\asyprev_tvowmnov\r_81bebd159d50.asy: 1.2: syntax error:  error: could not load module 'C:\Users\MARKEI~1\AppData\Local\Temp\asyprev_tvowmnov\r_81bebd159d50.asy' 
7a6660b5-f419-4a48-b468-2c974b47dd71	7f4ee50fb730	[asy] ^ C:\Users\MARKEI~1\AppData\Local\Temp\asyprev_tvowmnov\r_7f4ee50fb730.asy: 1.1: syntax error:  error: could not load module 'C:\Users\MARKEI~1\AppData\Local\Temp\asyprev_tvowmnov\r_7f4ee50fb730.asy' 
7c4d536f-eadd-4f04-8358-6a7b9915f890	a2d8e0f46010	;[asy]  ^ C:\Users\MARKEI~1\AppData\Local\Temp\asyprev_tvowmnov\r_a2d8e0f46010.asy: 1.2: syntax error:  error: could not load module 'C:\Users\MARKEI~1\AppData\Local\Temp\asyprev_tvowmnov\r_a2d8e0f46010.asy' 
7ced6c58-6e1e-4d75-a229-07284e294a4d	6f12aab5923d	;[asy]  ^ C:\Users\MARKEI~1\AppData\Local\Temp\asyprev_tvowmnov\r_6f12aab5923d.asy: 1.2: syntax error:  error: could not load module 'C:\Users\MARKEI~1\AppData\Local\Temp\asyprev_tvowmnov\r_6f12aab5923d.asy' 
7e19d2e0-e0e9-4612-b14b-8eaf6bdac48e	5b8f1120b895	;[asy]  ^ C:\Users\MARKEI~1\AppData\Local\Temp\asyprev_tvowmnov\r_5b8f1120b895.asy: 1.2: syntax error:  error: could not load module 'C:\Users\MARKEI~1\AppData\Local\Temp\asyprev_tvowmnov\r_5b8f1120b895.asy' 
7f08c06d-f42d-4a14-8dd2-29329ec26037	7851cb64ede9	;[asy]  ^ C:\Users\MARKEI~1\AppData\Local\Temp\asyprev_tvowmnov\r_7851cb64ede9.asy: 1.2: syntax error:  error: could not load module 'C:\Users\MARKEI~1\AppData\Local\Temp\asyprev_tvowmnov\r_7851cb64ede9.asy' 
7e532898-90da-4703-8140-68c96a153c65	838a51ed229c	;[asy]  ^ C:\Users\MARKEI~1\AppData\Local\Temp\asyprev_tvowmnov\r_838a51ed229c.asy: 1.2: syntax error:  error: could not load module 'C:\Users\MARKEI~1\AppData\Local\Temp\asyprev_tvowmnov\r_838a51ed229c.asy' 
80e05e3c-ffa4-4bba-b56c-0dfe177cea33	ca8e726431ee	;[asy]  ^ C:\Users\MARKEI~1\AppData\Local\Temp\asyprev_tvowmnov\r_ca8e726431ee.asy: 1.2: syntax error:  error: could not load module 'C:\Users\MARKEI~1\AppData\Local\Temp\asyprev_tvowmnov\r_ca8e726431ee.asy' 
8104dd78-0353-42f1-a7b7-10f6557b0295	d9ac89b96cd9	;[asy]  ^ C:\Users\MARKEI~1\AppData\Local\Temp\asyprev_tvowmnov\r_d9ac89b96cd9.asy: 1.2: syntax error:  error: could not load module 'C:\Users\MARKEI~1\AppData\Local\Temp\asyprev_tvowmnov\r_d9ac89b96cd9.asy' 
81b6bd0e-c328-4521-9966-1fdf2cd13292	f5c04e2c1db7	;[asy]  ^ C:\Users\MARKEI~1\AppData\Local\Temp\asyprev_tvowmnov\r_f5c04e2c1db7.asy: 1.2: syntax error:  error: could not load module 'C:\Users\MARKEI~1\AppData\Local\Temp\asyprev_tvowmnov\r_f5c04e2c1db7.asy' 
81f2b614-c653-4817-a803-b8de589cff00	2ae8a80f656a	[asy] ^ C:\Users\MARKEI~1\AppData\Local\Temp\asyprev_tvowmnov\r_2ae8a80f656a.asy: 1.1: syntax error:  error: could not load module 'C:\Users\MARKEI~1\AppData\Local\Temp\asyprev_tvowmnov\r_2ae8a80f656a.asy' 
82100e63-cfd4-4718-8a0d-e41c52b4d134	611462b84cc3	[asy] ^ C:\Users\MARKEI~1\AppData\Local\Temp\asyprev_tvowmnov\r_611462b84cc3.asy: 1.1: syntax error:  error: could not load module 'C:\Users\MARKEI~1\AppData\Local\Temp\asyprev_tvowmnov\r_611462b84cc3.asy' 
82518aeb-6fbb-4aa1-b450-7c4241863460	9507efaf45de	;[asy]  ^ C:\Users\MARKEI~1\AppData\Local\Temp\asyprev_tvowmnov\r_9507efaf45de.asy: 1.2: syntax error:  error: could not load module 'C:\Users\MARKEI~1\AppData\Local\Temp\asyprev_tvowmnov\r_9507efaf45de.asy' 
8315a096-c5ad-4d0d-912e-986decb8813a	264a1f7d779f	;[asy]  ^ C:\Users\MARKEI~1\AppData\Local\Temp\asyprev_tvowmnov\r_264a1f7d779f.asy: 1.2: syntax error:  error: could not load module 'C:\Users\MARKEI~1\AppData\Local\Temp\asyprev_tvowmnov\r_264a1f7d779f.asy' 
835a9abc-27f2-4699-9049-f2686634454a	aa99fde92258	[asy] ^ C:\Users\MARKEI~1\AppData\Local\Temp\asyprev_tvowmnov\r_aa99fde92258.asy: 1.1: syntax error:  error: could not load module 'C:\Users\MARKEI~1\AppData\Local\Temp\asyprev_tvowmnov\r_aa99fde92258.asy' 
84796a2a-f7bc-4d62-ade7-e658ddd5d2c8	abf978dad5aa	;[asy]  ^ C:\Users\MARKEI~1\AppData\Local\Temp\asyprev_tvowmnov\r_abf978dad5aa.asy: 1.2: syntax error:  error: could not load module 'C:\Users\MARKEI~1\AppData\Local\Temp\asyprev_tvowmnov\r_abf978dad5aa.asy' 
8533f03d-67ac-4a10-bae0-cb211db2768e	9814aaf79267	[asy] ^ C:\Users\MARKEI~1\AppData\Local\Temp\asyprev_tvowmnov\r_9814aaf79267.asy: 1.1: syntax error:  error: could not load module 'C:\Users\MARKEI~1\AppData\Local\Temp\asyprev_tvowmnov\r_9814aaf79267.asy' 
8645b96e-c66c-479c-93c0-5b487ba852a9	664d94a0edd0	[asy] ^ C:\Users\MARKEI~1\AppData\Local\Temp\asyprev_tvowmnov\r_664d94a0edd0.asy: 1.1: syntax error:  error: could not load module 'C:\Users\MARKEI~1\AppData\Local\Temp\asyprev_tvowmnov\r_664d94a0edd0.asy' 
874d0286-f4c3-42ce-8915-4658ee04a338	d51cde0bdf7c	;[asy]  ^ C:\Users\MARKEI~1\AppData\Local\Temp\asyprev_tvowmnov\r_d51cde0bdf7c.asy: 1.2: syntax error:  error: could not load module 'C:\Users\MARKEI~1\AppData\Local\Temp\asyprev_tvowmnov\r_d51cde0bdf7c.asy' 
883b521d-9b18-412e-8903-b4b6b41dad08	33c547cb4eee	[asy] ^ C:\Users\MARKEI~1\AppData\Local\Temp\asyprev_tvowmnov\r_33c547cb4eee.asy: 1.1: syntax error:  error: could not load module 'C:\Users\MARKEI~1\AppData\Local\Temp\asyprev_tvowmnov\r_33c547cb4eee.asy' 
8917833a-d69c-4ab7-944c-06a332a42b07	901c29a99229	;[asy]  ^ C:\Users\MARKEI~1\AppData\Local\Temp\asyprev_tvowmnov\r_901c29a99229.asy: 1.2: syntax error:  error: could not load module 'C:\Users\MARKEI~1\AppData\Local\Temp\asyprev_tvowmnov\r_901c29a99229.asy' 
894189b3-2c5f-490c-a4ec-6f4d46e7e2e0	32e184b8cda0	[asy] ^ C:\Users\MARKEI~1\AppData\Local\Temp\asyprev_tvowmnov\r_32e184b8cda0.asy: 1.1: syntax error:  error: could not load module 'C:\Users\MARKEI~1\AppData\Local\Temp\asyprev_tvowmnov\r_32e184b8cda0.asy' 
895a6da1-2e34-4d66-b2bc-a45c4f67f796	527ea34d5f59	[asy] ^ C:\Users\MARKEI~1\AppData\Local\Temp\asyprev_tvowmnov\r_527ea34d5f59.asy: 1.1: syntax error:  error: could not load module 'C:\Users\MARKEI~1\AppData\Local\Temp\asyprev_tvowmnov\r_527ea34d5f59.asy' 
8a8e1015-d143-4137-8401-2e46560eed17	11b0a3b2ce74	;[asy]  ^ C:\Users\MARKEI~1\AppData\Local\Temp\asyprev_tvowmnov\r_11b0a3b2ce74.asy: 1.2: syntax error:  error: could not load module 'C:\Users\MARKEI~1\AppData\Local\Temp\asyprev_tvowmnov\r_11b0a3b2ce74.asy' 
8aece02e-ef01-4c97-9a33-3b0480510f4b	e56127ec64e5	[asy] ^ C:\Users\MARKEI~1\AppData\Local\Temp\asyprev_tvowmnov\r_e56127ec64e5.asy: 1.1: syntax error:  error: could not load module 'C:\Users\MARKEI~1\AppData\Local\Temp\asyprev_tvowmnov\r_e56127ec64e5.asy' 
8ac057f0-dfda-443d-9d54-a1e71249af1e	49080649cb36	;[asy]  ^ C:\Users\MARKEI~1\AppData\Local\Temp\asyprev_tvowmnov\r_49080649cb36.asy: 1.2: syntax error:  error: could not load module 'C:\Users\MARKEI~1\AppData\Local\Temp\asyprev_tvowmnov\r_49080649cb36.asy' 
8d5d6b1f-e966-4716-89d3-b4aad8427935	f403ed7ff918	[asy] ^ C:\Users\MARKEI~1\AppData\Local\Temp\asyprev_tvowmnov\r_f403ed7ff918.asy: 1.1: syntax error:  error: could not load module 'C:\Users\MARKEI~1\AppData\Local\Temp\asyprev_tvowmnov\r_f403ed7ff918.asy' 
8d6dd52e-2b66-4e5c-966c-0b3e927f8d35	e0e1e8b11ef5	;[asy]  ^ C:\Users\MARKEI~1\AppData\Local\Temp\asyprev_tvowmnov\r_e0e1e8b11ef5.asy: 1.2: syntax error:  error: could not load module 'C:\Users\MARKEI~1\AppData\Local\Temp\asyprev_tvowmnov\r_e0e1e8b11ef5.asy' 
8e89c052-2be6-4e57-9bb9-b6cde0feae7f	fe16c96dc2b0	;[asy]  ^ C:\Users\MARKEI~1\AppData\Local\Temp\asyprev_tvowmnov\r_fe16c96dc2b0.asy: 1.2: syntax error:  error: could not load module 'C:\Users\MARKEI~1\AppData\Local\Temp\asyprev_tvowmnov\r_fe16c96dc2b0.asy' 
8ee4a60c-14d1-42be-b824-ff05fa1291c7	77d4ea1e11c6	[asy] ^ C:\Users\MARKEI~1\AppData\Local\Temp\asyprev_tvowmnov\r_77d4ea1e11c6.asy: 1.1: syntax error:  error: could not load module 'C:\Users\MARKEI~1\AppData\Local\Temp\asyprev_tvowmnov\r_77d4ea1e11c6.asy' 
904144cc-ebd3-4dc4-a3ea-5d6a50be118a	16a6c557e151	;[asy]  ^ C:\Users\MARKEI~1\AppData\Local\Temp\asyprev_tvowmnov\r_16a6c557e151.asy: 1.2: syntax error:  error: could not load module 'C:\Users\MARKEI~1\AppData\Local\Temp\asyprev_tvowmnov\r_16a6c557e151.asy' 
8f3fd9ea-1227-4d88-b2e9-105fff763443	27a83cc99eda	[asy] ^ C:\Users\MARKEI~1\AppData\Local\Temp\asyprev_tvowmnov\r_27a83cc99eda.asy: 1.1: syntax error:  error: could not load module 'C:\Users\MARKEI~1\AppData\Local\Temp\asyprev_tvowmnov\r_27a83cc99eda.asy' 
93fdf171-ce9e-4090-b6e5-314f3022c97f	4440f9918bd6	;[asy]  ^ C:\Users\MARKEI~1\AppData\Local\Temp\asyprev_tvowmnov\r_4440f9918bd6.asy: 1.2: syntax error:  error: could not load module 'C:\Users\MARKEI~1\AppData\Local\Temp\asyprev_tvowmnov\r_4440f9918bd6.asy' 
9401c1a9-33c7-4217-8707-748be84f29a4	3fca182e1478	[asy] ^ C:\Users\MARKEI~1\AppData\Local\Temp\asyprev_tvowmnov\r_3fca182e1478.asy: 1.1: syntax error:  error: could not load module 'C:\Users\MARKEI~1\AppData\Local\Temp\asyprev_tvowmnov\r_3fca182e1478.asy' 
964a29ec-678f-47af-bd98-7cb0dcb520e5	a5ee44a484aa	;[asy]  ^ C:\Users\MARKEI~1\AppData\Local\Temp\asyprev_tvowmnov\r_a5ee44a484aa.asy: 1.2: syntax error:  error: could not load module 'C:\Users\MARKEI~1\AppData\Local\Temp\asyprev_tvowmnov\r_a5ee44a484aa.asy' 
969492c6-bee0-47e5-a2cf-6f6c238c1827	0bf9e60f5c22	;[asy]  ^ C:\Users\MARKEI~1\AppData\Local\Temp\asyprev_tvowmnov\r_0bf9e60f5c22.asy: 1.2: syntax error:  error: could not load module 'C:\Users\MARKEI~1\AppData\Local\Temp\asyprev_tvowmnov\r_0bf9e60f5c22.asy' 
96f36a36-97f1-4ef9-8cf8-28fea2600afd	f1792d19a89e	[asy] ^ C:\Users\MARKEI~1\AppData\Local\Temp\asyprev_tvowmnov\r_f1792d19a89e.asy: 1.1: syntax error:  error: could not load module 'C:\Users\MARKEI~1\AppData\Local\Temp\asyprev_tvowmnov\r_f1792d19a89e.asy' 
994a2a82-974a-42f7-955c-77510b2ed97a	6ca042aa07f9	[asy] ^ C:\Users\MARKEI~1\AppData\Local\Temp\asyprev_tvowmnov\r_6ca042aa07f9.asy: 1.1: syntax error:  error: could not load module 'C:\Users\MARKEI~1\AppData\Local\Temp\asyprev_tvowmnov\r_6ca042aa07f9.asy' 
98637442-6296-454b-988f-4ecdf9c52c5f	768fa632cfbb	[asy] ^ C:\Users\MARKEI~1\AppData\Local\Temp\asyprev_tvowmnov\r_768fa632cfbb.asy: 1.1: syntax error:  error: could not load module 'C:\Users\MARKEI~1\AppData\Local\Temp\asyprev_tvowmnov\r_768fa632cfbb.asy' 
99865c42-f4f2-4c91-aea0-e2e03e6aa116	95ba137273f2	;[asy]  ^ C:\Users\MARKEI~1\AppData\Local\Temp\asyprev_tvowmnov\r_95ba137273f2.asy: 1.2: syntax error:  error: could not load module 'C:\Users\MARKEI~1\AppData\Local\Temp\asyprev_tvowmnov\r_95ba137273f2.asy' 
99cc3fd1-3d9d-4e85-bd2b-645dcfe3db18	0949a53ba367	;[asy]  ^ C:\Users\MARKEI~1\AppData\Local\Temp\asyprev_tvowmnov\r_0949a53ba367.asy: 1.2: syntax error:  error: could not load module 'C:\Users\MARKEI~1\AppData\Local\Temp\asyprev_tvowmnov\r_0949a53ba367.asy' 
9b3508fa-e648-4d00-9ecf-b255790a2377	0d01afacb7e5	;[asy]  ^ C:\Users\MARKEI~1\AppData\Local\Temp\asyprev_tvowmnov\r_0d01afacb7e5.asy: 1.2: syntax error:  error: could not load module 'C:\Users\MARKEI~1\AppData\Local\Temp\asyprev_tvowmnov\r_0d01afacb7e5.asy' 
9b9e3ce6-9937-45e8-91a4-710cbd13d099	4afa56788a74	;[asy]  ^ C:\Users\MARKEI~1\AppData\Local\Temp\asyprev_tvowmnov\r_4afa56788a74.asy: 1.2: syntax error:  error: could not load module 'C:\Users\MARKEI~1\AppData\Local\Temp\asyprev_tvowmnov\r_4afa56788a74.asy' 
9c2d84c5-633b-4564-a0b4-a1c180d18906	73d648419af9	;[asy]  ^ C:\Users\MARKEI~1\AppData\Local\Temp\asyprev_tvowmnov\r_73d648419af9.asy: 1.2: syntax error:  error: could not load module 'C:\Users\MARKEI~1\AppData\Local\Temp\asyprev_tvowmnov\r_73d648419af9.asy' 
9d5881f6-7702-4daf-b27b-f083b53d6732	b124d654f485	;[asy]  ^ C:\Users\MARKEI~1\AppData\Local\Temp\asyprev_tvowmnov\r_b124d654f485.asy: 1.2: syntax error:  error: could not load module 'C:\Users\MARKEI~1\AppData\Local\Temp\asyprev_tvowmnov\r_b124d654f485.asy' 
9c447b81-370d-443d-9959-fa1172c6d2f9	b4e468c5db3c	;[asy]  ^ C:\Users\MARKEI~1\AppData\Local\Temp\asyprev_tvowmnov\r_b4e468c5db3c.asy: 1.2: syntax error:  error: could not load module 'C:\Users\MARKEI~1\AppData\Local\Temp\asyprev_tvowmnov\r_b4e468c5db3c.asy' 
9df22f2d-2ab9-4bc6-bac6-d3e25f436ca2	444f275ab898	;[asy]  ^ C:\Users\MARKEI~1\AppData\Local\Temp\asyprev_tvowmnov\r_444f275ab898.asy: 1.2: syntax error:  error: could not load module 'C:\Users\MARKEI~1\AppData\Local\Temp\asyprev_tvowmnov\r_444f275ab898.asy' 
a0e4baf7-0434-48a9-875e-fdc7ea285338	24316733d23a	[asy] ^ C:\Users\MARKEI~1\AppData\Local\Temp\asyprev_tvowmnov\r_24316733d23a.asy: 1.1: syntax error:  error: could not load module 'C:\Users\MARKEI~1\AppData\Local\Temp\asyprev_tvowmnov\r_24316733d23a.asy' 
a2546265-e241-409e-9cc0-35279c39481e	f04d47cec298	;[asy]  ^ C:\Users\MARKEI~1\AppData\Local\Temp\asyprev_tvowmnov\r_f04d47cec298.asy: 1.2: syntax error:  error: could not load module 'C:\Users\MARKEI~1\AppData\Local\Temp\asyprev_tvowmnov\r_f04d47cec298.asy' 
a31cbcd4-824d-449e-9def-388fc27f9cc1	bfaf642b5723	;[asy]  ^ C:\Users\MARKEI~1\AppData\Local\Temp\asyprev_tvowmnov\r_bfaf642b5723.asy: 1.2: syntax error:  error: could not load module 'C:\Users\MARKEI~1\AppData\Local\Temp\asyprev_tvowmnov\r_bfaf642b5723.asy' 
a325a1fa-26f0-4073-9a46-ec3bc9b0d45d	2ad279489bcd	;[asy]  ^ C:\Users\MARKEI~1\AppData\Local\Temp\asyprev_tvowmnov\r_2ad279489bcd.asy: 1.2: syntax error:  error: could not load module 'C:\Users\MARKEI~1\AppData\Local\Temp\asyprev_tvowmnov\r_2ad279489bcd.asy' 
a3585116-6015-4dea-921c-8c529d317153	a0daf43f6328	[asy] ^ C:\Users\MARKEI~1\AppData\Local\Temp\asyprev_tvowmnov\r_a0daf43f6328.asy: 1.1: syntax error:  error: could not load module 'C:\Users\MARKEI~1\AppData\Local\Temp\asyprev_tvowmnov\r_a0daf43f6328.asy' 
a4a9823e-55bc-4a07-a0b4-f9c2beb1fbd9	d8ffb550a23b	;[asy]  ^ C:\Users\MARKEI~1\AppData\Local\Temp\asyprev_tvowmnov\r_d8ffb550a23b.asy: 1.2: syntax error:  error: could not load module 'C:\Users\MARKEI~1\AppData\Local\Temp\asyprev_tvowmnov\r_d8ffb550a23b.asy' 
a5380c6b-7614-4d77-9a51-00dd70d396eb	048570066fba	;[asy]  ^ C:\Users\MARKEI~1\AppData\Local\Temp\asyprev_tvowmnov\r_048570066fba.asy: 1.2: syntax error:  error: could not load module 'C:\Users\MARKEI~1\AppData\Local\Temp\asyprev_tvowmnov\r_048570066fba.asy' 
a661a28b-cd94-4cf2-a847-5389c03c3e3e	3d60451141ac	;[asy]  ^ C:\Users\MARKEI~1\AppData\Local\Temp\asyprev_tvowmnov\r_3d60451141ac.asy: 1.2: syntax error:  error: could not load module 'C:\Users\MARKEI~1\AppData\Local\Temp\asyprev_tvowmnov\r_3d60451141ac.asy' 
a6981dd5-f449-40e2-9065-d0c2f6f62c2d	ebbbb40040c9	;[asy]  ^ C:\Users\MARKEI~1\AppData\Local\Temp\asyprev_tvowmnov\r_ebbbb40040c9.asy: 1.2: syntax error:  error: could not load module 'C:\Users\MARKEI~1\AppData\Local\Temp\asyprev_tvowmnov\r_ebbbb40040c9.asy' 
a6fc9e18-7ed0-4fd5-ac7d-58115c82d1dd	e6384085a95d	;[asy]  ^ C:\Users\MARKEI~1\AppData\Local\Temp\asyprev_tvowmnov\r_e6384085a95d.asy: 1.2: syntax error:  error: could not load module 'C:\Users\MARKEI~1\AppData\Local\Temp\asyprev_tvowmnov\r_e6384085a95d.asy' 
a879b1e0-3e41-470e-97fe-64480620853b	a0e2f35fe9b2	;[asy]  ^ C:\Users\MARKEI~1\AppData\Local\Temp\asyprev_tvowmnov\r_a0e2f35fe9b2.asy: 1.2: syntax error:  error: could not load module 'C:\Users\MARKEI~1\AppData\Local\Temp\asyprev_tvowmnov\r_a0e2f35fe9b2.asy' 
aa626e4f-4cd2-4cfa-972f-39299c10a7ac	c33e6b7bab95	[asy] ^ C:\Users\MARKEI~1\AppData\Local\Temp\asyprev_tvowmnov\r_c33e6b7bab95.asy: 1.1: syntax error:  error: could not load module 'C:\Users\MARKEI~1\AppData\Local\Temp\asyprev_tvowmnov\r_c33e6b7bab95.asy' 
aad0d4a5-532b-4cf1-832d-fc4eafc7a63d	9d22f3ee0401	[asy] ^ C:\Users\MARKEI~1\AppData\Local\Temp\asyprev_tvowmnov\r_9d22f3ee0401.asy: 1.1: syntax error:  error: could not load module 'C:\Users\MARKEI~1\AppData\Local\Temp\asyprev_tvowmnov\r_9d22f3ee0401.asy' 
ada73775-975f-482d-803b-d21a206241a9	bbc73eb6c10d	;[asy]  ^ C:\Users\MARKEI~1\AppData\Local\Temp\asyprev_tvowmnov\r_bbc73eb6c10d.asy: 1.2: syntax error:  error: could not load module 'C:\Users\MARKEI~1\AppData\Local\Temp\asyprev_tvowmnov\r_bbc73eb6c10d.asy' 
aed02f97-9d83-4f95-87b8-0c2b8642a23c	bbb5f944d85c	;[asy]  ^ C:\Users\MARKEI~1\AppData\Local\Temp\asyprev_tvowmnov\r_bbb5f944d85c.asy: 1.2: syntax error:  error: could not load module 'C:\Users\MARKEI~1\AppData\Local\Temp\asyprev_tvowmnov\r_bbb5f944d85c.asy' 
b14005a9-e4fe-4d8b-8a8c-808ebf01739f	2b5c841faa17	[asy] ^ C:\Users\MARKEI~1\AppData\Local\Temp\asyprev_tvowmnov\r_2b5c841faa17.asy: 1.1: syntax error:  error: could not load module 'C:\Users\MARKEI~1\AppData\Local\Temp\asyprev_tvowmnov\r_2b5c841faa17.asy' 
b1e1f0e0-4cf9-4c0f-8266-087a08a6b635	2704c0ebfc6b	;[asy]  ^ C:\Users\MARKEI~1\AppData\Local\Temp\asyprev_tvowmnov\r_2704c0ebfc6b.asy: 1.2: syntax error:  error: could not load module 'C:\Users\MARKEI~1\AppData\Local\Temp\asyprev_tvowmnov\r_2704c0ebfc6b.asy' 
b39831c6-218c-4615-862c-502d05ef2483	843784d75598	;[asy]  ^ C:\Users\MARKEI~1\AppData\Local\Temp\asyprev_tvowmnov\r_843784d75598.asy: 1.2: syntax error:  error: could not load module 'C:\Users\MARKEI~1\AppData\Local\Temp\asyprev_tvowmnov\r_843784d75598.asy' 
b44ca87c-f90e-4b43-8c92-7d964e422573	d164e89cdf94	;[asy]  ^ C:\Users\MARKEI~1\AppData\Local\Temp\asyprev_tvowmnov\r_d164e89cdf94.asy: 1.2: syntax error:  error: could not load module 'C:\Users\MARKEI~1\AppData\Local\Temp\asyprev_tvowmnov\r_d164e89cdf94.asy' 
b45989cc-67da-4af4-9c23-97e0d9a88f46	ce04263d82c3	;[asy]  ^ C:\Users\MARKEI~1\AppData\Local\Temp\asyprev_tvowmnov\r_ce04263d82c3.asy: 1.2: syntax error:  error: could not load module 'C:\Users\MARKEI~1\AppData\Local\Temp\asyprev_tvowmnov\r_ce04263d82c3.asy' 
b5638dbd-1173-45d5-a050-23a30511005e	939cec618d41	[asy] ^ C:\Users\MARKEI~1\AppData\Local\Temp\asyprev_tvowmnov\r_939cec618d41.asy: 1.1: syntax error:  error: could not load module 'C:\Users\MARKEI~1\AppData\Local\Temp\asyprev_tvowmnov\r_939cec618d41.asy' 
b57ad7d7-82e7-469c-a2f6-8ef0306813ce	021b3427799d	[asy] ^ C:\Users\MARKEI~1\AppData\Local\Temp\asyprev_tvowmnov\r_021b3427799d.asy: 1.1: syntax error:  error: could not load module 'C:\Users\MARKEI~1\AppData\Local\Temp\asyprev_tvowmnov\r_021b3427799d.asy' 
b6742d34-5986-4cf2-b754-dc7eecf24955	dccac089ecc7	;[asy]  ^ C:\Users\MARKEI~1\AppData\Local\Temp\asyprev_tvowmnov\r_dccac089ecc7.asy: 1.2: syntax error:  error: could not load module 'C:\Users\MARKEI~1\AppData\Local\Temp\asyprev_tvowmnov\r_dccac089ecc7.asy' 
b6af1ee3-6d4d-4f4d-848e-668492ab9d64	d2f62536c3d8	[asy] ^ C:\Users\MARKEI~1\AppData\Local\Temp\asyprev_tvowmnov\r_d2f62536c3d8.asy: 1.1: syntax error:  error: could not load module 'C:\Users\MARKEI~1\AppData\Local\Temp\asyprev_tvowmnov\r_d2f62536c3d8.asy' 
b6fe4303-c12e-4cf7-ba3d-3a61c403e8aa	7592533edc2b	;[asy]  ^ C:\Users\MARKEI~1\AppData\Local\Temp\asyprev_tvowmnov\r_7592533edc2b.asy: 1.2: syntax error:  error: could not load module 'C:\Users\MARKEI~1\AppData\Local\Temp\asyprev_tvowmnov\r_7592533edc2b.asy' 
b77fbd68-b55b-4115-8bc2-e902917dfe33	e6023aca9272	[asy] ^ C:\Users\MARKEI~1\AppData\Local\Temp\asyprev_tvowmnov\r_e6023aca9272.asy: 1.1: syntax error:  error: could not load module 'C:\Users\MARKEI~1\AppData\Local\Temp\asyprev_tvowmnov\r_e6023aca9272.asy' 
b91f0286-7fe7-4edf-a46a-31c13d285c7b	38719034bede	[asy] ^ C:\Users\MARKEI~1\AppData\Local\Temp\asyprev_tvowmnov\r_38719034bede.asy: 1.1: syntax error:  error: could not load module 'C:\Users\MARKEI~1\AppData\Local\Temp\asyprev_tvowmnov\r_38719034bede.asy' 
b81fe7e5-ac78-48fc-9f94-b64228e9895f	845a0f78d7bc	[asy] ^ C:\Users\MARKEI~1\AppData\Local\Temp\asyprev_tvowmnov\r_845a0f78d7bc.asy: 1.1: syntax error:  error: could not load module 'C:\Users\MARKEI~1\AppData\Local\Temp\asyprev_tvowmnov\r_845a0f78d7bc.asy' 
b93f10d4-b56b-4e55-a775-25f5c9b3ca22	c31ad6358288	[asy] ^ C:\Users\MARKEI~1\AppData\Local\Temp\asyprev_tvowmnov\r_c31ad6358288.asy: 1.1: syntax error:  error: could not load module 'C:\Users\MARKEI~1\AppData\Local\Temp\asyprev_tvowmnov\r_c31ad6358288.asy' 
b988fdff-dc06-43ed-803d-275888603d12	2a9973096241	[asy] ^ C:\Users\MARKEI~1\AppData\Local\Temp\asyprev_tvowmnov\r_2a9973096241.asy: 1.1: syntax error:  error: could not load module 'C:\Users\MARKEI~1\AppData\Local\Temp\asyprev_tvowmnov\r_2a9973096241.asy' 
bace1d2b-148c-474a-beee-b98f70166783	7fa96e4f06f7	;[asy]  ^ C:\Users\MARKEI~1\AppData\Local\Temp\asyprev_tvowmnov\r_7fa96e4f06f7.asy: 1.2: syntax error:  error: could not load module 'C:\Users\MARKEI~1\AppData\Local\Temp\asyprev_tvowmnov\r_7fa96e4f06f7.asy' 
bc7c82c2-b4c1-4c48-8def-10cbd81d2ff2	76eb4249488e	[asy] ^ C:\Users\MARKEI~1\AppData\Local\Temp\asyprev_tvowmnov\r_76eb4249488e.asy: 1.1: syntax error:  error: could not load module 'C:\Users\MARKEI~1\AppData\Local\Temp\asyprev_tvowmnov\r_76eb4249488e.asy' 
bcc2808f-5270-4814-8f0f-5085b52c317a	27bd3741d682	[asy] ^ C:\Users\MARKEI~1\AppData\Local\Temp\asyprev_tvowmnov\r_27bd3741d682.asy: 1.1: syntax error:  error: could not load module 'C:\Users\MARKEI~1\AppData\Local\Temp\asyprev_tvowmnov\r_27bd3741d682.asy' 
bcebcb9e-c728-44d7-bbb6-c4a0317c9701	3d17d0e70c25	;[asy]  ^ C:\Users\MARKEI~1\AppData\Local\Temp\asyprev_tvowmnov\r_3d17d0e70c25.asy: 1.2: syntax error:  error: could not load module 'C:\Users\MARKEI~1\AppData\Local\Temp\asyprev_tvowmnov\r_3d17d0e70c25.asy' 
be00c37e-d4da-41eb-9d45-568b7087cd3b	dccbb3279625	;[asy]  ^ C:\Users\MARKEI~1\AppData\Local\Temp\asyprev_tvowmnov\r_dccbb3279625.asy: 1.2: syntax error:  error: could not load module 'C:\Users\MARKEI~1\AppData\Local\Temp\asyprev_tvowmnov\r_dccbb3279625.asy' 
bf8992d6-eace-430f-aaad-926c6de9eaff	51cf652b62cd	;[asy]  ^ C:\Users\MARKEI~1\AppData\Local\Temp\asyprev_tvowmnov\r_51cf652b62cd.asy: 1.2: syntax error:  error: could not load module 'C:\Users\MARKEI~1\AppData\Local\Temp\asyprev_tvowmnov\r_51cf652b62cd.asy' 
c10a6c83-cb4a-48c0-9de1-3db6c34d0037	adb395390e00	;[asy]  ^ C:\Users\MARKEI~1\AppData\Local\Temp\asyprev_tvowmnov\r_adb395390e00.asy: 1.2: syntax error:  error: could not load module 'C:\Users\MARKEI~1\AppData\Local\Temp\asyprev_tvowmnov\r_adb395390e00.asy' 
bfbae400-fa3d-4bb4-98c2-0951b193682a	03ab2c79ccad	;[asy]  ^ C:\Users\MARKEI~1\AppData\Local\Temp\asyprev_tvowmnov\r_03ab2c79ccad.asy: 1.2: syntax error:  error: could not load module 'C:\Users\MARKEI~1\AppData\Local\Temp\asyprev_tvowmnov\r_03ab2c79ccad.asy' 
c139dc34-658a-4096-a8bf-18640efc8a3f	4bfe4c2dc8ae	;[asy]  ^ C:\Users\MARKEI~1\AppData\Local\Temp\asyprev_tvowmnov\r_4bfe4c2dc8ae.asy: 1.2: syntax error:  error: could not load module 'C:\Users\MARKEI~1\AppData\Local\Temp\asyprev_tvowmnov\r_4bfe4c2dc8ae.asy' 
c134fef4-d3c3-419f-9b6d-eb7a3c9d835b	e35d22e58b30	[asy] ^ C:\Users\MARKEI~1\AppData\Local\Temp\asyprev_tvowmnov\r_e35d22e58b30.asy: 1.1: syntax error:  error: could not load module 'C:\Users\MARKEI~1\AppData\Local\Temp\asyprev_tvowmnov\r_e35d22e58b30.asy' 
c2537492-d035-4bbd-a88f-a14810309246	78fa0f9bc988	[asy] ^ C:\Users\MARKEI~1\AppData\Local\Temp\asyprev_tvowmnov\r_78fa0f9bc988.asy: 1.1: syntax error:  error: could not load module 'C:\Users\MARKEI~1\AppData\Local\Temp\asyprev_tvowmnov\r_78fa0f9bc988.asy' 
c3323961-706f-4b41-aba2-a470e02fdb6c	8241e7ca572f	[asy] ^ C:\Users\MARKEI~1\AppData\Local\Temp\asyprev_tvowmnov\r_8241e7ca572f.asy: 1.1: syntax error:  error: could not load module 'C:\Users\MARKEI~1\AppData\Local\Temp\asyprev_tvowmnov\r_8241e7ca572f.asy' 
c363e594-f19c-44d0-9015-c883a0d485c5	db4a402f4d0d	;[asy]  ^ C:\Users\MARKEI~1\AppData\Local\Temp\asyprev_tvowmnov\r_db4a402f4d0d.asy: 1.2: syntax error:  error: could not load module 'C:\Users\MARKEI~1\AppData\Local\Temp\asyprev_tvowmnov\r_db4a402f4d0d.asy' 
c3ca18e4-1225-4af3-86e0-25597f525211	673fd458f177	;[asy]  ^ C:\Users\MARKEI~1\AppData\Local\Temp\asyprev_tvowmnov\r_673fd458f177.asy: 1.2: syntax error:  error: could not load module 'C:\Users\MARKEI~1\AppData\Local\Temp\asyprev_tvowmnov\r_673fd458f177.asy' 
c44e32b1-6580-446c-aac0-8ade9fd13dfd	1c51af1db0e2	;[asy]  ^ C:\Users\MARKEI~1\AppData\Local\Temp\asyprev_tvowmnov\r_1c51af1db0e2.asy: 1.2: syntax error:  error: could not load module 'C:\Users\MARKEI~1\AppData\Local\Temp\asyprev_tvowmnov\r_1c51af1db0e2.asy' 
c457490d-7d44-44a1-a725-f121a7f47c2e	9501691a6c08	;[asy]  ^ C:\Users\MARKEI~1\AppData\Local\Temp\asyprev_tvowmnov\r_9501691a6c08.asy: 1.2: syntax error:  error: could not load module 'C:\Users\MARKEI~1\AppData\Local\Temp\asyprev_tvowmnov\r_9501691a6c08.asy' 
c4dffaa5-0bc9-4cc7-ae73-c3ce12206b78	e0030a90d35c	[asy] ^ C:\Users\MARKEI~1\AppData\Local\Temp\asyprev_tvowmnov\r_e0030a90d35c.asy: 1.1: syntax error:  error: could not load module 'C:\Users\MARKEI~1\AppData\Local\Temp\asyprev_tvowmnov\r_e0030a90d35c.asy' 
c6788593-176d-4c4f-a7c9-5950b256d80a	044e74bf66e9	;[asy]  ^ C:\Users\MARKEI~1\AppData\Local\Temp\asyprev_tvowmnov\r_044e74bf66e9.asy: 1.2: syntax error:  error: could not load module 'C:\Users\MARKEI~1\AppData\Local\Temp\asyprev_tvowmnov\r_044e74bf66e9.asy' 
c6d9c2f1-b90a-4b81-9585-8bace63ecbf5	10753464c33a	[asy] ^ C:\Users\MARKEI~1\AppData\Local\Temp\asyprev_tvowmnov\r_10753464c33a.asy: 1.1: syntax error:  error: could not load module 'C:\Users\MARKEI~1\AppData\Local\Temp\asyprev_tvowmnov\r_10753464c33a.asy' 
c7eb3870-5848-44ba-a229-673f0f1d9090	493f8cfb9fb8	[asy] ^ C:\Users\MARKEI~1\AppData\Local\Temp\asyprev_tvowmnov\r_493f8cfb9fb8.asy: 1.1: syntax error:  error: could not load module 'C:\Users\MARKEI~1\AppData\Local\Temp\asyprev_tvowmnov\r_493f8cfb9fb8.asy' 
c9d7612f-e337-4504-b9a2-4624e783cae4	3a59171a6fa0	;[asy]  ^ C:\Users\MARKEI~1\AppData\Local\Temp\asyprev_tvowmnov\r_3a59171a6fa0.asy: 1.2: syntax error:  error: could not load module 'C:\Users\MARKEI~1\AppData\Local\Temp\asyprev_tvowmnov\r_3a59171a6fa0.asy' 
cb3ae96a-d479-46ea-af51-6c3c0dddd91d	8be7f6e470a5	;[asy]  ^ C:\Users\MARKEI~1\AppData\Local\Temp\asyprev_tvowmnov\r_8be7f6e470a5.asy: 1.2: syntax error:  error: could not load module 'C:\Users\MARKEI~1\AppData\Local\Temp\asyprev_tvowmnov\r_8be7f6e470a5.asy' 
cc3936ea-0fb9-40a5-8aa8-f4d7c3e4d5be	090f5ee868fd	[asy] ^ C:\Users\MARKEI~1\AppData\Local\Temp\asyprev_tvowmnov\r_090f5ee868fd.asy: 1.1: syntax error:  error: could not load module 'C:\Users\MARKEI~1\AppData\Local\Temp\asyprev_tvowmnov\r_090f5ee868fd.asy' 
ceb56f74-55f9-40b7-9ceb-17c1bb959007	f0178c34799c	;[asy]  ^ C:\Users\MARKEI~1\AppData\Local\Temp\asyprev_tvowmnov\r_f0178c34799c.asy: 1.2: syntax error:  error: could not load module 'C:\Users\MARKEI~1\AppData\Local\Temp\asyprev_tvowmnov\r_f0178c34799c.asy' 
d19829c8-5ed9-4f0d-b67e-12c21862044a	9e43bd9ab177	;[asy]  ^ C:\Users\MARKEI~1\AppData\Local\Temp\asyprev_tvowmnov\r_9e43bd9ab177.asy: 1.2: syntax error:  error: could not load module 'C:\Users\MARKEI~1\AppData\Local\Temp\asyprev_tvowmnov\r_9e43bd9ab177.asy' 
d2846a48-caf4-4df6-9ea3-336d569a3a16	7eb69b644cae	[asy] ^ C:\Users\MARKEI~1\AppData\Local\Temp\asyprev_tvowmnov\r_7eb69b644cae.asy: 1.1: syntax error:  error: could not load module 'C:\Users\MARKEI~1\AppData\Local\Temp\asyprev_tvowmnov\r_7eb69b644cae.asy' 
d1efe6df-5153-4a2c-9c76-f206214eda19	867a60a5b384	;[asy]  ^ C:\Users\MARKEI~1\AppData\Local\Temp\asyprev_tvowmnov\r_867a60a5b384.asy: 1.2: syntax error:  error: could not load module 'C:\Users\MARKEI~1\AppData\Local\Temp\asyprev_tvowmnov\r_867a60a5b384.asy' 
d2246fa6-fd82-4418-b486-9d02c3fbf90f	8ebfac9fb17d	;[asy]  ^ C:\Users\MARKEI~1\AppData\Local\Temp\asyprev_tvowmnov\r_8ebfac9fb17d.asy: 1.2: syntax error:  error: could not load module 'C:\Users\MARKEI~1\AppData\Local\Temp\asyprev_tvowmnov\r_8ebfac9fb17d.asy' 
d2ecdea2-8699-40e3-93f8-3609102524cd	acc50fe48828	;[asy]  ^ C:\Users\MARKEI~1\AppData\Local\Temp\asyprev_tvowmnov\r_acc50fe48828.asy: 1.2: syntax error:  error: could not load module 'C:\Users\MARKEI~1\AppData\Local\Temp\asyprev_tvowmnov\r_acc50fe48828.asy' 
d35fcd26-0454-4e04-8d68-f2166b9369e7	1de76bcb5628	[asy] ^ C:\Users\MARKEI~1\AppData\Local\Temp\asyprev_tvowmnov\r_1de76bcb5628.asy: 1.1: syntax error:  error: could not load module 'C:\Users\MARKEI~1\AppData\Local\Temp\asyprev_tvowmnov\r_1de76bcb5628.asy' 
d45a594a-68e4-40b4-a9c0-cf2a47e2a390	d9f071d6f159	[asy] ^ C:\Users\MARKEI~1\AppData\Local\Temp\asyprev_tvowmnov\r_d9f071d6f159.asy: 1.1: syntax error:  error: could not load module 'C:\Users\MARKEI~1\AppData\Local\Temp\asyprev_tvowmnov\r_d9f071d6f159.asy' 
d3d6dbe8-a0da-43fb-bdde-cf5eb7d37f11	5ff129b3d39e	;[asy]  ^ C:\Users\MARKEI~1\AppData\Local\Temp\asyprev_tvowmnov\r_5ff129b3d39e.asy: 1.2: syntax error:  error: could not load module 'C:\Users\MARKEI~1\AppData\Local\Temp\asyprev_tvowmnov\r_5ff129b3d39e.asy' 
d73ccfee-b907-4c89-87dc-10c94c2077de	2aa0c422d151	;[asy]  ^ C:\Users\MARKEI~1\AppData\Local\Temp\asyprev_tvowmnov\r_2aa0c422d151.asy: 1.2: syntax error:  error: could not load module 'C:\Users\MARKEI~1\AppData\Local\Temp\asyprev_tvowmnov\r_2aa0c422d151.asy' 
d7a4c3d7-002c-490c-aa7a-32b58d7d18e2	92cad9de5265	[asy] ^ C:\Users\MARKEI~1\AppData\Local\Temp\asyprev_tvowmnov\r_92cad9de5265.asy: 1.1: syntax error:  error: could not load module 'C:\Users\MARKEI~1\AppData\Local\Temp\asyprev_tvowmnov\r_92cad9de5265.asy' 
d8eedb9d-7eb5-4ee3-8a09-912461cff458	8740dba1d0fe	;[asy]  ^ C:\Users\MARKEI~1\AppData\Local\Temp\asyprev_tvowmnov\r_8740dba1d0fe.asy: 1.2: syntax error:  error: could not load module 'C:\Users\MARKEI~1\AppData\Local\Temp\asyprev_tvowmnov\r_8740dba1d0fe.asy' 
d8f4c176-0395-4815-96ee-adb0e4a37432	7e2371979e97	;[asy]  ^ C:\Users\MARKEI~1\AppData\Local\Temp\asyprev_tvowmnov\r_7e2371979e97.asy: 1.2: syntax error:  error: could not load module 'C:\Users\MARKEI~1\AppData\Local\Temp\asyprev_tvowmnov\r_7e2371979e97.asy' 
d80d3413-98b7-440f-bfca-84f1eba2b9be	870b5904111d	;[asy]  ^ C:\Users\MARKEI~1\AppData\Local\Temp\asyprev_tvowmnov\r_870b5904111d.asy: 1.2: syntax error:  error: could not load module 'C:\Users\MARKEI~1\AppData\Local\Temp\asyprev_tvowmnov\r_870b5904111d.asy' 
dc159052-1d02-45f1-b651-dc2437dcc812	377494d930cd	;[asy]  ^ C:\Users\MARKEI~1\AppData\Local\Temp\asyprev_tvowmnov\r_377494d930cd.asy: 1.2: syntax error:  error: could not load module 'C:\Users\MARKEI~1\AppData\Local\Temp\asyprev_tvowmnov\r_377494d930cd.asy' 
db244a81-ca07-4306-bf27-ddacd64be917	8b180446c8bf	;[asy]  ^ C:\Users\MARKEI~1\AppData\Local\Temp\asyprev_tvowmnov\r_8b180446c8bf.asy: 1.2: syntax error:  error: could not load module 'C:\Users\MARKEI~1\AppData\Local\Temp\asyprev_tvowmnov\r_8b180446c8bf.asy' 
dca0b43d-841d-4d51-8584-ddd87939f7f6	c607dbfc5f0c	[asy] ^ C:\Users\MARKEI~1\AppData\Local\Temp\asyprev_tvowmnov\r_c607dbfc5f0c.asy: 1.1: syntax error:  error: could not load module 'C:\Users\MARKEI~1\AppData\Local\Temp\asyprev_tvowmnov\r_c607dbfc5f0c.asy' 
dcd495d0-9c40-4128-a3bd-3f26b0417277	b5cee032e685	;[asy]  ^ C:\Users\MARKEI~1\AppData\Local\Temp\asyprev_tvowmnov\r_b5cee032e685.asy: 1.2: syntax error:  error: could not load module 'C:\Users\MARKEI~1\AppData\Local\Temp\asyprev_tvowmnov\r_b5cee032e685.asy' 
de98f9aa-3e38-419f-87ba-531805659dc2	77957eb0984e	[asy] ^ C:\Users\MARKEI~1\AppData\Local\Temp\asyprev_tvowmnov\r_77957eb0984e.asy: 1.1: syntax error:  error: could not load module 'C:\Users\MARKEI~1\AppData\Local\Temp\asyprev_tvowmnov\r_77957eb0984e.asy' 
debf1bc7-f8b2-4181-b41e-b4e083c6e0d5	e55eadbb4d58	[asy] ^ C:\Users\MARKEI~1\AppData\Local\Temp\asyprev_tvowmnov\r_e55eadbb4d58.asy: 1.1: syntax error:  error: could not load module 'C:\Users\MARKEI~1\AppData\Local\Temp\asyprev_tvowmnov\r_e55eadbb4d58.asy' 
e0520331-2c44-47c7-b034-ff058fd11355	17327fa7fd97	;[asy]  ^ C:\Users\MARKEI~1\AppData\Local\Temp\asyprev_tvowmnov\r_17327fa7fd97.asy: 1.2: syntax error:  error: could not load module 'C:\Users\MARKEI~1\AppData\Local\Temp\asyprev_tvowmnov\r_17327fa7fd97.asy' 
e1ff3e9d-7dbf-4c5f-b446-d88b5f590f08	c14ddd1e3bd5	;[asy]  ^ C:\Users\MARKEI~1\AppData\Local\Temp\asyprev_tvowmnov\r_c14ddd1e3bd5.asy: 1.2: syntax error:  error: could not load module 'C:\Users\MARKEI~1\AppData\Local\Temp\asyprev_tvowmnov\r_c14ddd1e3bd5.asy' 
e41551ff-b0c9-4ea7-9db7-7c1c3b165507	66573b381b26	;[asy]  ^ C:\Users\MARKEI~1\AppData\Local\Temp\asyprev_tvowmnov\r_66573b381b26.asy: 1.2: syntax error:  error: could not load module 'C:\Users\MARKEI~1\AppData\Local\Temp\asyprev_tvowmnov\r_66573b381b26.asy' 
e4bd5d00-ae82-4bba-9a2d-677842624222	b0ad95a8fb7d	[asy] ^ C:\Users\MARKEI~1\AppData\Local\Temp\asyprev_tvowmnov\r_b0ad95a8fb7d.asy: 1.1: syntax error:  error: could not load module 'C:\Users\MARKEI~1\AppData\Local\Temp\asyprev_tvowmnov\r_b0ad95a8fb7d.asy' 
e56a7b02-50d3-4fab-b649-c08e4f4728c1	2be1fc33a9ee	;[asy]  ^ C:\Users\MARKEI~1\AppData\Local\Temp\asyprev_tvowmnov\r_2be1fc33a9ee.asy: 1.2: syntax error:  error: could not load module 'C:\Users\MARKEI~1\AppData\Local\Temp\asyprev_tvowmnov\r_2be1fc33a9ee.asy' 
e5e1aebc-c0e9-4746-9015-108a136d6f5f	08e582484ee5	;[asy]  ^ C:\Users\MARKEI~1\AppData\Local\Temp\asyprev_tvowmnov\r_08e582484ee5.asy: 1.2: syntax error:  error: could not load module 'C:\Users\MARKEI~1\AppData\Local\Temp\asyprev_tvowmnov\r_08e582484ee5.asy' 
e6116949-eda6-4edd-9d06-188bef9e32d8	a258079a8d7b	;[asy]  ^ C:\Users\MARKEI~1\AppData\Local\Temp\asyprev_tvowmnov\r_a258079a8d7b.asy: 1.2: syntax error:  error: could not load module 'C:\Users\MARKEI~1\AppData\Local\Temp\asyprev_tvowmnov\r_a258079a8d7b.asy' 
e7853b43-eafc-4339-b92c-3fe125b6356c	40147fd1159a	;[asy]  ^ C:\Users\MARKEI~1\AppData\Local\Temp\asyprev_tvowmnov\r_40147fd1159a.asy: 1.2: syntax error:  error: could not load module 'C:\Users\MARKEI~1\AppData\Local\Temp\asyprev_tvowmnov\r_40147fd1159a.asy' 
e7dd43a9-edd7-4e37-89b8-747f5cf728aa	6c8266846f14	;[asy]  ^ C:\Users\MARKEI~1\AppData\Local\Temp\asyprev_tvowmnov\r_6c8266846f14.asy: 1.2: syntax error:  error: could not load module 'C:\Users\MARKEI~1\AppData\Local\Temp\asyprev_tvowmnov\r_6c8266846f14.asy' 
e8a852ae-eb66-462a-a527-d04ce3b6c12d	d457a7deac9d	[asy] ^ C:\Users\MARKEI~1\AppData\Local\Temp\asyprev_tvowmnov\r_d457a7deac9d.asy: 1.1: syntax error:  error: could not load module 'C:\Users\MARKEI~1\AppData\Local\Temp\asyprev_tvowmnov\r_d457a7deac9d.asy' 
e8f7ccd8-5df3-4942-93ae-df0e30c47718	eb0c4b9ef328	;[asy]  ^ C:\Users\MARKEI~1\AppData\Local\Temp\asyprev_tvowmnov\r_eb0c4b9ef328.asy: 1.2: syntax error:  error: could not load module 'C:\Users\MARKEI~1\AppData\Local\Temp\asyprev_tvowmnov\r_eb0c4b9ef328.asy' 
e95d04e9-553f-4db4-8559-4b0f5556bf15	7e5fe2814402	;[asy]  ^ C:\Users\MARKEI~1\AppData\Local\Temp\asyprev_tvowmnov\r_7e5fe2814402.asy: 1.2: syntax error:  error: could not load module 'C:\Users\MARKEI~1\AppData\Local\Temp\asyprev_tvowmnov\r_7e5fe2814402.asy' 
ea133ba4-a0b7-45d0-8689-f93e1c818692	c8b2887f1455	;[asy]  ^ C:\Users\MARKEI~1\AppData\Local\Temp\asyprev_tvowmnov\r_c8b2887f1455.asy: 1.2: syntax error:  error: could not load module 'C:\Users\MARKEI~1\AppData\Local\Temp\asyprev_tvowmnov\r_c8b2887f1455.asy' 
eb3ed4b6-3ca6-43f3-8c92-f82bdf29ec8a	9856a451d8b6	;[asy]  ^ C:\Users\MARKEI~1\AppData\Local\Temp\asyprev_tvowmnov\r_9856a451d8b6.asy: 1.2: syntax error:  error: could not load module 'C:\Users\MARKEI~1\AppData\Local\Temp\asyprev_tvowmnov\r_9856a451d8b6.asy' 
eb41d0e6-2d24-4c85-83c3-8cfaad2a9601	d2795d64c203	;[asy]  ^ C:\Users\MARKEI~1\AppData\Local\Temp\asyprev_tvowmnov\r_d2795d64c203.asy: 1.2: syntax error:  error: could not load module 'C:\Users\MARKEI~1\AppData\Local\Temp\asyprev_tvowmnov\r_d2795d64c203.asy' 
eb79a98f-bfe8-4ac3-8c76-1ec5a92f2c60	aa8c1c152684	;[asy]  ^ C:\Users\MARKEI~1\AppData\Local\Temp\asyprev_tvowmnov\r_aa8c1c152684.asy: 1.2: syntax error:  error: could not load module 'C:\Users\MARKEI~1\AppData\Local\Temp\asyprev_tvowmnov\r_aa8c1c152684.asy' 
ec40f51b-fbd7-4ea3-914f-c5ba23b5c5e6	b18931d2dbca	;[asy]  ^ C:\Users\MARKEI~1\AppData\Local\Temp\asyprev_tvowmnov\r_b18931d2dbca.asy: 1.2: syntax error:  error: could not load module 'C:\Users\MARKEI~1\AppData\Local\Temp\asyprev_tvowmnov\r_b18931d2dbca.asy' 
ef13f2cd-3c32-4b64-ac03-a5ec43b4b12e	66e91bcee097	[asy] ^ C:\Users\MARKEI~1\AppData\Local\Temp\asyprev_tvowmnov\r_66e91bcee097.asy: 1.1: syntax error:  error: could not load module 'C:\Users\MARKEI~1\AppData\Local\Temp\asyprev_tvowmnov\r_66e91bcee097.asy' 
ef6c0601-948b-4231-a7c7-ee972b779b27	22a678672a2e	;[asy]  ^ C:\Users\MARKEI~1\AppData\Local\Temp\asyprev_tvowmnov\r_22a678672a2e.asy: 1.2: syntax error:  error: could not load module 'C:\Users\MARKEI~1\AppData\Local\Temp\asyprev_tvowmnov\r_22a678672a2e.asy' 
ef47e974-d762-4691-a112-22aed78d9ec9	d4a1ad3e0336	[asy] ^ C:\Users\MARKEI~1\AppData\Local\Temp\asyprev_tvowmnov\r_d4a1ad3e0336.asy: 1.1: syntax error:  error: could not load module 'C:\Users\MARKEI~1\AppData\Local\Temp\asyprev_tvowmnov\r_d4a1ad3e0336.asy' 
f0c176e8-2dc1-4a32-800e-066d52919d9d	dcf6cc4768b7	;[asy]  ^ C:\Users\MARKEI~1\AppData\Local\Temp\asyprev_tvowmnov\r_dcf6cc4768b7.asy: 1.2: syntax error:  error: could not load module 'C:\Users\MARKEI~1\AppData\Local\Temp\asyprev_tvowmnov\r_dcf6cc4768b7.asy' 
f12a6310-ec42-4b62-a0c5-7359eba5ca96	8cad38e25009	[asy] ^ C:\Users\MARKEI~1\AppData\Local\Temp\asyprev_tvowmnov\r_8cad38e25009.asy: 1.1: syntax error:  error: could not load module 'C:\Users\MARKEI~1\AppData\Local\Temp\asyprev_tvowmnov\r_8cad38e25009.asy' 
f0eae017-fabb-4d70-8c4d-0141c2eb9e5f	e44f2a19d72b	;[asy]  ^ C:\Users\MARKEI~1\AppData\Local\Temp\asyprev_tvowmnov\r_e44f2a19d72b.asy: 1.2: syntax error:  error: could not load module 'C:\Users\MARKEI~1\AppData\Local\Temp\asyprev_tvowmnov\r_e44f2a19d72b.asy' 
f2c16f8e-36f6-4010-a197-c3e888c0ede5	4d5b8b45c20a	[asy] ^ C:\Users\MARKEI~1\AppData\Local\Temp\asyprev_tvowmnov\r_4d5b8b45c20a.asy: 1.1: syntax error:  error: could not load module 'C:\Users\MARKEI~1\AppData\Local\Temp\asyprev_tvowmnov\r_4d5b8b45c20a.asy' 
f36f99e3-a5ac-4797-b6f3-ddd2e2d9a205	b39c3b8d5b30	;[asy]  ^ C:\Users\MARKEI~1\AppData\Local\Temp\asyprev_tvowmnov\r_b39c3b8d5b30.asy: 1.2: syntax error:  error: could not load module 'C:\Users\MARKEI~1\AppData\Local\Temp\asyprev_tvowmnov\r_b39c3b8d5b30.asy' 
f32e7847-9c3f-4592-9228-f54b3ab525d1	98be0f064399	;[asy]  ^ C:\Users\MARKEI~1\AppData\Local\Temp\asyprev_tvowmnov\r_98be0f064399.asy: 1.2: syntax error:  error: could not load module 'C:\Users\MARKEI~1\AppData\Local\Temp\asyprev_tvowmnov\r_98be0f064399.asy' 
f5076d52-9a4b-4d60-aab7-5bf6c51c7f96	2c51851ceae1	;[asy]  ^ C:\Users\MARKEI~1\AppData\Local\Temp\asyprev_tvowmnov\r_2c51851ceae1.asy: 1.2: syntax error:  error: could not load module 'C:\Users\MARKEI~1\AppData\Local\Temp\asyprev_tvowmnov\r_2c51851ceae1.asy' 
f4ee9fef-9e9a-4b89-a0ba-4f93e649df22	db35a9a585ad	;[asy]  ^ C:\Users\MARKEI~1\AppData\Local\Temp\asyprev_tvowmnov\r_db35a9a585ad.asy: 1.2: syntax error:  error: could not load module 'C:\Users\MARKEI~1\AppData\Local\Temp\asyprev_tvowmnov\r_db35a9a585ad.asy' 
f5d9c363-1aca-4171-bc42-91395cd4a8a3	cf84f77adb27	[asy] ^ C:\Users\MARKEI~1\AppData\Local\Temp\asyprev_tvowmnov\r_cf84f77adb27.asy: 1.1: syntax error:  error: could not load module 'C:\Users\MARKEI~1\AppData\Local\Temp\asyprev_tvowmnov\r_cf84f77adb27.asy' 
f6b1b37c-a457-411d-b8b7-6de42f644258	a7859b1ec5e8	[asy] ^ C:\Users\MARKEI~1\AppData\Local\Temp\asyprev_tvowmnov\r_a7859b1ec5e8.asy: 1.1: syntax error:  error: could not load module 'C:\Users\MARKEI~1\AppData\Local\Temp\asyprev_tvowmnov\r_a7859b1ec5e8.asy' 
f608708f-119a-41f3-8c0f-e292729f5dcb	dd5cec4a6788	;[asy]  ^ C:\Users\MARKEI~1\AppData\Local\Temp\asyprev_tvowmnov\r_dd5cec4a6788.asy: 1.2: syntax error:  error: could not load module 'C:\Users\MARKEI~1\AppData\Local\Temp\asyprev_tvowmnov\r_dd5cec4a6788.asy' 
f6459e4a-a781-43bf-9703-bab7f04be9ac	21f899b0f486	;[asy]  ^ C:\Users\MARKEI~1\AppData\Local\Temp\asyprev_tvowmnov\r_21f899b0f486.asy: 1.2: syntax error:  error: could not load module 'C:\Users\MARKEI~1\AppData\Local\Temp\asyprev_tvowmnov\r_21f899b0f486.asy' 
f93b1d44-adfe-475a-818f-754962b3abed	51c241f45ffd	;[asy]  ^ C:\Users\MARKEI~1\AppData\Local\Temp\asyprev_tvowmnov\r_51c241f45ffd.asy: 1.2: syntax error:  error: could not load module 'C:\Users\MARKEI~1\AppData\Local\Temp\asyprev_tvowmnov\r_51c241f45ffd.asy' 
f96c3ca5-d35b-463e-97e4-0d2835648aaf	0f6b1601dc60	[asy] ^ C:\Users\MARKEI~1\AppData\Local\Temp\asyprev_tvowmnov\r_0f6b1601dc60.asy: 1.1: syntax error:  error: could not load module 'C:\Users\MARKEI~1\AppData\Local\Temp\asyprev_tvowmnov\r_0f6b1601dc60.asy' 
f98894b7-4a7d-427a-a118-55139b3e7038	878ffd6add8c	;[asy]  ^ C:\Users\MARKEI~1\AppData\Local\Temp\asyprev_tvowmnov\r_878ffd6add8c.asy: 1.2: syntax error:  error: could not load module 'C:\Users\MARKEI~1\AppData\Local\Temp\asyprev_tvowmnov\r_878ffd6add8c.asy' 
fad3019e-deea-41c7-8a94-8e31f7606111	06942b7ef07d	[asy] ^ C:\Users\MARKEI~1\AppData\Local\Temp\asyprev_tvowmnov\r_06942b7ef07d.asy: 1.1: syntax error:  error: could not load module 'C:\Users\MARKEI~1\AppData\Local\Temp\asyprev_tvowmnov\r_06942b7ef07d.asy' 
fbd0efdf-1ca6-49b2-9bab-cd70bcc042ea	95df19cbe6a5	[asy] ^ C:\Users\MARKEI~1\AppData\Local\Temp\asyprev_tvowmnov\r_95df19cbe6a5.asy: 1.1: syntax error:  error: could not load module 'C:\Users\MARKEI~1\AppData\Local\Temp\asyprev_tvowmnov\r_95df19cbe6a5.asy' 
fca42fb3-015a-4425-82d7-da66d343d1eb	d31bd97cb9a2	;[asy]  ^ C:\Users\MARKEI~1\AppData\Local\Temp\asyprev_tvowmnov\r_d31bd97cb9a2.asy: 1.2: syntax error:  error: could not load module 'C:\Users\MARKEI~1\AppData\Local\Temp\asyprev_tvowmnov\r_d31bd97cb9a2.asy' 
fdf908a3-acbe-46c0-833d-c2276c7f7802	13608431921a	[asy] ^ C:\Users\MARKEI~1\AppData\Local\Temp\asyprev_tvowmnov\r_13608431921a.asy: 1.1: syntax error:  error: could not load module 'C:\Users\MARKEI~1\AppData\Local\Temp\asyprev_tvowmnov\r_13608431921a.asy' 
fe865487-b013-40fa-9026-69ba1f9e5005	47182d59c203	;[asy]  ^ C:\Users\MARKEI~1\AppData\Local\Temp\asyprev_tvowmnov\r_47182d59c203.asy: 1.2: syntax error:  error: could not load module 'C:\Users\MARKEI~1\AppData\Local\Temp\asyprev_tvowmnov\r_47182d59c203.asy' 
ff78e619-1417-4839-8c22-a97bf677e43b	74d0aa1b1e27	[asy] ^ C:\Users\MARKEI~1\AppData\Local\Temp\asyprev_tvowmnov\r_74d0aa1b1e27.asy: 1.1: syntax error:  error: could not load module 'C:\Users\MARKEI~1\AppData\Local\Temp\asyprev_tvowmnov\r_74d0aa1b1e27.asy' 
001e6368-a14e-4d91-8379-873a3306b527	4a6bd65cd9e8	;[asy]  ^ C:\Users\MARKEI~1\AppData\Local\Temp\asyprev_tvowmnov\r_4a6bd65cd9e8.asy: 1.2: syntax error:  error: could not load module 'C:\Users\MARKEI~1\AppData\Local\Temp\asyprev_tvowmnov\r_4a6bd65cd9e8.asy' 
00e78569-c1fd-41fb-b8e3-0280d389c3e5	f4a75df2c7da	;[asy]  ^ C:\Users\MARKEI~1\AppData\Local\Temp\asyprev_tvowmnov\r_f4a75df2c7da.asy: 1.2: syntax error:  error: could not load module 'C:\Users\MARKEI~1\AppData\Local\Temp\asyprev_tvowmnov\r_f4a75df2c7da.asy' 
020f5ef3-0fac-4fbe-baf5-831503e4fbc8	21a335a5430a	[asy] ^ C:\Users\MARKEI~1\AppData\Local\Temp\asyprev_tvowmnov\r_21a335a5430a.asy: 1.1: syntax error:  error: could not load module 'C:\Users\MARKEI~1\AppData\Local\Temp\asyprev_tvowmnov\r_21a335a5430a.asy' 
03065787-bd53-439b-af32-b625025d71ce	40c12ffb39d3	;[asy]  ^ C:\Users\MARKEI~1\AppData\Local\Temp\asyprev_tvowmnov\r_40c12ffb39d3.asy: 1.2: syntax error:  error: could not load module 'C:\Users\MARKEI~1\AppData\Local\Temp\asyprev_tvowmnov\r_40c12ffb39d3.asy' 
036c7f1b-6c75-4d59-8feb-60db4ed6b8d1	e425a0d91d7d	;[asy]  ^ C:\Users\MARKEI~1\AppData\Local\Temp\asyprev_tvowmnov\r_e425a0d91d7d.asy: 1.2: syntax error:  error: could not load module 'C:\Users\MARKEI~1\AppData\Local\Temp\asyprev_tvowmnov\r_e425a0d91d7d.asy' 
0525cfe4-7b22-49e3-8124-d3ab7da7af9b	ee87d1762845	[asy] ^ C:\Users\MARKEI~1\AppData\Local\Temp\asyprev_tvowmnov\r_ee87d1762845.asy: 1.1: syntax error:  error: could not load module 'C:\Users\MARKEI~1\AppData\Local\Temp\asyprev_tvowmnov\r_ee87d1762845.asy' 
05e42182-c645-4fb7-bd4e-921cd41e1233	f9890ddb6635	;[asy]  ^ C:\Users\MARKEI~1\AppData\Local\Temp\asyprev_tvowmnov\r_f9890ddb6635.asy: 1.2: syntax error:  error: could not load module 'C:\Users\MARKEI~1\AppData\Local\Temp\asyprev_tvowmnov\r_f9890ddb6635.asy' 
06648768-5ef3-43d0-86c9-3510f721d727	fbe63b6046cd	;[asy]  ^ C:\Users\MARKEI~1\AppData\Local\Temp\asyprev_tvowmnov\r_fbe63b6046cd.asy: 1.2: syntax error:  error: could not load module 'C:\Users\MARKEI~1\AppData\Local\Temp\asyprev_tvowmnov\r_fbe63b6046cd.asy' 
06b0b32c-5e1a-4adc-b9d9-d0e607ac660c	a224ca998a6a	[asy] ^ C:\Users\MARKEI~1\AppData\Local\Temp\asyprev_tvowmnov\r_a224ca998a6a.asy: 1.1: syntax error:  error: could not load module 'C:\Users\MARKEI~1\AppData\Local\Temp\asyprev_tvowmnov\r_a224ca998a6a.asy' 
075b7fe2-ab30-4809-96f9-146c5522716c	75fdf351e115	;[asy]  ^ C:\Users\MARKEI~1\AppData\Local\Temp\asyprev_tvowmnov\r_75fdf351e115.asy: 1.2: syntax error:  error: could not load module 'C:\Users\MARKEI~1\AppData\Local\Temp\asyprev_tvowmnov\r_75fdf351e115.asy' 
06f9ca1e-434b-4a76-9f0d-4f0bd0f3742c	8ba2b1a01244	[asy] ^ C:\Users\MARKEI~1\AppData\Local\Temp\asyprev_tvowmnov\r_8ba2b1a01244.asy: 1.1: syntax error:  error: could not load module 'C:\Users\MARKEI~1\AppData\Local\Temp\asyprev_tvowmnov\r_8ba2b1a01244.asy' 
094a2721-274d-4a37-b2ed-84ff0607c189	d31a5eee6e51	;[asy]  ^ C:\Users\MARKEI~1\AppData\Local\Temp\asyprev_tvowmnov\r_d31a5eee6e51.asy: 1.2: syntax error:  error: could not load module 'C:\Users\MARKEI~1\AppData\Local\Temp\asyprev_tvowmnov\r_d31a5eee6e51.asy' 
0bc8efdb-d22e-4f15-966f-10f189e80af8	473f580f7344	;[asy]  ^ C:\Users\MARKEI~1\AppData\Local\Temp\asyprev_tvowmnov\r_473f580f7344.asy: 1.2: syntax error:  error: could not load module 'C:\Users\MARKEI~1\AppData\Local\Temp\asyprev_tvowmnov\r_473f580f7344.asy' 
0c5f0678-b52a-4182-980b-18311240ccb2	5d65b7f4f1ab	;[asy]  ^ C:\Users\MARKEI~1\AppData\Local\Temp\asyprev_tvowmnov\r_5d65b7f4f1ab.asy: 1.2: syntax error:  error: could not load module 'C:\Users\MARKEI~1\AppData\Local\Temp\asyprev_tvowmnov\r_5d65b7f4f1ab.asy' 
0efc8bd4-b9b2-42e1-9d40-52a8ecbf7e0f	7f3b058beec0	[asy] ^ C:\Users\MARKEI~1\AppData\Local\Temp\asyprev_tvowmnov\r_7f3b058beec0.asy: 1.1: syntax error:  error: could not load module 'C:\Users\MARKEI~1\AppData\Local\Temp\asyprev_tvowmnov\r_7f3b058beec0.asy' 
0eb1bcf7-4f29-4f85-a781-c077b5617ab0	a207c9be5cea	;[asy]  ^ C:\Users\MARKEI~1\AppData\Local\Temp\asyprev_tvowmnov\r_a207c9be5cea.asy: 1.2: syntax error:  error: could not load module 'C:\Users\MARKEI~1\AppData\Local\Temp\asyprev_tvowmnov\r_a207c9be5cea.asy' 
10921492-7df8-43e9-8aac-33c9c06f77bf	aca601c20f90	[asy] ^ C:\Users\MARKEI~1\AppData\Local\Temp\asyprev_tvowmnov\r_aca601c20f90.asy: 1.1: syntax error:  error: could not load module 'C:\Users\MARKEI~1\AppData\Local\Temp\asyprev_tvowmnov\r_aca601c20f90.asy' 
1093971e-4e91-4951-a01d-4ef39244e75f	4e384a5a0893	;[asy]  ^ C:\Users\MARKEI~1\AppData\Local\Temp\asyprev_tvowmnov\r_4e384a5a0893.asy: 1.2: syntax error:  error: could not load module 'C:\Users\MARKEI~1\AppData\Local\Temp\asyprev_tvowmnov\r_4e384a5a0893.asy' 
10d96e32-59f4-4f85-ac04-0ab549752e0b	c84969320d95	[asy] ^ C:\Users\MARKEI~1\AppData\Local\Temp\asyprev_tvowmnov\r_c84969320d95.asy: 1.1: syntax error:  error: could not load module 'C:\Users\MARKEI~1\AppData\Local\Temp\asyprev_tvowmnov\r_c84969320d95.asy' 
115e2f2a-1f64-48a6-a171-2e29901fe587	f6d65da78a08	[asy] ^ C:\Users\MARKEI~1\AppData\Local\Temp\asyprev_tvowmnov\r_f6d65da78a08.asy: 1.1: syntax error:  error: could not load module 'C:\Users\MARKEI~1\AppData\Local\Temp\asyprev_tvowmnov\r_f6d65da78a08.asy' 
12148e38-1554-4c58-85f3-890d88a25c34	dc2694923244	;[asy]  ^ C:\Users\MARKEI~1\AppData\Local\Temp\asyprev_tvowmnov\r_dc2694923244.asy: 1.2: syntax error:  error: could not load module 'C:\Users\MARKEI~1\AppData\Local\Temp\asyprev_tvowmnov\r_dc2694923244.asy' 
12eaffe2-ffc8-4831-ac9f-e8799f8b0cea	32ab9c5bef58	;[asy]  ^ C:\Users\MARKEI~1\AppData\Local\Temp\asyprev_tvowmnov\r_32ab9c5bef58.asy: 1.2: syntax error:  error: could not load module 'C:\Users\MARKEI~1\AppData\Local\Temp\asyprev_tvowmnov\r_32ab9c5bef58.asy' 
12f5fa09-dd8b-4c66-9419-b272f92b2648	50a2e1982d89	[asy] ^ C:\Users\MARKEI~1\AppData\Local\Temp\asyprev_tvowmnov\r_50a2e1982d89.asy: 1.1: syntax error:  error: could not load module 'C:\Users\MARKEI~1\AppData\Local\Temp\asyprev_tvowmnov\r_50a2e1982d89.asy' 
1500a77c-7ebf-44c5-9493-ee3639e93098	eb7baadc15cb	;[asy]  ^ C:\Users\MARKEI~1\AppData\Local\Temp\asyprev_tvowmnov\r_eb7baadc15cb.asy: 1.2: syntax error:  error: could not load module 'C:\Users\MARKEI~1\AppData\Local\Temp\asyprev_tvowmnov\r_eb7baadc15cb.asy' 
1577d4ce-0a2d-4cba-831c-0d1e683162be	6fb55346115b	;[asy]  ^ C:\Users\MARKEI~1\AppData\Local\Temp\asyprev_tvowmnov\r_6fb55346115b.asy: 1.2: syntax error:  error: could not load module 'C:\Users\MARKEI~1\AppData\Local\Temp\asyprev_tvowmnov\r_6fb55346115b.asy' 
15886d0f-eb70-411d-a2b3-77e7a9a66537	a1c7a02b861f	;[asy]  ^ C:\Users\MARKEI~1\AppData\Local\Temp\asyprev_tvowmnov\r_a1c7a02b861f.asy: 1.2: syntax error:  error: could not load module 'C:\Users\MARKEI~1\AppData\Local\Temp\asyprev_tvowmnov\r_a1c7a02b861f.asy' 
15bbe80a-55f3-4b44-aa78-3a85acf678e4	23aadbf5afb1	[asy] ^ C:\Users\MARKEI~1\AppData\Local\Temp\asyprev_tvowmnov\r_23aadbf5afb1.asy: 1.1: syntax error:  error: could not load module 'C:\Users\MARKEI~1\AppData\Local\Temp\asyprev_tvowmnov\r_23aadbf5afb1.asy' 
15f7d5e5-61e5-4144-831b-93cb9a8e3b94	efff7132a697	;[asy]  ^ C:\Users\MARKEI~1\AppData\Local\Temp\asyprev_tvowmnov\r_efff7132a697.asy: 1.2: syntax error:  error: could not load module 'C:\Users\MARKEI~1\AppData\Local\Temp\asyprev_tvowmnov\r_efff7132a697.asy' 
165c076e-2982-4df7-8be9-8117f2fc0872	8757429046e6	;[asy]  ^ C:\Users\MARKEI~1\AppData\Local\Temp\asyprev_tvowmnov\r_8757429046e6.asy: 1.2: syntax error:  error: could not load module 'C:\Users\MARKEI~1\AppData\Local\Temp\asyprev_tvowmnov\r_8757429046e6.asy' 
16860598-8d58-4a94-8367-4679c0829683	df52c38b3585	[asy] ^ C:\Users\MARKEI~1\AppData\Local\Temp\asyprev_tvowmnov\r_df52c38b3585.asy: 1.1: syntax error:  error: could not load module 'C:\Users\MARKEI~1\AppData\Local\Temp\asyprev_tvowmnov\r_df52c38b3585.asy' 
17396b4a-2e07-4f89-a4a0-49b12e06d636	33cdc84181de	[asy] ^ C:\Users\MARKEI~1\AppData\Local\Temp\asyprev_tvowmnov\r_33cdc84181de.asy: 1.1: syntax error:  error: could not load module 'C:\Users\MARKEI~1\AppData\Local\Temp\asyprev_tvowmnov\r_33cdc84181de.asy' 
176148c1-32f7-4d12-bbd7-a53eefda995d	80aad159962b	[asy] ^ C:\Users\MARKEI~1\AppData\Local\Temp\asyprev_tvowmnov\r_80aad159962b.asy: 1.1: syntax error:  error: could not load module 'C:\Users\MARKEI~1\AppData\Local\Temp\asyprev_tvowmnov\r_80aad159962b.asy' 
18384bbd-35e5-41a3-b09b-08322304698b	f4acf0aea0af	;[asy]  ^ C:\Users\MARKEI~1\AppData\Local\Temp\asyprev_tvowmnov\r_f4acf0aea0af.asy: 1.2: syntax error:  error: could not load module 'C:\Users\MARKEI~1\AppData\Local\Temp\asyprev_tvowmnov\r_f4acf0aea0af.asy' 
1857cb5e-0b51-415f-8d77-a332f6e23dd1	6045bc9a0c4d	[asy] ^ C:\Users\MARKEI~1\AppData\Local\Temp\asyprev_tvowmnov\r_6045bc9a0c4d.asy: 1.1: syntax error:  error: could not load module 'C:\Users\MARKEI~1\AppData\Local\Temp\asyprev_tvowmnov\r_6045bc9a0c4d.asy' 
19e862c1-b06b-4e75-9a96-003f4af3ff46	4ba2003a38b2	;[asy]  ^ C:\Users\MARKEI~1\AppData\Local\Temp\asyprev_tvowmnov\r_4ba2003a38b2.asy: 1.2: syntax error:  error: could not load module 'C:\Users\MARKEI~1\AppData\Local\Temp\asyprev_tvowmnov\r_4ba2003a38b2.asy' 
19eaea2d-70a4-4c5f-ac9f-7382347ec0ec	640cc2f60fdd	[asy] ^ C:\Users\MARKEI~1\AppData\Local\Temp\asyprev_tvowmnov\r_640cc2f60fdd.asy: 1.1: syntax error:  error: could not load module 'C:\Users\MARKEI~1\AppData\Local\Temp\asyprev_tvowmnov\r_640cc2f60fdd.asy' 
19f5d54d-28fe-4f03-9179-9be14407ec9e	17f7a46b7bd6	[asy] ^ C:\Users\MARKEI~1\AppData\Local\Temp\asyprev_tvowmnov\r_17f7a46b7bd6.asy: 1.1: syntax error:  error: could not load module 'C:\Users\MARKEI~1\AppData\Local\Temp\asyprev_tvowmnov\r_17f7a46b7bd6.asy' 
1ac84ab9-86cf-442f-a21e-900adbe6848c	aef6e2bd79d4	[asy] ^ C:\Users\MARKEI~1\AppData\Local\Temp\asyprev_tvowmnov\r_aef6e2bd79d4.asy: 1.1: syntax error:  error: could not load module 'C:\Users\MARKEI~1\AppData\Local\Temp\asyprev_tvowmnov\r_aef6e2bd79d4.asy' 
1a5593ee-73b6-449b-9c5f-aabf7a8063eb	d7137e6c9ae7	;[asy]  ^ C:\Users\MARKEI~1\AppData\Local\Temp\asyprev_tvowmnov\r_d7137e6c9ae7.asy: 1.2: syntax error:  error: could not load module 'C:\Users\MARKEI~1\AppData\Local\Temp\asyprev_tvowmnov\r_d7137e6c9ae7.asy' 
1aff6a4a-ad9e-472a-8352-ca604662db47	0ba495c32302	;[asy]  ^ C:\Users\MARKEI~1\AppData\Local\Temp\asyprev_tvowmnov\r_0ba495c32302.asy: 1.2: syntax error:  error: could not load module 'C:\Users\MARKEI~1\AppData\Local\Temp\asyprev_tvowmnov\r_0ba495c32302.asy' 
1b726a44-85f9-4e68-b827-a63ed17b9f2c	c15ba4b67517	;[asy]  ^ C:\Users\MARKEI~1\AppData\Local\Temp\asyprev_tvowmnov\r_c15ba4b67517.asy: 1.2: syntax error:  error: could not load module 'C:\Users\MARKEI~1\AppData\Local\Temp\asyprev_tvowmnov\r_c15ba4b67517.asy' 
1e6589d2-ee08-4070-b5e9-89386e76aec9	fd23ac47a099	;[asy]  ^ C:\Users\MARKEI~1\AppData\Local\Temp\asyprev_tvowmnov\r_fd23ac47a099.asy: 1.2: syntax error:  error: could not load module 'C:\Users\MARKEI~1\AppData\Local\Temp\asyprev_tvowmnov\r_fd23ac47a099.asy' 
1e7cf773-f318-4ee0-ad9c-00f55bea2b2d	6e8db1f42ce8	[asy] ^ C:\Users\MARKEI~1\AppData\Local\Temp\asyprev_tvowmnov\r_6e8db1f42ce8.asy: 1.1: syntax error:  error: could not load module 'C:\Users\MARKEI~1\AppData\Local\Temp\asyprev_tvowmnov\r_6e8db1f42ce8.asy' 
1f0a61e1-514b-4b3e-b51c-17659be16a17	9dce7babc4e7	[asy] ^ C:\Users\MARKEI~1\AppData\Local\Temp\asyprev_tvowmnov\r_9dce7babc4e7.asy: 1.1: syntax error:  error: could not load module 'C:\Users\MARKEI~1\AppData\Local\Temp\asyprev_tvowmnov\r_9dce7babc4e7.asy' 
208223ca-dd33-43b5-ac4c-ce1f686a663a	239bd48f04cf	;[asy]  ^ C:\Users\MARKEI~1\AppData\Local\Temp\asyprev_tvowmnov\r_239bd48f04cf.asy: 1.2: syntax error:  error: could not load module 'C:\Users\MARKEI~1\AppData\Local\Temp\asyprev_tvowmnov\r_239bd48f04cf.asy' 
1f9b6c57-5a16-41e9-9928-a0ead74cfd89	d6b6ca87ec7b	;[asy]  ^ C:\Users\MARKEI~1\AppData\Local\Temp\asyprev_tvowmnov\r_d6b6ca87ec7b.asy: 1.2: syntax error:  error: could not load module 'C:\Users\MARKEI~1\AppData\Local\Temp\asyprev_tvowmnov\r_d6b6ca87ec7b.asy' 
22e68dd3-e070-4cc0-8385-df41b6b3d4f8	97617bcca408	;[asy]  ^ C:\Users\MARKEI~1\AppData\Local\Temp\asyprev_tvowmnov\r_97617bcca408.asy: 1.2: syntax error:  error: could not load module 'C:\Users\MARKEI~1\AppData\Local\Temp\asyprev_tvowmnov\r_97617bcca408.asy' 
2355cfaa-01b1-484a-88f7-df770afad42b	3e9d7e38bf21	;[asy]  ^ C:\Users\MARKEI~1\AppData\Local\Temp\asyprev_tvowmnov\r_3e9d7e38bf21.asy: 1.2: syntax error:  error: could not load module 'C:\Users\MARKEI~1\AppData\Local\Temp\asyprev_tvowmnov\r_3e9d7e38bf21.asy' 
237d6129-c6f6-4a1b-b54e-2616ec83c884	584fa8ae0756	[asy] ^ C:\Users\MARKEI~1\AppData\Local\Temp\asyprev_tvowmnov\r_584fa8ae0756.asy: 1.1: syntax error:  error: could not load module 'C:\Users\MARKEI~1\AppData\Local\Temp\asyprev_tvowmnov\r_584fa8ae0756.asy' 
25576ca6-20db-40b3-9ef1-b85c9e6a86ee	e09531e04d9c	[asy] ^ C:\Users\MARKEI~1\AppData\Local\Temp\asyprev_tvowmnov\r_e09531e04d9c.asy: 1.1: syntax error:  error: could not load module 'C:\Users\MARKEI~1\AppData\Local\Temp\asyprev_tvowmnov\r_e09531e04d9c.asy' 
26752ff0-aa0d-45af-8bd6-5263cdf5399a	f3827aa495d8	;[asy]  ^ C:\Users\MARKEI~1\AppData\Local\Temp\asyprev_tvowmnov\r_f3827aa495d8.asy: 1.2: syntax error:  error: could not load module 'C:\Users\MARKEI~1\AppData\Local\Temp\asyprev_tvowmnov\r_f3827aa495d8.asy' 
274b9b1c-f847-4847-9f9e-c84ec3b622f9	c08ebf8c2a15	;[asy]  ^ C:\Users\MARKEI~1\AppData\Local\Temp\asyprev_tvowmnov\r_c08ebf8c2a15.asy: 1.2: syntax error:  error: could not load module 'C:\Users\MARKEI~1\AppData\Local\Temp\asyprev_tvowmnov\r_c08ebf8c2a15.asy' 
277df3c3-4034-439b-91b4-4c62ca01558b	bc9b99d3f0d0	[asy] ^ C:\Users\MARKEI~1\AppData\Local\Temp\asyprev_tvowmnov\r_bc9b99d3f0d0.asy: 1.1: syntax error:  error: could not load module 'C:\Users\MARKEI~1\AppData\Local\Temp\asyprev_tvowmnov\r_bc9b99d3f0d0.asy' 
27d65c35-8be4-46bc-b3b0-b84e41d999d7	84acc1a1bcda	[asy] ^ C:\Users\MARKEI~1\AppData\Local\Temp\asyprev_tvowmnov\r_84acc1a1bcda.asy: 1.1: syntax error:  error: could not load module 'C:\Users\MARKEI~1\AppData\Local\Temp\asyprev_tvowmnov\r_84acc1a1bcda.asy' 
283d3b9d-6ed4-446f-9e5f-73879077f312	c463b903c6f6	;[asy]  ^ C:\Users\MARKEI~1\AppData\Local\Temp\asyprev_tvowmnov\r_c463b903c6f6.asy: 1.2: syntax error:  error: could not load module 'C:\Users\MARKEI~1\AppData\Local\Temp\asyprev_tvowmnov\r_c463b903c6f6.asy' 
294f3a41-6239-456d-9ee3-4a8590fc22f7	9bba956adc38	[asy] ^ C:\Users\MARKEI~1\AppData\Local\Temp\asyprev_tvowmnov\r_9bba956adc38.asy: 1.1: syntax error:  error: could not load module 'C:\Users\MARKEI~1\AppData\Local\Temp\asyprev_tvowmnov\r_9bba956adc38.asy' 
296f7bb0-8fed-49e8-99cf-34bbd07627f0	872fdedc78e1	;[asy]  ^ C:\Users\MARKEI~1\AppData\Local\Temp\asyprev_tvowmnov\r_872fdedc78e1.asy: 1.2: syntax error:  error: could not load module 'C:\Users\MARKEI~1\AppData\Local\Temp\asyprev_tvowmnov\r_872fdedc78e1.asy' 
2ba74e99-e6f1-48cd-bda9-67c2b7b7dbf3	eac894c48bd5	;[asy]  ^ C:\Users\MARKEI~1\AppData\Local\Temp\asyprev_tvowmnov\r_eac894c48bd5.asy: 1.2: syntax error:  error: could not load module 'C:\Users\MARKEI~1\AppData\Local\Temp\asyprev_tvowmnov\r_eac894c48bd5.asy' 
2c1f6f38-cf7d-4e80-963e-35b79d0888a2	04cff3ede990	[asy] ^ C:\Users\MARKEI~1\AppData\Local\Temp\asyprev_tvowmnov\r_04cff3ede990.asy: 1.1: syntax error:  error: could not load module 'C:\Users\MARKEI~1\AppData\Local\Temp\asyprev_tvowmnov\r_04cff3ede990.asy' 
2caee07b-20a9-4182-b257-b29ac23a4e6a	8d1da75d7765	;[asy]  ^ C:\Users\MARKEI~1\AppData\Local\Temp\asyprev_tvowmnov\r_8d1da75d7765.asy: 1.2: syntax error:  error: could not load module 'C:\Users\MARKEI~1\AppData\Local\Temp\asyprev_tvowmnov\r_8d1da75d7765.asy' 
2fc38d8f-d136-4253-9e3e-1f72b6304ef4	9c15eef1fed8	;[asy]  ^ C:\Users\MARKEI~1\AppData\Local\Temp\asyprev_tvowmnov\r_9c15eef1fed8.asy: 1.2: syntax error:  error: could not load module 'C:\Users\MARKEI~1\AppData\Local\Temp\asyprev_tvowmnov\r_9c15eef1fed8.asy' 
2ea53d1f-bdd7-4c56-853f-e14a19880cc4	2c0c8ca0050d	;[asy]  ^ C:\Users\MARKEI~1\AppData\Local\Temp\asyprev_tvowmnov\r_2c0c8ca0050d.asy: 1.2: syntax error:  error: could not load module 'C:\Users\MARKEI~1\AppData\Local\Temp\asyprev_tvowmnov\r_2c0c8ca0050d.asy' 
307883b8-11b5-49d4-bcc1-bf07122649cd	f69303aab67c	;[asy]  ^ C:\Users\MARKEI~1\AppData\Local\Temp\asyprev_tvowmnov\r_f69303aab67c.asy: 1.2: syntax error:  error: could not load module 'C:\Users\MARKEI~1\AppData\Local\Temp\asyprev_tvowmnov\r_f69303aab67c.asy' 
314d2aa1-e5b2-4a44-b847-3fa44c65149f	c020bf546ee8	;[asy]  ^ C:\Users\MARKEI~1\AppData\Local\Temp\asyprev_tvowmnov\r_c020bf546ee8.asy: 1.2: syntax error:  error: could not load module 'C:\Users\MARKEI~1\AppData\Local\Temp\asyprev_tvowmnov\r_c020bf546ee8.asy' 
3352f1c3-44be-45de-84db-3b29da880476	b21e8ba2e3e0	[asy] ^ C:\Users\MARKEI~1\AppData\Local\Temp\asyprev_tvowmnov\r_b21e8ba2e3e0.asy: 1.1: syntax error:  error: could not load module 'C:\Users\MARKEI~1\AppData\Local\Temp\asyprev_tvowmnov\r_b21e8ba2e3e0.asy' 
339744a7-46dd-4693-a013-d422e574d8f6	a7051a74d83e	;[asy]  ^ C:\Users\MARKEI~1\AppData\Local\Temp\asyprev_tvowmnov\r_a7051a74d83e.asy: 1.2: syntax error:  error: could not load module 'C:\Users\MARKEI~1\AppData\Local\Temp\asyprev_tvowmnov\r_a7051a74d83e.asy' 
33a94cb6-a652-440b-a597-1a671f918d8c	0b22ab3a97af	[asy] ^ C:\Users\MARKEI~1\AppData\Local\Temp\asyprev_tvowmnov\r_0b22ab3a97af.asy: 1.1: syntax error:  error: could not load module 'C:\Users\MARKEI~1\AppData\Local\Temp\asyprev_tvowmnov\r_0b22ab3a97af.asy' 
35af9e63-7c4e-4902-8b4c-75312214dd9d	19243eb2dbe8	[asy] ^ C:\Users\MARKEI~1\AppData\Local\Temp\asyprev_tvowmnov\r_19243eb2dbe8.asy: 1.1: syntax error:  error: could not load module 'C:\Users\MARKEI~1\AppData\Local\Temp\asyprev_tvowmnov\r_19243eb2dbe8.asy' 
35e30330-6059-4c3e-91e8-3cb222c52653	68f675ef2f55	;[asy]  ^ C:\Users\MARKEI~1\AppData\Local\Temp\asyprev_tvowmnov\r_68f675ef2f55.asy: 1.2: syntax error:  error: could not load module 'C:\Users\MARKEI~1\AppData\Local\Temp\asyprev_tvowmnov\r_68f675ef2f55.asy' 
36d35201-b2e7-47f6-ac5d-296c6e3193d6	c37dd79c4b3c	[asy] ^ C:\Users\MARKEI~1\AppData\Local\Temp\asyprev_tvowmnov\r_c37dd79c4b3c.asy: 1.1: syntax error:  error: could not load module 'C:\Users\MARKEI~1\AppData\Local\Temp\asyprev_tvowmnov\r_c37dd79c4b3c.asy' 
36e33632-8d5d-4a65-9468-ea800a2f4328	cea2017559a2	;[asy]  ^ C:\Users\MARKEI~1\AppData\Local\Temp\asyprev_tvowmnov\r_cea2017559a2.asy: 1.2: syntax error:  error: could not load module 'C:\Users\MARKEI~1\AppData\Local\Temp\asyprev_tvowmnov\r_cea2017559a2.asy' 
37e123dd-fb28-458c-85e7-3f695ac8faee	bc80a46fd971	[asy] ^ C:\Users\MARKEI~1\AppData\Local\Temp\asyprev_tvowmnov\r_bc80a46fd971.asy: 1.1: syntax error:  error: could not load module 'C:\Users\MARKEI~1\AppData\Local\Temp\asyprev_tvowmnov\r_bc80a46fd971.asy' 
388c7929-0dc0-4abd-802c-c66daf2635d8	60c0e285cb67	[asy] ^ C:\Users\MARKEI~1\AppData\Local\Temp\asyprev_tvowmnov\r_60c0e285cb67.asy: 1.1: syntax error:  error: could not load module 'C:\Users\MARKEI~1\AppData\Local\Temp\asyprev_tvowmnov\r_60c0e285cb67.asy' 
3881181e-ab17-421c-96f3-01ff9a472dce	2d4130cff21b	;[asy]  ^ C:\Users\MARKEI~1\AppData\Local\Temp\asyprev_tvowmnov\r_2d4130cff21b.asy: 1.2: syntax error:  error: could not load module 'C:\Users\MARKEI~1\AppData\Local\Temp\asyprev_tvowmnov\r_2d4130cff21b.asy' 
388f9ccb-69fc-4c85-85eb-fe1754c59aad	040be16d48be	;[asy]  ^ C:\Users\MARKEI~1\AppData\Local\Temp\asyprev_tvowmnov\r_040be16d48be.asy: 1.2: syntax error:  error: could not load module 'C:\Users\MARKEI~1\AppData\Local\Temp\asyprev_tvowmnov\r_040be16d48be.asy' 
3a08fb36-f7e4-49a8-8276-bb6e2af24420	7fe49bfd20d8	[asy] ^ C:\Users\MARKEI~1\AppData\Local\Temp\asyprev_tvowmnov\r_7fe49bfd20d8.asy: 1.1: syntax error:  error: could not load module 'C:\Users\MARKEI~1\AppData\Local\Temp\asyprev_tvowmnov\r_7fe49bfd20d8.asy' 
3acec88a-42d7-4f0d-9d05-b0c80ed5a174	f6dbb8da017a	;[asy]  ^ C:\Users\MARKEI~1\AppData\Local\Temp\asyprev_tvowmnov\r_f6dbb8da017a.asy: 1.2: syntax error:  error: could not load module 'C:\Users\MARKEI~1\AppData\Local\Temp\asyprev_tvowmnov\r_f6dbb8da017a.asy' 
3b40ecdc-8e78-4648-b9f1-bf3de7bcc62d	9ac8d4bb364d	[asy] ^ C:\Users\MARKEI~1\AppData\Local\Temp\asyprev_tvowmnov\r_9ac8d4bb364d.asy: 1.1: syntax error:  error: could not load module 'C:\Users\MARKEI~1\AppData\Local\Temp\asyprev_tvowmnov\r_9ac8d4bb364d.asy' 
3cab6e0f-fe66-4036-8f2b-27fbcd6a300f	16eaee70b935	[asy] ^ C:\Users\MARKEI~1\AppData\Local\Temp\asyprev_tvowmnov\r_16eaee70b935.asy: 1.1: syntax error:  error: could not load module 'C:\Users\MARKEI~1\AppData\Local\Temp\asyprev_tvowmnov\r_16eaee70b935.asy' 
3bb3799f-fe86-41fd-acd3-9ab82102ae4e	a5f20b005bc5	;[asy]  ^ C:\Users\MARKEI~1\AppData\Local\Temp\asyprev_tvowmnov\r_a5f20b005bc5.asy: 1.2: syntax error:  error: could not load module 'C:\Users\MARKEI~1\AppData\Local\Temp\asyprev_tvowmnov\r_a5f20b005bc5.asy' 
3ce44e80-0c0d-48c7-a00a-6254efc97a7f	c12c1ed3fd20	;[asy]  ^ C:\Users\MARKEI~1\AppData\Local\Temp\asyprev_tvowmnov\r_c12c1ed3fd20.asy: 1.2: syntax error:  error: could not load module 'C:\Users\MARKEI~1\AppData\Local\Temp\asyprev_tvowmnov\r_c12c1ed3fd20.asy' 
3f932928-cea4-43c4-a630-32ef2b36ce9d	403efa88c90b	;[asy]  ^ C:\Users\MARKEI~1\AppData\Local\Temp\asyprev_tvowmnov\r_403efa88c90b.asy: 1.2: syntax error:  error: could not load module 'C:\Users\MARKEI~1\AppData\Local\Temp\asyprev_tvowmnov\r_403efa88c90b.asy' 
3fcf828d-8379-4146-9858-bbcf1f6c14eb	4b199717423b	;[asy]  ^ C:\Users\MARKEI~1\AppData\Local\Temp\asyprev_tvowmnov\r_4b199717423b.asy: 1.2: syntax error:  error: could not load module 'C:\Users\MARKEI~1\AppData\Local\Temp\asyprev_tvowmnov\r_4b199717423b.asy' 
418e86d5-a979-4892-b87d-e4c3d4dfe956	eeaeed84f455	;[asy]  ^ C:\Users\MARKEI~1\AppData\Local\Temp\asyprev_tvowmnov\r_eeaeed84f455.asy: 1.2: syntax error:  error: could not load module 'C:\Users\MARKEI~1\AppData\Local\Temp\asyprev_tvowmnov\r_eeaeed84f455.asy' 
40a8c97e-864f-4144-a58d-9f24d20a2854	08a88c386468	[asy] ^ C:\Users\MARKEI~1\AppData\Local\Temp\asyprev_tvowmnov\r_08a88c386468.asy: 1.1: syntax error:  error: could not load module 'C:\Users\MARKEI~1\AppData\Local\Temp\asyprev_tvowmnov\r_08a88c386468.asy' 
43579d00-f306-4a97-be0b-affe20715065	5d95755f2191	[asy] ^ C:\Users\MARKEI~1\AppData\Local\Temp\asyprev_tvowmnov\r_5d95755f2191.asy: 1.1: syntax error:  error: could not load module 'C:\Users\MARKEI~1\AppData\Local\Temp\asyprev_tvowmnov\r_5d95755f2191.asy' 
43ca44f9-2b48-4612-bd7d-b78d00c55c40	e90de00502c5	otate(angle,coil(left))* graph( coil , left , right ) ;                                                                                                                                    ^ C:\Users\MARKEI~1\AppData\Local\Temp\asyprev_tvowmnov\r_e90de00502c5.asy: 15.132: no matching variable 'graph' 
44784c49-cdfb-4a8a-8823-003ab3f10555	1617490ad66f	;[asy]  ^ C:\Users\MARKEI~1\AppData\Local\Temp\asyprev_tvowmnov\r_1617490ad66f.asy: 1.2: syntax error:  error: could not load module 'C:\Users\MARKEI~1\AppData\Local\Temp\asyprev_tvowmnov\r_1617490ad66f.asy' 
4717ae3e-f3a3-428e-803d-f6f85dcf67a0	2988312deba8	;[asy]  ^ C:\Users\MARKEI~1\AppData\Local\Temp\asyprev_tvowmnov\r_2988312deba8.asy: 1.2: syntax error:  error: could not load module 'C:\Users\MARKEI~1\AppData\Local\Temp\asyprev_tvowmnov\r_2988312deba8.asy' 
47cdee60-eb99-40b6-b1e2-c3967871bb2a	93be602072b3	[asy] ^ C:\Users\MARKEI~1\AppData\Local\Temp\asyprev_tvowmnov\r_93be602072b3.asy: 1.1: syntax error:  error: could not load module 'C:\Users\MARKEI~1\AppData\Local\Temp\asyprev_tvowmnov\r_93be602072b3.asy' 
47fbb6a3-08c3-4be3-95d2-33e88a9c4cbe	2093469a3659	;[asy]  ^ C:\Users\MARKEI~1\AppData\Local\Temp\asyprev_tvowmnov\r_2093469a3659.asy: 1.2: syntax error:  error: could not load module 'C:\Users\MARKEI~1\AppData\Local\Temp\asyprev_tvowmnov\r_2093469a3659.asy' 
4824a7c4-e0e4-4d3a-bf24-d1788e42143b	8d62d3a6ffbd	;[asy]  ^ C:\Users\MARKEI~1\AppData\Local\Temp\asyprev_tvowmnov\r_8d62d3a6ffbd.asy: 1.2: syntax error:  error: could not load module 'C:\Users\MARKEI~1\AppData\Local\Temp\asyprev_tvowmnov\r_8d62d3a6ffbd.asy' 
495194b6-5e69-4896-9815-2e5e9cf7707d	59dfe8cba516	[asy] ^ C:\Users\MARKEI~1\AppData\Local\Temp\asyprev_tvowmnov\r_59dfe8cba516.asy: 1.1: syntax error:  error: could not load module 'C:\Users\MARKEI~1\AppData\Local\Temp\asyprev_tvowmnov\r_59dfe8cba516.asy' 
495741ce-fc66-48de-8828-3b0fb8581bc3	c20aa92818ef	;[asy]  ^ C:\Users\MARKEI~1\AppData\Local\Temp\asyprev_tvowmnov\r_c20aa92818ef.asy: 1.2: syntax error:  error: could not load module 'C:\Users\MARKEI~1\AppData\Local\Temp\asyprev_tvowmnov\r_c20aa92818ef.asy' 
4a8b7f9f-ae0f-40c4-8d50-2ad0b0d7f752	f624bb8aef48	;[asy]  ^ C:\Users\MARKEI~1\AppData\Local\Temp\asyprev_tvowmnov\r_f624bb8aef48.asy: 1.2: syntax error:  error: could not load module 'C:\Users\MARKEI~1\AppData\Local\Temp\asyprev_tvowmnov\r_f624bb8aef48.asy' 
4a95835d-7527-4c60-977e-d952e567bdb8	58c874c456cf	[asy] ^ C:\Users\MARKEI~1\AppData\Local\Temp\asyprev_tvowmnov\r_58c874c456cf.asy: 1.1: syntax error:  error: could not load module 'C:\Users\MARKEI~1\AppData\Local\Temp\asyprev_tvowmnov\r_58c874c456cf.asy' 
4b713919-0f6d-4d72-b581-a8b348c7295b	9caa59649cee	[asy] ^ C:\Users\MARKEI~1\AppData\Local\Temp\asyprev_tvowmnov\r_9caa59649cee.asy: 1.1: syntax error:  error: could not load module 'C:\Users\MARKEI~1\AppData\Local\Temp\asyprev_tvowmnov\r_9caa59649cee.asy' 
4b9263df-21e9-4788-943b-7efbf5601394	bf286bc5c9f1	;[asy]  ^ C:\Users\MARKEI~1\AppData\Local\Temp\asyprev_tvowmnov\r_bf286bc5c9f1.asy: 1.2: syntax error:  error: could not load module 'C:\Users\MARKEI~1\AppData\Local\Temp\asyprev_tvowmnov\r_bf286bc5c9f1.asy' 
4cb7c012-8130-4bca-9ade-557218b741a7	9010f49a5953	[asy] ^ C:\Users\MARKEI~1\AppData\Local\Temp\asyprev_tvowmnov\r_9010f49a5953.asy: 1.1: syntax error:  error: could not load module 'C:\Users\MARKEI~1\AppData\Local\Temp\asyprev_tvowmnov\r_9010f49a5953.asy' 
50acc066-8fd9-44ac-b61f-f51a6ac3a296	d5f34c76d879	[asy] ^ C:\Users\MARKEI~1\AppData\Local\Temp\asyprev_tvowmnov\r_d5f34c76d879.asy: 1.1: syntax error:  error: could not load module 'C:\Users\MARKEI~1\AppData\Local\Temp\asyprev_tvowmnov\r_d5f34c76d879.asy' 
50e9785a-b23a-4546-a040-3a7c7b8a1730	f40ef85979e4	;[asy]  ^ C:\Users\MARKEI~1\AppData\Local\Temp\asyprev_tvowmnov\r_f40ef85979e4.asy: 1.2: syntax error:  error: could not load module 'C:\Users\MARKEI~1\AppData\Local\Temp\asyprev_tvowmnov\r_f40ef85979e4.asy' 
51961739-23fc-419c-a018-345b405bfb37	b0d05ae1449e	[asy] ^ C:\Users\MARKEI~1\AppData\Local\Temp\asyprev_tvowmnov\r_b0d05ae1449e.asy: 1.1: syntax error:  error: could not load module 'C:\Users\MARKEI~1\AppData\Local\Temp\asyprev_tvowmnov\r_b0d05ae1449e.asy' 
52aa71ca-f722-46a0-8991-cf282af8c714	9749f4afb3fd	;[asy]  ^ C:\Users\MARKEI~1\AppData\Local\Temp\asyprev_tvowmnov\r_9749f4afb3fd.asy: 1.2: syntax error:  error: could not load module 'C:\Users\MARKEI~1\AppData\Local\Temp\asyprev_tvowmnov\r_9749f4afb3fd.asy' 
530831d7-bdf9-4df4-933b-66f497eae790	273a09cb6b9e	;[asy]  ^ C:\Users\MARKEI~1\AppData\Local\Temp\asyprev_tvowmnov\r_273a09cb6b9e.asy: 1.2: syntax error:  error: could not load module 'C:\Users\MARKEI~1\AppData\Local\Temp\asyprev_tvowmnov\r_273a09cb6b9e.asy' 
53111f5c-a699-4dc0-8494-b69a2f046d39	ea462227a8cb	[asy] ^ C:\Users\MARKEI~1\AppData\Local\Temp\asyprev_tvowmnov\r_ea462227a8cb.asy: 1.1: syntax error:  error: could not load module 'C:\Users\MARKEI~1\AppData\Local\Temp\asyprev_tvowmnov\r_ea462227a8cb.asy' 
5317161c-00b6-4416-ae8e-be45579fc004	89bb96dbabce	;[asy]  ^ C:\Users\MARKEI~1\AppData\Local\Temp\asyprev_tvowmnov\r_89bb96dbabce.asy: 1.2: syntax error:  error: could not load module 'C:\Users\MARKEI~1\AppData\Local\Temp\asyprev_tvowmnov\r_89bb96dbabce.asy' 
53968ece-5b41-493c-a565-332d1e48e5cc	3f8d1afd168c	;[asy]  ^ C:\Users\MARKEI~1\AppData\Local\Temp\asyprev_tvowmnov\r_3f8d1afd168c.asy: 1.2: syntax error:  error: could not load module 'C:\Users\MARKEI~1\AppData\Local\Temp\asyprev_tvowmnov\r_3f8d1afd168c.asy' 
53ce065f-ecf6-4758-8ff7-72981033d527	d896c914fd28	[asy] ^ C:\Users\MARKEI~1\AppData\Local\Temp\asyprev_tvowmnov\r_d896c914fd28.asy: 1.1: syntax error:  error: could not load module 'C:\Users\MARKEI~1\AppData\Local\Temp\asyprev_tvowmnov\r_d896c914fd28.asy' 
5578a889-dcd1-43eb-ad56-32420e592aae	28b305029af4	;[asy]  ^ C:\Users\MARKEI~1\AppData\Local\Temp\asyprev_tvowmnov\r_28b305029af4.asy: 1.2: syntax error:  error: could not load module 'C:\Users\MARKEI~1\AppData\Local\Temp\asyprev_tvowmnov\r_28b305029af4.asy' 
5757057f-2f57-46b8-a9a5-5bbaa1ca04f3	fde1d93950c7	;[asy]  ^ C:\Users\MARKEI~1\AppData\Local\Temp\asyprev_tvowmnov\r_fde1d93950c7.asy: 1.2: syntax error:  error: could not load module 'C:\Users\MARKEI~1\AppData\Local\Temp\asyprev_tvowmnov\r_fde1d93950c7.asy' 
5a28e456-302a-4235-bd2f-eb538dd24613	4b689759953b	[asy] ^ C:\Users\MARKEI~1\AppData\Local\Temp\asyprev_tvowmnov\r_4b689759953b.asy: 1.1: syntax error:  error: could not load module 'C:\Users\MARKEI~1\AppData\Local\Temp\asyprev_tvowmnov\r_4b689759953b.asy' 
5aa53bf3-a78d-4f88-a4c3-6b631c075056	7c1edf893c1c	;[asy]  ^ C:\Users\MARKEI~1\AppData\Local\Temp\asyprev_tvowmnov\r_7c1edf893c1c.asy: 1.2: syntax error:  error: could not load module 'C:\Users\MARKEI~1\AppData\Local\Temp\asyprev_tvowmnov\r_7c1edf893c1c.asy' 
5b8ab857-258c-468e-8b0a-a6f31a20e37b	31f695cb53eb	;[asy]  ^ C:\Users\MARKEI~1\AppData\Local\Temp\asyprev_tvowmnov\r_31f695cb53eb.asy: 1.2: syntax error:  error: could not load module 'C:\Users\MARKEI~1\AppData\Local\Temp\asyprev_tvowmnov\r_31f695cb53eb.asy' 
5c7eeed6-742a-4806-ba33-521702b5efaa	713886f16b25	[asy] ^ C:\Users\MARKEI~1\AppData\Local\Temp\asyprev_tvowmnov\r_713886f16b25.asy: 1.1: syntax error:  error: could not load module 'C:\Users\MARKEI~1\AppData\Local\Temp\asyprev_tvowmnov\r_713886f16b25.asy' 
5cc13a82-5a80-4d5d-9db2-d9a00134b65b	7d9c343c7884	otate(angle,coil(left))* graph( coil , left , right ) ;                                                                                                                                    ^ C:\Users\MARKEI~1\AppData\Local\Temp\asyprev_tvowmnov\r_7d9c343c7884.asy: 15.132: no matching variable 'graph' 
5e8727cd-88bf-4293-8330-b9c32c7b3504	356d40471979	[asy] ^ C:\Users\MARKEI~1\AppData\Local\Temp\asyprev_tvowmnov\r_356d40471979.asy: 1.1: syntax error:  error: could not load module 'C:\Users\MARKEI~1\AppData\Local\Temp\asyprev_tvowmnov\r_356d40471979.asy' 
5f348703-4b4a-4651-ae25-fba80b313dc5	50e033f967a3	;[asy]  ^ C:\Users\MARKEI~1\AppData\Local\Temp\asyprev_tvowmnov\r_50e033f967a3.asy: 1.2: syntax error:  error: could not load module 'C:\Users\MARKEI~1\AppData\Local\Temp\asyprev_tvowmnov\r_50e033f967a3.asy' 
60e31798-3cfa-43b2-a778-6644db3b6189	4ef58bc5c0a1	;[asy]  ^ C:\Users\MARKEI~1\AppData\Local\Temp\asyprev_tvowmnov\r_4ef58bc5c0a1.asy: 1.2: syntax error:  error: could not load module 'C:\Users\MARKEI~1\AppData\Local\Temp\asyprev_tvowmnov\r_4ef58bc5c0a1.asy' 
60ca97ff-86cf-4b7b-95d2-1273755e356d	b199fb2487ef	;[asy]  ^ C:\Users\MARKEI~1\AppData\Local\Temp\asyprev_tvowmnov\r_b199fb2487ef.asy: 1.2: syntax error:  error: could not load module 'C:\Users\MARKEI~1\AppData\Local\Temp\asyprev_tvowmnov\r_b199fb2487ef.asy' 
61b565d0-ee29-412b-9b0c-0f21eef6f141	2d89da18f552	;[asy]  ^ C:\Users\MARKEI~1\AppData\Local\Temp\asyprev_tvowmnov\r_2d89da18f552.asy: 1.2: syntax error:  error: could not load module 'C:\Users\MARKEI~1\AppData\Local\Temp\asyprev_tvowmnov\r_2d89da18f552.asy' 
61009c9e-6f48-4171-82de-ab58061ba456	7d95fcdb2768	;[asy]  ^ C:\Users\MARKEI~1\AppData\Local\Temp\asyprev_tvowmnov\r_7d95fcdb2768.asy: 1.2: syntax error:  error: could not load module 'C:\Users\MARKEI~1\AppData\Local\Temp\asyprev_tvowmnov\r_7d95fcdb2768.asy' 
61d285a5-d41f-4917-a31c-d567c3411571	667e74007e18	[asy] ^ C:\Users\MARKEI~1\AppData\Local\Temp\asyprev_tvowmnov\r_667e74007e18.asy: 1.1: syntax error:  error: could not load module 'C:\Users\MARKEI~1\AppData\Local\Temp\asyprev_tvowmnov\r_667e74007e18.asy' 
62070a7a-8df8-498a-8c1a-ef51b8eece44	022c46646666	[asy] ^ C:\Users\MARKEI~1\AppData\Local\Temp\asyprev_tvowmnov\r_022c46646666.asy: 1.1: syntax error:  error: could not load module 'C:\Users\MARKEI~1\AppData\Local\Temp\asyprev_tvowmnov\r_022c46646666.asy' 
6256705e-7558-42e2-b0db-cf73ece357f6	f111bf3c7fd6	;[asy]  ^ C:\Users\MARKEI~1\AppData\Local\Temp\asyprev_tvowmnov\r_f111bf3c7fd6.asy: 1.2: syntax error:  error: could not load module 'C:\Users\MARKEI~1\AppData\Local\Temp\asyprev_tvowmnov\r_f111bf3c7fd6.asy' 
64a64d32-1599-499f-93c4-c33678202d8b	8c2a0c8f8a90	;[asy]  ^ C:\Users\MARKEI~1\AppData\Local\Temp\asyprev_tvowmnov\r_8c2a0c8f8a90.asy: 1.2: syntax error:  error: could not load module 'C:\Users\MARKEI~1\AppData\Local\Temp\asyprev_tvowmnov\r_8c2a0c8f8a90.asy' 
670f7eb3-067e-424b-9ede-17c2b6413616	e58c24d35239	;[asy]  ^ C:\Users\MARKEI~1\AppData\Local\Temp\asyprev_tvowmnov\r_e58c24d35239.asy: 1.2: syntax error:  error: could not load module 'C:\Users\MARKEI~1\AppData\Local\Temp\asyprev_tvowmnov\r_e58c24d35239.asy' 
6842f005-a43f-4483-93a0-3c54220a2a5d	ddcc703f110a	;[asy]  ^ C:\Users\MARKEI~1\AppData\Local\Temp\asyprev_tvowmnov\r_ddcc703f110a.asy: 1.2: syntax error:  error: could not load module 'C:\Users\MARKEI~1\AppData\Local\Temp\asyprev_tvowmnov\r_ddcc703f110a.asy' 
6862a4ac-65c9-4dd0-8a37-d9f035620b5b	912f73f4cd07	;[asy]  ^ C:\Users\MARKEI~1\AppData\Local\Temp\asyprev_tvowmnov\r_912f73f4cd07.asy: 1.2: syntax error:  error: could not load module 'C:\Users\MARKEI~1\AppData\Local\Temp\asyprev_tvowmnov\r_912f73f4cd07.asy' 
68dfa0f6-db15-4e1e-bfb5-237b17477425	e2cf57b3af42	;[asy]  ^ C:\Users\MARKEI~1\AppData\Local\Temp\asyprev_tvowmnov\r_e2cf57b3af42.asy: 1.2: syntax error:  error: could not load module 'C:\Users\MARKEI~1\AppData\Local\Temp\asyprev_tvowmnov\r_e2cf57b3af42.asy' 
68e11c2a-7eaf-4fa2-9e7e-2844d642917a	51df2d3a35b3	;[asy]  ^ C:\Users\MARKEI~1\AppData\Local\Temp\asyprev_tvowmnov\r_51df2d3a35b3.asy: 1.2: syntax error:  error: could not load module 'C:\Users\MARKEI~1\AppData\Local\Temp\asyprev_tvowmnov\r_51df2d3a35b3.asy' 
69ca3436-85c9-472a-8592-21f96d50df8a	2813f7645998	[asy] ^ C:\Users\MARKEI~1\AppData\Local\Temp\asyprev_tvowmnov\r_2813f7645998.asy: 1.1: syntax error:  error: could not load module 'C:\Users\MARKEI~1\AppData\Local\Temp\asyprev_tvowmnov\r_2813f7645998.asy' 
69e8d365-8a77-450b-a68b-6d9ae6ba3d79	1946585002bc	;[asy]  ^ C:\Users\MARKEI~1\AppData\Local\Temp\asyprev_tvowmnov\r_1946585002bc.asy: 1.2: syntax error:  error: could not load module 'C:\Users\MARKEI~1\AppData\Local\Temp\asyprev_tvowmnov\r_1946585002bc.asy' 
6a3d2643-3828-4292-a5f5-6b41e127ac58	2d7777d53296	;[asy]  ^ C:\Users\MARKEI~1\AppData\Local\Temp\asyprev_tvowmnov\r_2d7777d53296.asy: 1.2: syntax error:  error: could not load module 'C:\Users\MARKEI~1\AppData\Local\Temp\asyprev_tvowmnov\r_2d7777d53296.asy' 
6a562b80-7a66-4a4e-b0ef-b9ed6243d96c	e80dab7b0b8c	[asy] ^ C:\Users\MARKEI~1\AppData\Local\Temp\asyprev_tvowmnov\r_e80dab7b0b8c.asy: 1.1: syntax error:  error: could not load module 'C:\Users\MARKEI~1\AppData\Local\Temp\asyprev_tvowmnov\r_e80dab7b0b8c.asy' 
6b093e77-9665-47c8-bd84-8de1541a9e42	e3deb8073fba	;[asy]  ^ C:\Users\MARKEI~1\AppData\Local\Temp\asyprev_tvowmnov\r_e3deb8073fba.asy: 1.2: syntax error:  error: could not load module 'C:\Users\MARKEI~1\AppData\Local\Temp\asyprev_tvowmnov\r_e3deb8073fba.asy' 
6b86fc09-7aca-41af-a7bb-29679ae5e0a9	9b8f1c67d554	[asy] ^ C:\Users\MARKEI~1\AppData\Local\Temp\asyprev_tvowmnov\r_9b8f1c67d554.asy: 1.1: syntax error:  error: could not load module 'C:\Users\MARKEI~1\AppData\Local\Temp\asyprev_tvowmnov\r_9b8f1c67d554.asy' 
6bc97dad-7a3d-4ed6-93b0-f51b288907d8	53b3e298bf8c	[asy] ^ C:\Users\MARKEI~1\AppData\Local\Temp\asyprev_tvowmnov\r_53b3e298bf8c.asy: 1.1: syntax error:  error: could not load module 'C:\Users\MARKEI~1\AppData\Local\Temp\asyprev_tvowmnov\r_53b3e298bf8c.asy' 
6c96e56a-ffd9-4aeb-ba92-0e0fe481a5c0	9e1a21bbdf2e	;[asy]  ^ C:\Users\MARKEI~1\AppData\Local\Temp\asyprev_tvowmnov\r_9e1a21bbdf2e.asy: 1.2: syntax error:  error: could not load module 'C:\Users\MARKEI~1\AppData\Local\Temp\asyprev_tvowmnov\r_9e1a21bbdf2e.asy' 
6daeb91b-0c5f-4896-a552-7136a662c1c8	45e0b63dff44	;[asy]  ^ C:\Users\MARKEI~1\AppData\Local\Temp\asyprev_tvowmnov\r_45e0b63dff44.asy: 1.2: syntax error:  error: could not load module 'C:\Users\MARKEI~1\AppData\Local\Temp\asyprev_tvowmnov\r_45e0b63dff44.asy' 
71d79342-c804-461e-b03e-c88528d6b9f6	04b983c55d6a	;[asy]  ^ C:\Users\MARKEI~1\AppData\Local\Temp\asyprev_tvowmnov\r_04b983c55d6a.asy: 1.2: syntax error:  error: could not load module 'C:\Users\MARKEI~1\AppData\Local\Temp\asyprev_tvowmnov\r_04b983c55d6a.asy' 
71405f66-a5a0-4fc4-a47f-19e7238761b6	21a5fe185639	[asy] ^ C:\Users\MARKEI~1\AppData\Local\Temp\asyprev_tvowmnov\r_21a5fe185639.asy: 1.1: syntax error:  error: could not load module 'C:\Users\MARKEI~1\AppData\Local\Temp\asyprev_tvowmnov\r_21a5fe185639.asy' 
7262eaac-0808-4702-93b5-5c86076bdb1d	8587c97ae738	;[asy]  ^ C:\Users\MARKEI~1\AppData\Local\Temp\asyprev_tvowmnov\r_8587c97ae738.asy: 1.2: syntax error:  error: could not load module 'C:\Users\MARKEI~1\AppData\Local\Temp\asyprev_tvowmnov\r_8587c97ae738.asy' 
73f1ab6b-0896-4fce-bea2-9d4d712550cb	684e153305f6	[asy] ^ C:\Users\MARKEI~1\AppData\Local\Temp\asyprev_tvowmnov\r_684e153305f6.asy: 1.1: syntax error:  error: could not load module 'C:\Users\MARKEI~1\AppData\Local\Temp\asyprev_tvowmnov\r_684e153305f6.asy' 
74080b32-df72-4113-9415-2cd9a00b357f	7ea51e990270	;[asy]  ^ C:\Users\MARKEI~1\AppData\Local\Temp\asyprev_tvowmnov\r_7ea51e990270.asy: 1.2: syntax error:  error: could not load module 'C:\Users\MARKEI~1\AppData\Local\Temp\asyprev_tvowmnov\r_7ea51e990270.asy' 
74092f99-6266-4bcd-b211-2138aac091a6	16b2d8e553c2	[asy] ^ C:\Users\MARKEI~1\AppData\Local\Temp\asyprev_tvowmnov\r_16b2d8e553c2.asy: 1.1: syntax error:  error: could not load module 'C:\Users\MARKEI~1\AppData\Local\Temp\asyprev_tvowmnov\r_16b2d8e553c2.asy' 
741bba01-8875-4471-8696-4511f2b6ad2a	7da24c9f4f34	[asy] ^ C:\Users\MARKEI~1\AppData\Local\Temp\asyprev_tvowmnov\r_7da24c9f4f34.asy: 1.1: syntax error:  error: could not load module 'C:\Users\MARKEI~1\AppData\Local\Temp\asyprev_tvowmnov\r_7da24c9f4f34.asy' 
743f755f-12fb-44a5-96f4-74ed314da23b	fdccfe7df0db	;[asy]  ^ C:\Users\MARKEI~1\AppData\Local\Temp\asyprev_tvowmnov\r_fdccfe7df0db.asy: 1.2: syntax error:  error: could not load module 'C:\Users\MARKEI~1\AppData\Local\Temp\asyprev_tvowmnov\r_fdccfe7df0db.asy' 
7472a07d-0775-4478-b35f-279af8d6166a	a5bae91fbe9b	;[asy]  ^ C:\Users\MARKEI~1\AppData\Local\Temp\asyprev_tvowmnov\r_a5bae91fbe9b.asy: 1.2: syntax error:  error: could not load module 'C:\Users\MARKEI~1\AppData\Local\Temp\asyprev_tvowmnov\r_a5bae91fbe9b.asy' 
74cb1e3b-3e4f-407f-9a4a-ca3dff2a2a3b	eff4a58a3e40	;[asy]  ^ C:\Users\MARKEI~1\AppData\Local\Temp\asyprev_tvowmnov\r_eff4a58a3e40.asy: 1.2: syntax error:  error: could not load module 'C:\Users\MARKEI~1\AppData\Local\Temp\asyprev_tvowmnov\r_eff4a58a3e40.asy' 
7817233c-1763-4480-a105-7b75cce072cc	6a1fab9bdfe2	;[asy]  ^ C:\Users\MARKEI~1\AppData\Local\Temp\asyprev_tvowmnov\r_6a1fab9bdfe2.asy: 1.2: syntax error:  error: could not load module 'C:\Users\MARKEI~1\AppData\Local\Temp\asyprev_tvowmnov\r_6a1fab9bdfe2.asy' 
7957efd8-bfa2-4c57-a1da-f17833583317	b6bda83ca9ea	[asy] ^ C:\Users\MARKEI~1\AppData\Local\Temp\asyprev_tvowmnov\r_b6bda83ca9ea.asy: 1.1: syntax error:  error: could not load module 'C:\Users\MARKEI~1\AppData\Local\Temp\asyprev_tvowmnov\r_b6bda83ca9ea.asy' 
7c2446ec-5fe9-469e-86fa-6e0bd29d16c8	6405b7cd2b0f	[asy] ^ C:\Users\MARKEI~1\AppData\Local\Temp\asyprev_tvowmnov\r_6405b7cd2b0f.asy: 1.1: syntax error:  error: could not load module 'C:\Users\MARKEI~1\AppData\Local\Temp\asyprev_tvowmnov\r_6405b7cd2b0f.asy' 
7cb08a81-36c3-44ee-92db-114ae35f12c3	cb52dd5664fa	;[asy]  ^ C:\Users\MARKEI~1\AppData\Local\Temp\asyprev_tvowmnov\r_cb52dd5664fa.asy: 1.2: syntax error:  error: could not load module 'C:\Users\MARKEI~1\AppData\Local\Temp\asyprev_tvowmnov\r_cb52dd5664fa.asy' 
8019d871-ecad-46ab-b60f-eb0a44621e11	6cf3703871a0	;[asy]  ^ C:\Users\MARKEI~1\AppData\Local\Temp\asyprev_tvowmnov\r_6cf3703871a0.asy: 1.2: syntax error:  error: could not load module 'C:\Users\MARKEI~1\AppData\Local\Temp\asyprev_tvowmnov\r_6cf3703871a0.asy' 
81307c7e-e7b7-44f4-8ab2-b05d714da55f	041de1f68a7f	;[asy]  ^ C:\Users\MARKEI~1\AppData\Local\Temp\asyprev_tvowmnov\r_041de1f68a7f.asy: 1.2: syntax error:  error: could not load module 'C:\Users\MARKEI~1\AppData\Local\Temp\asyprev_tvowmnov\r_041de1f68a7f.asy' 
8171c397-3348-4d1a-b544-f4882fc2934c	fa0a9b90bd19	;[asy]  ^ C:\Users\MARKEI~1\AppData\Local\Temp\asyprev_tvowmnov\r_fa0a9b90bd19.asy: 1.2: syntax error:  error: could not load module 'C:\Users\MARKEI~1\AppData\Local\Temp\asyprev_tvowmnov\r_fa0a9b90bd19.asy' 
8186e1f2-713a-41a6-b7f8-9352092de737	9d4fa0c06fa8	[asy] ^ C:\Users\MARKEI~1\AppData\Local\Temp\asyprev_tvowmnov\r_9d4fa0c06fa8.asy: 1.1: syntax error:  error: could not load module 'C:\Users\MARKEI~1\AppData\Local\Temp\asyprev_tvowmnov\r_9d4fa0c06fa8.asy' 
8267e2da-1c08-46db-96fc-9a3d37605c76	1e0e5e60e3bb	;[asy]  ^ C:\Users\MARKEI~1\AppData\Local\Temp\asyprev_tvowmnov\r_1e0e5e60e3bb.asy: 1.2: syntax error:  error: could not load module 'C:\Users\MARKEI~1\AppData\Local\Temp\asyprev_tvowmnov\r_1e0e5e60e3bb.asy' 
82c1d874-d058-443a-b9b6-beb84f335cdd	e73e4e00b139	[asy] ^ C:\Users\MARKEI~1\AppData\Local\Temp\asyprev_tvowmnov\r_e73e4e00b139.asy: 1.1: syntax error:  error: could not load module 'C:\Users\MARKEI~1\AppData\Local\Temp\asyprev_tvowmnov\r_e73e4e00b139.asy' 
82a1e551-ab14-471e-8187-38d90ce2b2d4	6820ec2abe4b	[asy] ^ C:\Users\MARKEI~1\AppData\Local\Temp\asyprev_tvowmnov\r_6820ec2abe4b.asy: 1.1: syntax error:  error: could not load module 'C:\Users\MARKEI~1\AppData\Local\Temp\asyprev_tvowmnov\r_6820ec2abe4b.asy' 
838a2f12-5930-4732-a694-47aa5350d774	734c642adaac	;[asy]  ^ C:\Users\MARKEI~1\AppData\Local\Temp\asyprev_tvowmnov\r_734c642adaac.asy: 1.2: syntax error:  error: could not load module 'C:\Users\MARKEI~1\AppData\Local\Temp\asyprev_tvowmnov\r_734c642adaac.asy' 
84576b7a-3582-4f45-bca8-a81923854f16	cc41e6abca85	[asy] ^ C:\Users\MARKEI~1\AppData\Local\Temp\asyprev_tvowmnov\r_cc41e6abca85.asy: 1.1: syntax error:  error: could not load module 'C:\Users\MARKEI~1\AppData\Local\Temp\asyprev_tvowmnov\r_cc41e6abca85.asy' 
861a98c7-05b9-48fe-9bb0-27e085e77cdb	9a9f1131718b	;[asy]  ^ C:\Users\MARKEI~1\AppData\Local\Temp\asyprev_tvowmnov\r_9a9f1131718b.asy: 1.2: syntax error:  error: could not load module 'C:\Users\MARKEI~1\AppData\Local\Temp\asyprev_tvowmnov\r_9a9f1131718b.asy' 
859dfe24-a39e-44c1-a8bb-ddff898e7004	d6aa5ca45da7	;[asy]  ^ C:\Users\MARKEI~1\AppData\Local\Temp\asyprev_tvowmnov\r_d6aa5ca45da7.asy: 1.2: syntax error:  error: could not load module 'C:\Users\MARKEI~1\AppData\Local\Temp\asyprev_tvowmnov\r_d6aa5ca45da7.asy' 
8603251b-23c4-4d8e-9a15-efb94c1f30af	94a0f7c62626	;[asy]  ^ C:\Users\MARKEI~1\AppData\Local\Temp\asyprev_tvowmnov\r_94a0f7c62626.asy: 1.2: syntax error:  error: could not load module 'C:\Users\MARKEI~1\AppData\Local\Temp\asyprev_tvowmnov\r_94a0f7c62626.asy' 
861fb2f2-3d2a-48f6-ba29-afaf703932de	3b2a39767b40	[asy] ^ C:\Users\MARKEI~1\AppData\Local\Temp\asyprev_tvowmnov\r_3b2a39767b40.asy: 1.1: syntax error:  error: could not load module 'C:\Users\MARKEI~1\AppData\Local\Temp\asyprev_tvowmnov\r_3b2a39767b40.asy' 
86fd37cb-ec09-45db-94c7-6d355a0d758d	9c53b7cc8acc	;[asy]  ^ C:\Users\MARKEI~1\AppData\Local\Temp\asyprev_tvowmnov\r_9c53b7cc8acc.asy: 1.2: syntax error:  error: could not load module 'C:\Users\MARKEI~1\AppData\Local\Temp\asyprev_tvowmnov\r_9c53b7cc8acc.asy' 
88b0995c-1efb-4a0c-b820-76ac5a5539ce	b95c38c08886	;[asy]  ^ C:\Users\MARKEI~1\AppData\Local\Temp\asyprev_tvowmnov\r_b95c38c08886.asy: 1.2: syntax error:  error: could not load module 'C:\Users\MARKEI~1\AppData\Local\Temp\asyprev_tvowmnov\r_b95c38c08886.asy' 
88e62e90-1f15-46bd-88f1-6bf3867bb297	b8371ef6054a	;[asy]  ^ C:\Users\MARKEI~1\AppData\Local\Temp\asyprev_tvowmnov\r_b8371ef6054a.asy: 1.2: syntax error:  error: could not load module 'C:\Users\MARKEI~1\AppData\Local\Temp\asyprev_tvowmnov\r_b8371ef6054a.asy' 
8b0d3405-5fbb-4895-ae31-4c05cef88395	93e7a55e154f	;[asy]  ^ C:\Users\MARKEI~1\AppData\Local\Temp\asyprev_tvowmnov\r_93e7a55e154f.asy: 1.2: syntax error:  error: could not load module 'C:\Users\MARKEI~1\AppData\Local\Temp\asyprev_tvowmnov\r_93e7a55e154f.asy' 
89ea6002-6ccd-4caf-80b4-c52be64bcccf	ab79960e4129	[asy] ^ C:\Users\MARKEI~1\AppData\Local\Temp\asyprev_tvowmnov\r_ab79960e4129.asy: 1.1: syntax error:  error: could not load module 'C:\Users\MARKEI~1\AppData\Local\Temp\asyprev_tvowmnov\r_ab79960e4129.asy' 
8be44037-1fd9-4472-8e82-8c814b2507a8	9ed3bed77ee5	;[asy]  ^ C:\Users\MARKEI~1\AppData\Local\Temp\asyprev_tvowmnov\r_9ed3bed77ee5.asy: 1.2: syntax error:  error: could not load module 'C:\Users\MARKEI~1\AppData\Local\Temp\asyprev_tvowmnov\r_9ed3bed77ee5.asy' 
8d53cbb8-3776-4978-8f2d-16edef16749a	7dffd5cab1c5	[asy] ^ C:\Users\MARKEI~1\AppData\Local\Temp\asyprev_tvowmnov\r_7dffd5cab1c5.asy: 1.1: syntax error:  error: could not load module 'C:\Users\MARKEI~1\AppData\Local\Temp\asyprev_tvowmnov\r_7dffd5cab1c5.asy' 
8d8abd6c-d15c-497e-989b-0cd8b5fbc069	8db5ab4edcbc	;[asy]  ^ C:\Users\MARKEI~1\AppData\Local\Temp\asyprev_tvowmnov\r_8db5ab4edcbc.asy: 1.2: syntax error:  error: could not load module 'C:\Users\MARKEI~1\AppData\Local\Temp\asyprev_tvowmnov\r_8db5ab4edcbc.asy' 
8e44dfcc-82ed-4ad0-a492-2444e089473a	900fbf34fc92	[asy] ^ C:\Users\MARKEI~1\AppData\Local\Temp\asyprev_tvowmnov\r_900fbf34fc92.asy: 1.1: syntax error:  error: could not load module 'C:\Users\MARKEI~1\AppData\Local\Temp\asyprev_tvowmnov\r_900fbf34fc92.asy' 
8eb16b9f-9d6a-4569-9623-368424d4fdf9	19f769909f33	[asy] ^ C:\Users\MARKEI~1\AppData\Local\Temp\asyprev_tvowmnov\r_19f769909f33.asy: 1.1: syntax error:  error: could not load module 'C:\Users\MARKEI~1\AppData\Local\Temp\asyprev_tvowmnov\r_19f769909f33.asy' 
8f7a946c-bdc3-467c-aa0c-635ac45df853	f0111f6c5849	[asy] ^ C:\Users\MARKEI~1\AppData\Local\Temp\asyprev_tvowmnov\r_f0111f6c5849.asy: 1.1: syntax error:  error: could not load module 'C:\Users\MARKEI~1\AppData\Local\Temp\asyprev_tvowmnov\r_f0111f6c5849.asy' 
90012f6e-6384-41f4-a091-3c1b5ca64af6	031a645288d7	[asy] ^ C:\Users\MARKEI~1\AppData\Local\Temp\asyprev_tvowmnov\r_031a645288d7.asy: 1.1: syntax error:  error: could not load module 'C:\Users\MARKEI~1\AppData\Local\Temp\asyprev_tvowmnov\r_031a645288d7.asy' 
91ca63e5-96df-4188-9f4b-2c0a4228ff22	ecf10f382cdb	;[asy]  ^ C:\Users\MARKEI~1\AppData\Local\Temp\asyprev_tvowmnov\r_ecf10f382cdb.asy: 1.2: syntax error:  error: could not load module 'C:\Users\MARKEI~1\AppData\Local\Temp\asyprev_tvowmnov\r_ecf10f382cdb.asy' 
91e49602-eb86-4817-8ba2-512b75edbb76	7caf5e4cbe5a	;[asy]  ^ C:\Users\MARKEI~1\AppData\Local\Temp\asyprev_tvowmnov\r_7caf5e4cbe5a.asy: 1.2: syntax error:  error: could not load module 'C:\Users\MARKEI~1\AppData\Local\Temp\asyprev_tvowmnov\r_7caf5e4cbe5a.asy' 
925753ed-e057-401a-aff0-d7eb3058a6ef	8eebf7401354	;[asy]  ^ C:\Users\MARKEI~1\AppData\Local\Temp\asyprev_tvowmnov\r_8eebf7401354.asy: 1.2: syntax error:  error: could not load module 'C:\Users\MARKEI~1\AppData\Local\Temp\asyprev_tvowmnov\r_8eebf7401354.asy' 
967e0a8d-64e8-4dfd-8688-e75001e96206	9889839a9882	;[asy]  ^ C:\Users\MARKEI~1\AppData\Local\Temp\asyprev_tvowmnov\r_9889839a9882.asy: 1.2: syntax error:  error: could not load module 'C:\Users\MARKEI~1\AppData\Local\Temp\asyprev_tvowmnov\r_9889839a9882.asy' 
96859717-8a71-4d9f-93a6-31b74e81b648	dd5781b27ce8	[asy] ^ C:\Users\MARKEI~1\AppData\Local\Temp\asyprev_tvowmnov\r_dd5781b27ce8.asy: 1.1: syntax error:  error: could not load module 'C:\Users\MARKEI~1\AppData\Local\Temp\asyprev_tvowmnov\r_dd5781b27ce8.asy' 
96c7ac1c-6b79-4a3e-a491-6c22ed0f291f	9029c8bed7e0	;[asy]  ^ C:\Users\MARKEI~1\AppData\Local\Temp\asyprev_tvowmnov\r_9029c8bed7e0.asy: 1.2: syntax error:  error: could not load module 'C:\Users\MARKEI~1\AppData\Local\Temp\asyprev_tvowmnov\r_9029c8bed7e0.asy' 
9895662f-9155-4964-9a78-a33586ac6b5f	df5d77bd6e1d	[asy] ^ C:\Users\MARKEI~1\AppData\Local\Temp\asyprev_tvowmnov\r_df5d77bd6e1d.asy: 1.1: syntax error:  error: could not load module 'C:\Users\MARKEI~1\AppData\Local\Temp\asyprev_tvowmnov\r_df5d77bd6e1d.asy' 
9930b09f-5675-415f-a2ec-8dce1929b8cd	b38f304272c7	;[asy]  ^ C:\Users\MARKEI~1\AppData\Local\Temp\asyprev_tvowmnov\r_b38f304272c7.asy: 1.2: syntax error:  error: could not load module 'C:\Users\MARKEI~1\AppData\Local\Temp\asyprev_tvowmnov\r_b38f304272c7.asy' 
99ce6bbd-c2fa-45df-a06b-216de90fc4d1	5ab5ad15b291	;[asy]  ^ C:\Users\MARKEI~1\AppData\Local\Temp\asyprev_tvowmnov\r_5ab5ad15b291.asy: 1.2: syntax error:  error: could not load module 'C:\Users\MARKEI~1\AppData\Local\Temp\asyprev_tvowmnov\r_5ab5ad15b291.asy' 
9a000f3d-f982-4712-83a1-859e4af44828	72e96ab3529c	[asy] ^ C:\Users\MARKEI~1\AppData\Local\Temp\asyprev_tvowmnov\r_72e96ab3529c.asy: 1.1: syntax error:  error: could not load module 'C:\Users\MARKEI~1\AppData\Local\Temp\asyprev_tvowmnov\r_72e96ab3529c.asy' 
9db503df-7865-4ebd-8ad5-0b5f178ae138	1d8d7262f5a8	[asy] ^ C:\Users\MARKEI~1\AppData\Local\Temp\asyprev_tvowmnov\r_1d8d7262f5a8.asy: 1.1: syntax error:  error: could not load module 'C:\Users\MARKEI~1\AppData\Local\Temp\asyprev_tvowmnov\r_1d8d7262f5a8.asy' 
9dfd3231-821d-4025-bd81-79e0a1a860a4	e04499a8b699	;[asy]  ^ C:\Users\MARKEI~1\AppData\Local\Temp\asyprev_tvowmnov\r_e04499a8b699.asy: 1.2: syntax error:  error: could not load module 'C:\Users\MARKEI~1\AppData\Local\Temp\asyprev_tvowmnov\r_e04499a8b699.asy' 
9e087ba1-c2f3-49f7-90cb-6773009d399b	1f9af4b5feec	;[asy]  ^ C:\Users\MARKEI~1\AppData\Local\Temp\asyprev_tvowmnov\r_1f9af4b5feec.asy: 1.2: syntax error:  error: could not load module 'C:\Users\MARKEI~1\AppData\Local\Temp\asyprev_tvowmnov\r_1f9af4b5feec.asy' 
9ec1d241-6fe4-4531-b81a-4227fa46a6b4	c04e1550aa8e	;[asy]  ^ C:\Users\MARKEI~1\AppData\Local\Temp\asyprev_tvowmnov\r_c04e1550aa8e.asy: 1.2: syntax error:  error: could not load module 'C:\Users\MARKEI~1\AppData\Local\Temp\asyprev_tvowmnov\r_c04e1550aa8e.asy' 
9f4f6e45-363e-4191-8856-f0d165e31c6a	849469562359	[asy] ^ C:\Users\MARKEI~1\AppData\Local\Temp\asyprev_tvowmnov\r_849469562359.asy: 1.1: syntax error:  error: could not load module 'C:\Users\MARKEI~1\AppData\Local\Temp\asyprev_tvowmnov\r_849469562359.asy' 
9fd7cf55-cf04-40b8-88e5-0828737887e2	65fff8d6ade4	;[asy]  ^ C:\Users\MARKEI~1\AppData\Local\Temp\asyprev_tvowmnov\r_65fff8d6ade4.asy: 1.2: syntax error:  error: could not load module 'C:\Users\MARKEI~1\AppData\Local\Temp\asyprev_tvowmnov\r_65fff8d6ade4.asy' 
a135a24d-3041-4608-b4e3-dedc31a27f68	ed3680a93232	;[asy]  ^ C:\Users\MARKEI~1\AppData\Local\Temp\asyprev_tvowmnov\r_ed3680a93232.asy: 1.2: syntax error:  error: could not load module 'C:\Users\MARKEI~1\AppData\Local\Temp\asyprev_tvowmnov\r_ed3680a93232.asy' 
a1b653b6-c178-420b-8312-6ce9ee42eae6	6669c7ddfebe	;[asy]  ^ C:\Users\MARKEI~1\AppData\Local\Temp\asyprev_tvowmnov\r_6669c7ddfebe.asy: 1.2: syntax error:  error: could not load module 'C:\Users\MARKEI~1\AppData\Local\Temp\asyprev_tvowmnov\r_6669c7ddfebe.asy' 
a1c3ef0f-0e9c-48e7-a578-d0ff115ad049	76fd8515cbfb	;[asy]  ^ C:\Users\MARKEI~1\AppData\Local\Temp\asyprev_tvowmnov\r_76fd8515cbfb.asy: 1.2: syntax error:  error: could not load module 'C:\Users\MARKEI~1\AppData\Local\Temp\asyprev_tvowmnov\r_76fd8515cbfb.asy' 
a249ebf5-0272-4b31-bc56-d758ea9632a0	06743c31fa65	[asy] ^ C:\Users\MARKEI~1\AppData\Local\Temp\asyprev_tvowmnov\r_06743c31fa65.asy: 1.1: syntax error:  error: could not load module 'C:\Users\MARKEI~1\AppData\Local\Temp\asyprev_tvowmnov\r_06743c31fa65.asy' 
a2505062-9c42-43a3-9735-82a1b8e3c91a	7a31092e5c33	[asy] ^ C:\Users\MARKEI~1\AppData\Local\Temp\asyprev_tvowmnov\r_7a31092e5c33.asy: 1.1: syntax error:  error: could not load module 'C:\Users\MARKEI~1\AppData\Local\Temp\asyprev_tvowmnov\r_7a31092e5c33.asy' 
a2e49f53-e4f2-4174-99a6-40832a4aa4b1	0b384a3be165	[asy] ^ C:\Users\MARKEI~1\AppData\Local\Temp\asyprev_tvowmnov\r_0b384a3be165.asy: 1.1: syntax error:  error: could not load module 'C:\Users\MARKEI~1\AppData\Local\Temp\asyprev_tvowmnov\r_0b384a3be165.asy' 
a3f1f4f4-a0cc-40e1-8b01-fbf19302200f	37b795c799a4	[asy] ^ C:\Users\MARKEI~1\AppData\Local\Temp\asyprev_tvowmnov\r_37b795c799a4.asy: 1.1: syntax error:  error: could not load module 'C:\Users\MARKEI~1\AppData\Local\Temp\asyprev_tvowmnov\r_37b795c799a4.asy' 
a4d64dfb-46d6-44f3-8654-dfb5972c79f7	0d52095630c2	;[asy]  ^ C:\Users\MARKEI~1\AppData\Local\Temp\asyprev_tvowmnov\r_0d52095630c2.asy: 1.2: syntax error:  error: could not load module 'C:\Users\MARKEI~1\AppData\Local\Temp\asyprev_tvowmnov\r_0d52095630c2.asy' 
a59d6186-332b-4123-a77b-c8cd06607d66	2f98517ecde6	;[asy]  ^ C:\Users\MARKEI~1\AppData\Local\Temp\asyprev_tvowmnov\r_2f98517ecde6.asy: 1.2: syntax error:  error: could not load module 'C:\Users\MARKEI~1\AppData\Local\Temp\asyprev_tvowmnov\r_2f98517ecde6.asy' 
a8375bee-2a61-42e6-8d1d-4809a57bd08a	ac5c2d7d6002	;[asy]  ^ C:\Users\MARKEI~1\AppData\Local\Temp\asyprev_tvowmnov\r_ac5c2d7d6002.asy: 1.2: syntax error:  error: could not load module 'C:\Users\MARKEI~1\AppData\Local\Temp\asyprev_tvowmnov\r_ac5c2d7d6002.asy' 
a84c356c-122d-4ab9-9f03-3f7b1fa2bca3	0e3b990c2190	;[asy]  ^ C:\Users\MARKEI~1\AppData\Local\Temp\asyprev_tvowmnov\r_0e3b990c2190.asy: 1.2: syntax error:  error: could not load module 'C:\Users\MARKEI~1\AppData\Local\Temp\asyprev_tvowmnov\r_0e3b990c2190.asy' 
a8d08e65-54a5-4def-ab14-e1bc16a4c0ea	ae27a28a0bf9	[asy] ^ C:\Users\MARKEI~1\AppData\Local\Temp\asyprev_tvowmnov\r_ae27a28a0bf9.asy: 1.1: syntax error:  error: could not load module 'C:\Users\MARKEI~1\AppData\Local\Temp\asyprev_tvowmnov\r_ae27a28a0bf9.asy' 
a93938c3-e4e0-42ba-95b1-b8db21d90fb4	ff53e898c0b2	[asy] ^ C:\Users\MARKEI~1\AppData\Local\Temp\asyprev_tvowmnov\r_ff53e898c0b2.asy: 1.1: syntax error:  error: could not load module 'C:\Users\MARKEI~1\AppData\Local\Temp\asyprev_tvowmnov\r_ff53e898c0b2.asy' 
a952149b-e382-47f3-a3da-51296ab0ee55	687f9a8ebac0	[asy] ^ C:\Users\MARKEI~1\AppData\Local\Temp\asyprev_tvowmnov\r_687f9a8ebac0.asy: 1.1: syntax error:  error: could not load module 'C:\Users\MARKEI~1\AppData\Local\Temp\asyprev_tvowmnov\r_687f9a8ebac0.asy' 
a95a5c80-eeab-412e-8530-c8b3a7fbabf7	187c847fede1	[asy] ^ C:\Users\MARKEI~1\AppData\Local\Temp\asyprev_tvowmnov\r_187c847fede1.asy: 1.1: syntax error:  error: could not load module 'C:\Users\MARKEI~1\AppData\Local\Temp\asyprev_tvowmnov\r_187c847fede1.asy' 
aae2fa2f-29e0-4883-af72-38ef953ca286	b68023d26609	[asy] ^ C:\Users\MARKEI~1\AppData\Local\Temp\asyprev_tvowmnov\r_b68023d26609.asy: 1.1: syntax error:  error: could not load module 'C:\Users\MARKEI~1\AppData\Local\Temp\asyprev_tvowmnov\r_b68023d26609.asy' 
ab122b07-84ce-4bd6-b962-611b9dbd77bd	fe264efafae8	;[asy]  ^ C:\Users\MARKEI~1\AppData\Local\Temp\asyprev_tvowmnov\r_fe264efafae8.asy: 1.2: syntax error:  error: could not load module 'C:\Users\MARKEI~1\AppData\Local\Temp\asyprev_tvowmnov\r_fe264efafae8.asy' 
ab4536c3-4802-42c5-9c83-f4bed4206762	14a089ff74ea	;[asy]  ^ C:\Users\MARKEI~1\AppData\Local\Temp\asyprev_tvowmnov\r_14a089ff74ea.asy: 1.2: syntax error:  error: could not load module 'C:\Users\MARKEI~1\AppData\Local\Temp\asyprev_tvowmnov\r_14a089ff74ea.asy' 
abbb2958-4737-4355-a4eb-22b177f0d072	ef81f4b3a330	;[asy]  ^ C:\Users\MARKEI~1\AppData\Local\Temp\asyprev_tvowmnov\r_ef81f4b3a330.asy: 1.2: syntax error:  error: could not load module 'C:\Users\MARKEI~1\AppData\Local\Temp\asyprev_tvowmnov\r_ef81f4b3a330.asy' 
abcd4d2c-e27e-40c8-85fd-97f75a062319	061f0cf28722	;[asy]  ^ C:\Users\MARKEI~1\AppData\Local\Temp\asyprev_tvowmnov\r_061f0cf28722.asy: 1.2: syntax error:  error: could not load module 'C:\Users\MARKEI~1\AppData\Local\Temp\asyprev_tvowmnov\r_061f0cf28722.asy' 
ac47ba05-979b-42bd-8748-4081d606e6ee	9e1e01fed4c1	;[asy]  ^ C:\Users\MARKEI~1\AppData\Local\Temp\asyprev_tvowmnov\r_9e1e01fed4c1.asy: 1.2: syntax error:  error: could not load module 'C:\Users\MARKEI~1\AppData\Local\Temp\asyprev_tvowmnov\r_9e1e01fed4c1.asy' 
ae0b136a-b962-4849-94c4-64ea96a15627	794355daa255	;[asy]  ^ C:\Users\MARKEI~1\AppData\Local\Temp\asyprev_tvowmnov\r_794355daa255.asy: 1.2: syntax error:  error: could not load module 'C:\Users\MARKEI~1\AppData\Local\Temp\asyprev_tvowmnov\r_794355daa255.asy' 
ae10f4c2-cfc8-4452-ab0c-9401163aba11	bdccc6fc3d5a	;[asy]  ^ C:\Users\MARKEI~1\AppData\Local\Temp\asyprev_tvowmnov\r_bdccc6fc3d5a.asy: 1.2: syntax error:  error: could not load module 'C:\Users\MARKEI~1\AppData\Local\Temp\asyprev_tvowmnov\r_bdccc6fc3d5a.asy' 
ad8c1c0d-ac83-4f8c-abd7-3923397e29b1	7f0ce40ce626	;[asy]  ^ C:\Users\MARKEI~1\AppData\Local\Temp\asyprev_tvowmnov\r_7f0ce40ce626.asy: 1.2: syntax error:  error: could not load module 'C:\Users\MARKEI~1\AppData\Local\Temp\asyprev_tvowmnov\r_7f0ce40ce626.asy' 
ae4d48c6-59ea-4917-a3ee-c4c201512d08	18720d6b8095	;[asy]  ^ C:\Users\MARKEI~1\AppData\Local\Temp\asyprev_tvowmnov\r_18720d6b8095.asy: 1.2: syntax error:  error: could not load module 'C:\Users\MARKEI~1\AppData\Local\Temp\asyprev_tvowmnov\r_18720d6b8095.asy' 
af718b60-9b92-4396-9b99-4fdd11593480	d182527e44d8	[asy] ^ C:\Users\MARKEI~1\AppData\Local\Temp\asyprev_tvowmnov\r_d182527e44d8.asy: 1.1: syntax error:  error: could not load module 'C:\Users\MARKEI~1\AppData\Local\Temp\asyprev_tvowmnov\r_d182527e44d8.asy' 
aefa01d0-2afa-4873-bc34-8f5c2555880f	729173b3c38e	[asy] ^ C:\Users\MARKEI~1\AppData\Local\Temp\asyprev_tvowmnov\r_729173b3c38e.asy: 1.1: syntax error:  error: could not load module 'C:\Users\MARKEI~1\AppData\Local\Temp\asyprev_tvowmnov\r_729173b3c38e.asy' 
b014c19d-c42a-4377-8110-5369f62d2404	d3f025c91d77	;[asy]  ^ C:\Users\MARKEI~1\AppData\Local\Temp\asyprev_tvowmnov\r_d3f025c91d77.asy: 1.2: syntax error:  error: could not load module 'C:\Users\MARKEI~1\AppData\Local\Temp\asyprev_tvowmnov\r_d3f025c91d77.asy' 
b099dca9-4104-4484-9a0f-b7de1ff89a49	74b8bb3e0453	[asy] ^ C:\Users\MARKEI~1\AppData\Local\Temp\asyprev_tvowmnov\r_74b8bb3e0453.asy: 1.1: syntax error:  error: could not load module 'C:\Users\MARKEI~1\AppData\Local\Temp\asyprev_tvowmnov\r_74b8bb3e0453.asy' 
b032dedc-6a29-4b4f-8d07-9bd1e64bb051	d29de2bb4dd0	;[asy]  ^ C:\Users\MARKEI~1\AppData\Local\Temp\asyprev_tvowmnov\r_d29de2bb4dd0.asy: 1.2: syntax error:  error: could not load module 'C:\Users\MARKEI~1\AppData\Local\Temp\asyprev_tvowmnov\r_d29de2bb4dd0.asy' 
b1ad8916-9ea1-4ac0-b281-697b56fdcdb6	c33eb61a63eb	;[asy]  ^ C:\Users\MARKEI~1\AppData\Local\Temp\asyprev_tvowmnov\r_c33eb61a63eb.asy: 1.2: syntax error:  error: could not load module 'C:\Users\MARKEI~1\AppData\Local\Temp\asyprev_tvowmnov\r_c33eb61a63eb.asy' 
b2eaee8c-c9ed-4635-893f-b876d14e60f0	66be153e7bc0	[asy] ^ C:\Users\MARKEI~1\AppData\Local\Temp\asyprev_tvowmnov\r_66be153e7bc0.asy: 1.1: syntax error:  error: could not load module 'C:\Users\MARKEI~1\AppData\Local\Temp\asyprev_tvowmnov\r_66be153e7bc0.asy' 
b3cd536a-70ea-4721-81c3-3f54b3207193	f3079d9daec8	;[asy]  ^ C:\Users\MARKEI~1\AppData\Local\Temp\asyprev_tvowmnov\r_f3079d9daec8.asy: 1.2: syntax error:  error: could not load module 'C:\Users\MARKEI~1\AppData\Local\Temp\asyprev_tvowmnov\r_f3079d9daec8.asy' 
b45297a5-cad2-4f7a-9953-97795ba2151e	8ad6bd675079	[asy] ^ C:\Users\MARKEI~1\AppData\Local\Temp\asyprev_tvowmnov\r_8ad6bd675079.asy: 1.1: syntax error:  error: could not load module 'C:\Users\MARKEI~1\AppData\Local\Temp\asyprev_tvowmnov\r_8ad6bd675079.asy' 
b46e7554-c9c6-4a6a-91e8-f803b8099016	3e231375734c	;[asy]  ^ C:\Users\MARKEI~1\AppData\Local\Temp\asyprev_tvowmnov\r_3e231375734c.asy: 1.2: syntax error:  error: could not load module 'C:\Users\MARKEI~1\AppData\Local\Temp\asyprev_tvowmnov\r_3e231375734c.asy' 
b57cc9b8-99b8-48ab-b7db-1dcb8e87de1f	3066d0a60363	[asy] ^ C:\Users\MARKEI~1\AppData\Local\Temp\asyprev_tvowmnov\r_3066d0a60363.asy: 1.1: syntax error:  error: could not load module 'C:\Users\MARKEI~1\AppData\Local\Temp\asyprev_tvowmnov\r_3066d0a60363.asy' 
b58f6021-4dd1-4762-89a2-ab9c78c82378	cfed57eea674	[asy] ^ C:\Users\MARKEI~1\AppData\Local\Temp\asyprev_tvowmnov\r_cfed57eea674.asy: 1.1: syntax error:  error: could not load module 'C:\Users\MARKEI~1\AppData\Local\Temp\asyprev_tvowmnov\r_cfed57eea674.asy' 
b5c2add7-3948-4b6c-bc63-66cbab344660	73c1c56008c0	[asy] ^ C:\Users\MARKEI~1\AppData\Local\Temp\asyprev_tvowmnov\r_73c1c56008c0.asy: 1.1: syntax error:  error: could not load module 'C:\Users\MARKEI~1\AppData\Local\Temp\asyprev_tvowmnov\r_73c1c56008c0.asy' 
b638c333-50bf-4317-87cc-f9b4e49c8df5	72ac8c10be3e	;[asy]  ^ C:\Users\MARKEI~1\AppData\Local\Temp\asyprev_tvowmnov\r_72ac8c10be3e.asy: 1.2: syntax error:  error: could not load module 'C:\Users\MARKEI~1\AppData\Local\Temp\asyprev_tvowmnov\r_72ac8c10be3e.asy' 
b6a845b2-fc94-472d-aff7-01f43b64b815	75f0374e007d	[asy] ^ C:\Users\MARKEI~1\AppData\Local\Temp\asyprev_tvowmnov\r_75f0374e007d.asy: 1.1: syntax error:  error: could not load module 'C:\Users\MARKEI~1\AppData\Local\Temp\asyprev_tvowmnov\r_75f0374e007d.asy' 
b762026a-3eaf-47f1-9960-d2222005de03	de067268146b	;[asy]  ^ C:\Users\MARKEI~1\AppData\Local\Temp\asyprev_tvowmnov\r_de067268146b.asy: 1.2: syntax error:  error: could not load module 'C:\Users\MARKEI~1\AppData\Local\Temp\asyprev_tvowmnov\r_de067268146b.asy' 
b905c799-5e96-46c7-985f-696ae07660d7	db1047ee5f09	;[asy]  ^ C:\Users\MARKEI~1\AppData\Local\Temp\asyprev_tvowmnov\r_db1047ee5f09.asy: 1.2: syntax error:  error: could not load module 'C:\Users\MARKEI~1\AppData\Local\Temp\asyprev_tvowmnov\r_db1047ee5f09.asy' 
b9ca61a2-dd35-48ed-b6b1-001616515dc1	984d9495a0cd	;[asy]  ^ C:\Users\MARKEI~1\AppData\Local\Temp\asyprev_tvowmnov\r_984d9495a0cd.asy: 1.2: syntax error:  error: could not load module 'C:\Users\MARKEI~1\AppData\Local\Temp\asyprev_tvowmnov\r_984d9495a0cd.asy' 
b9e466ef-bf56-42e9-8e1d-ffe4623190b8	1075cbea4597	;[asy]  ^ C:\Users\MARKEI~1\AppData\Local\Temp\asyprev_tvowmnov\r_1075cbea4597.asy: 1.2: syntax error:  error: could not load module 'C:\Users\MARKEI~1\AppData\Local\Temp\asyprev_tvowmnov\r_1075cbea4597.asy' 
b9e823e0-875c-468d-b094-87dc7f68212f	097467b83ecc	;[asy]  ^ C:\Users\MARKEI~1\AppData\Local\Temp\asyprev_tvowmnov\r_097467b83ecc.asy: 1.2: syntax error:  error: could not load module 'C:\Users\MARKEI~1\AppData\Local\Temp\asyprev_tvowmnov\r_097467b83ecc.asy' 
bd7fa331-e434-4f0f-8bf1-eb012c24b312	7a838c749e70	[asy] ^ C:\Users\MARKEI~1\AppData\Local\Temp\asyprev_tvowmnov\r_7a838c749e70.asy: 1.1: syntax error:  error: could not load module 'C:\Users\MARKEI~1\AppData\Local\Temp\asyprev_tvowmnov\r_7a838c749e70.asy' 
be1a5bc4-f25e-4f07-ade9-b3fe62764146	4e3a28fea6a7	;[asy]  ^ C:\Users\MARKEI~1\AppData\Local\Temp\asyprev_tvowmnov\r_4e3a28fea6a7.asy: 1.2: syntax error:  error: could not load module 'C:\Users\MARKEI~1\AppData\Local\Temp\asyprev_tvowmnov\r_4e3a28fea6a7.asy' 
be632dd4-9f17-49ad-b0e2-85e4fe56a4c5	5b2fb559d0d7	;[asy]  ^ C:\Users\MARKEI~1\AppData\Local\Temp\asyprev_tvowmnov\r_5b2fb559d0d7.asy: 1.2: syntax error:  error: could not load module 'C:\Users\MARKEI~1\AppData\Local\Temp\asyprev_tvowmnov\r_5b2fb559d0d7.asy' 
bf3f968a-430c-41b2-bcaf-3c1ebcbd5122	8a44d23f6621	;[asy]  ^ C:\Users\MARKEI~1\AppData\Local\Temp\asyprev_tvowmnov\r_8a44d23f6621.asy: 1.2: syntax error:  error: could not load module 'C:\Users\MARKEI~1\AppData\Local\Temp\asyprev_tvowmnov\r_8a44d23f6621.asy' 
c1fd78b3-0869-472e-ad5b-93dbe25d0d28	0b19317813ab	;[asy]  ^ C:\Users\MARKEI~1\AppData\Local\Temp\asyprev_tvowmnov\r_0b19317813ab.asy: 1.2: syntax error:  error: could not load module 'C:\Users\MARKEI~1\AppData\Local\Temp\asyprev_tvowmnov\r_0b19317813ab.asy' 
c24503c2-c1df-4c26-8977-e6db988f1e42	1ea159644e0e	;[asy]  ^ C:\Users\MARKEI~1\AppData\Local\Temp\asyprev_tvowmnov\r_1ea159644e0e.asy: 1.2: syntax error:  error: could not load module 'C:\Users\MARKEI~1\AppData\Local\Temp\asyprev_tvowmnov\r_1ea159644e0e.asy' 
c2569d2d-2bed-493f-baae-ab84ba8f16b9	58084a73f651	[asy] ^ C:\Users\MARKEI~1\AppData\Local\Temp\asyprev_tvowmnov\r_58084a73f651.asy: 1.1: syntax error:  error: could not load module 'C:\Users\MARKEI~1\AppData\Local\Temp\asyprev_tvowmnov\r_58084a73f651.asy' 
c2f705b2-6601-45b2-8860-24101fde9922	21b342c21f11	;[asy]  ^ C:\Users\MARKEI~1\AppData\Local\Temp\asyprev_tvowmnov\r_21b342c21f11.asy: 1.2: syntax error:  error: could not load module 'C:\Users\MARKEI~1\AppData\Local\Temp\asyprev_tvowmnov\r_21b342c21f11.asy' 
c479268c-7d41-410a-a3f4-38466bbe3a81	19a9bc2aed63	[asy] ^ C:\Users\MARKEI~1\AppData\Local\Temp\asyprev_tvowmnov\r_19a9bc2aed63.asy: 1.1: syntax error:  error: could not load module 'C:\Users\MARKEI~1\AppData\Local\Temp\asyprev_tvowmnov\r_19a9bc2aed63.asy' 
c4f4f4af-2ca4-4a8a-a966-24bfda56692c	31fc3f5fc450	;[asy]  ^ C:\Users\MARKEI~1\AppData\Local\Temp\asyprev_tvowmnov\r_31fc3f5fc450.asy: 1.2: syntax error:  error: could not load module 'C:\Users\MARKEI~1\AppData\Local\Temp\asyprev_tvowmnov\r_31fc3f5fc450.asy' 
c6e3c4ab-4330-4726-97df-8abf6ad7b341	d28383028f1f	;[asy]  ^ C:\Users\MARKEI~1\AppData\Local\Temp\asyprev_tvowmnov\r_d28383028f1f.asy: 1.2: syntax error:  error: could not load module 'C:\Users\MARKEI~1\AppData\Local\Temp\asyprev_tvowmnov\r_d28383028f1f.asy' 
c8b24f0a-5e76-4ca1-9ace-79141b918225	13ad839479fe	;[asy]  ^ C:\Users\MARKEI~1\AppData\Local\Temp\asyprev_tvowmnov\r_13ad839479fe.asy: 1.2: syntax error:  error: could not load module 'C:\Users\MARKEI~1\AppData\Local\Temp\asyprev_tvowmnov\r_13ad839479fe.asy' 
c8e1188b-1ba8-4a27-8f51-5f744a9976f7	593bff1f9c0f	[asy] ^ C:\Users\MARKEI~1\AppData\Local\Temp\asyprev_tvowmnov\r_593bff1f9c0f.asy: 1.1: syntax error:  error: could not load module 'C:\Users\MARKEI~1\AppData\Local\Temp\asyprev_tvowmnov\r_593bff1f9c0f.asy' 
c935d35d-e584-493b-a22c-03080e0b845e	5e203b62d22c	;[asy]  ^ C:\Users\MARKEI~1\AppData\Local\Temp\asyprev_tvowmnov\r_5e203b62d22c.asy: 1.2: syntax error:  error: could not load module 'C:\Users\MARKEI~1\AppData\Local\Temp\asyprev_tvowmnov\r_5e203b62d22c.asy' 
c9d38284-d76f-476c-b8d7-75f05ab1718d	b0e253a9ae2f	;[asy]  ^ C:\Users\MARKEI~1\AppData\Local\Temp\asyprev_tvowmnov\r_b0e253a9ae2f.asy: 1.2: syntax error:  error: could not load module 'C:\Users\MARKEI~1\AppData\Local\Temp\asyprev_tvowmnov\r_b0e253a9ae2f.asy' 
cb2af7ed-d0f1-4926-8f7c-954d5b0c27fc	418d31aad1a8	;[asy]  ^ C:\Users\MARKEI~1\AppData\Local\Temp\asyprev_tvowmnov\r_418d31aad1a8.asy: 1.2: syntax error:  error: could not load module 'C:\Users\MARKEI~1\AppData\Local\Temp\asyprev_tvowmnov\r_418d31aad1a8.asy' 
cb3322ea-70cf-436a-8bdb-6cf6a75f3935	f827d2d28d3a	;[asy]  ^ C:\Users\MARKEI~1\AppData\Local\Temp\asyprev_tvowmnov\r_f827d2d28d3a.asy: 1.2: syntax error:  error: could not load module 'C:\Users\MARKEI~1\AppData\Local\Temp\asyprev_tvowmnov\r_f827d2d28d3a.asy' 
cc79585b-9a7f-47b4-b99d-24e453f78ff3	d4ea23e2c9b3	;[asy]  ^ C:\Users\MARKEI~1\AppData\Local\Temp\asyprev_tvowmnov\r_d4ea23e2c9b3.asy: 1.2: syntax error:  error: could not load module 'C:\Users\MARKEI~1\AppData\Local\Temp\asyprev_tvowmnov\r_d4ea23e2c9b3.asy' 
cb39fdc1-fad3-45f0-a8c7-b5ea4ba7eab7	76279d36ea42	;[asy]  ^ C:\Users\MARKEI~1\AppData\Local\Temp\asyprev_tvowmnov\r_76279d36ea42.asy: 1.2: syntax error:  error: could not load module 'C:\Users\MARKEI~1\AppData\Local\Temp\asyprev_tvowmnov\r_76279d36ea42.asy' 
cfb39c6d-4d8d-4de5-b0ab-abdef8af0f38	9e16eda1c705	;[asy]  ^ C:\Users\MARKEI~1\AppData\Local\Temp\asyprev_tvowmnov\r_9e16eda1c705.asy: 1.2: syntax error:  error: could not load module 'C:\Users\MARKEI~1\AppData\Local\Temp\asyprev_tvowmnov\r_9e16eda1c705.asy' 
cf1c1587-2804-4d60-a932-a1d1a4915f30	219b8824b104	[asy] ^ C:\Users\MARKEI~1\AppData\Local\Temp\asyprev_tvowmnov\r_219b8824b104.asy: 1.1: syntax error:  error: could not load module 'C:\Users\MARKEI~1\AppData\Local\Temp\asyprev_tvowmnov\r_219b8824b104.asy' 
cfce73cc-37a8-4c34-9be9-807836363686	1fc0a6ffecf1	;[asy]  ^ C:\Users\MARKEI~1\AppData\Local\Temp\asyprev_tvowmnov\r_1fc0a6ffecf1.asy: 1.2: syntax error:  error: could not load module 'C:\Users\MARKEI~1\AppData\Local\Temp\asyprev_tvowmnov\r_1fc0a6ffecf1.asy' 
d0fd7b47-a094-4079-b9df-6b1e676e2578	3737c8004c57	[asy] ^ C:\Users\MARKEI~1\AppData\Local\Temp\asyprev_tvowmnov\r_3737c8004c57.asy: 1.1: syntax error:  error: could not load module 'C:\Users\MARKEI~1\AppData\Local\Temp\asyprev_tvowmnov\r_3737c8004c57.asy' 
d23801d5-24ca-4176-a44d-648da11ca231	b9356963518f	;[asy]  ^ C:\Users\MARKEI~1\AppData\Local\Temp\asyprev_tvowmnov\r_b9356963518f.asy: 1.2: syntax error:  error: could not load module 'C:\Users\MARKEI~1\AppData\Local\Temp\asyprev_tvowmnov\r_b9356963518f.asy' 
d256a8c4-2e34-422d-901b-740299550a88	00a37fddd31a	;[asy]  ^ C:\Users\MARKEI~1\AppData\Local\Temp\asyprev_tvowmnov\r_00a37fddd31a.asy: 1.2: syntax error:  error: could not load module 'C:\Users\MARKEI~1\AppData\Local\Temp\asyprev_tvowmnov\r_00a37fddd31a.asy' 
d2844834-5728-4c0c-9712-626d0822895f	48787d7c31c6	;[asy]  ^ C:\Users\MARKEI~1\AppData\Local\Temp\asyprev_tvowmnov\r_48787d7c31c6.asy: 1.2: syntax error:  error: could not load module 'C:\Users\MARKEI~1\AppData\Local\Temp\asyprev_tvowmnov\r_48787d7c31c6.asy' 
d4f587aa-f7b6-4b85-8b18-81a7055abe7c	f1d461b2d6af	;[asy]  ^ C:\Users\MARKEI~1\AppData\Local\Temp\asyprev_tvowmnov\r_f1d461b2d6af.asy: 1.2: syntax error:  error: could not load module 'C:\Users\MARKEI~1\AppData\Local\Temp\asyprev_tvowmnov\r_f1d461b2d6af.asy' 
d4f8224d-fccc-4059-8125-da1eaeff39a0	9550e4b55fbb	;[asy]  ^ C:\Users\MARKEI~1\AppData\Local\Temp\asyprev_tvowmnov\r_9550e4b55fbb.asy: 1.2: syntax error:  error: could not load module 'C:\Users\MARKEI~1\AppData\Local\Temp\asyprev_tvowmnov\r_9550e4b55fbb.asy' 
d4feb30c-9d9d-476a-8b7d-b3fa00db8d27	a7dd9e5a0d25	[asy] ^ C:\Users\MARKEI~1\AppData\Local\Temp\asyprev_tvowmnov\r_a7dd9e5a0d25.asy: 1.1: syntax error:  error: could not load module 'C:\Users\MARKEI~1\AppData\Local\Temp\asyprev_tvowmnov\r_a7dd9e5a0d25.asy' 
d5562472-6fae-4c4d-aa4d-28f886a39a81	c1e89e59f8a1	;[asy]  ^ C:\Users\MARKEI~1\AppData\Local\Temp\asyprev_tvowmnov\r_c1e89e59f8a1.asy: 1.2: syntax error:  error: could not load module 'C:\Users\MARKEI~1\AppData\Local\Temp\asyprev_tvowmnov\r_c1e89e59f8a1.asy' 
d6da0819-fd0d-4649-b959-78dfb3435614	7b354adab612	;[asy]  ^ C:\Users\MARKEI~1\AppData\Local\Temp\asyprev_tvowmnov\r_7b354adab612.asy: 1.2: syntax error:  error: could not load module 'C:\Users\MARKEI~1\AppData\Local\Temp\asyprev_tvowmnov\r_7b354adab612.asy' 
d9551c3c-9eca-45cb-85d9-e13e178f2ec6	f3d787d19228	[asy] ^ C:\Users\MARKEI~1\AppData\Local\Temp\asyprev_tvowmnov\r_f3d787d19228.asy: 1.1: syntax error:  error: could not load module 'C:\Users\MARKEI~1\AppData\Local\Temp\asyprev_tvowmnov\r_f3d787d19228.asy' 
d7bd51e1-bea8-42b1-a99a-d162ce962c7a	dbe57376cc9c	;[asy]  ^ C:\Users\MARKEI~1\AppData\Local\Temp\asyprev_tvowmnov\r_dbe57376cc9c.asy: 1.2: syntax error:  error: could not load module 'C:\Users\MARKEI~1\AppData\Local\Temp\asyprev_tvowmnov\r_dbe57376cc9c.asy' 
dbb00567-4f30-47b2-89fd-985d36a292c7	28a9e59a9904	;[asy]  ^ C:\Users\MARKEI~1\AppData\Local\Temp\asyprev_tvowmnov\r_28a9e59a9904.asy: 1.2: syntax error:  error: could not load module 'C:\Users\MARKEI~1\AppData\Local\Temp\asyprev_tvowmnov\r_28a9e59a9904.asy' 
dbd62b2a-7c42-4319-9e2c-dc8e490008dd	f485d6838d69	[asy] ^ C:\Users\MARKEI~1\AppData\Local\Temp\asyprev_tvowmnov\r_f485d6838d69.asy: 1.1: syntax error:  error: could not load module 'C:\Users\MARKEI~1\AppData\Local\Temp\asyprev_tvowmnov\r_f485d6838d69.asy' 
dd26547d-96fb-4318-a342-ab4287c9d0fc	38b6ac11972a	;[asy]  ^ C:\Users\MARKEI~1\AppData\Local\Temp\asyprev_tvowmnov\r_38b6ac11972a.asy: 1.2: syntax error:  error: could not load module 'C:\Users\MARKEI~1\AppData\Local\Temp\asyprev_tvowmnov\r_38b6ac11972a.asy' 
dee9ad8c-0721-4bcf-8942-3c49abd2f388	d352495a6fb6	[asy] ^ C:\Users\MARKEI~1\AppData\Local\Temp\asyprev_tvowmnov\r_d352495a6fb6.asy: 1.1: syntax error:  error: could not load module 'C:\Users\MARKEI~1\AppData\Local\Temp\asyprev_tvowmnov\r_d352495a6fb6.asy' 
dfc1a3e4-7551-443b-b4b0-da56bdd7287f	fca80c2517c2	[asy] ^ C:\Users\MARKEI~1\AppData\Local\Temp\asyprev_tvowmnov\r_fca80c2517c2.asy: 1.1: syntax error:  error: could not load module 'C:\Users\MARKEI~1\AppData\Local\Temp\asyprev_tvowmnov\r_fca80c2517c2.asy' 
e492739d-86cb-41f7-913e-3901af6b022d	dd2e10a1eca6	[asy] ^ C:\Users\MARKEI~1\AppData\Local\Temp\asyprev_tvowmnov\r_dd2e10a1eca6.asy: 1.1: syntax error:  error: could not load module 'C:\Users\MARKEI~1\AppData\Local\Temp\asyprev_tvowmnov\r_dd2e10a1eca6.asy' 
e5bb1f32-4169-4684-b2cc-1c4a30002875	ffc77620089b	[asy] ^ C:\Users\MARKEI~1\AppData\Local\Temp\asyprev_tvowmnov\r_ffc77620089b.asy: 1.1: syntax error:  error: could not load module 'C:\Users\MARKEI~1\AppData\Local\Temp\asyprev_tvowmnov\r_ffc77620089b.asy' 
e5333ce0-59ad-4cdd-82e4-5cc94a3f91dd	4f8c8769f16f	;[asy]  ^ C:\Users\MARKEI~1\AppData\Local\Temp\asyprev_tvowmnov\r_4f8c8769f16f.asy: 1.2: syntax error:  error: could not load module 'C:\Users\MARKEI~1\AppData\Local\Temp\asyprev_tvowmnov\r_4f8c8769f16f.asy' 
e66ca084-22df-43a3-b924-8925134c4978	f4a0d4bb0625	;[asy]  ^ C:\Users\MARKEI~1\AppData\Local\Temp\asyprev_tvowmnov\r_f4a0d4bb0625.asy: 1.2: syntax error:  error: could not load module 'C:\Users\MARKEI~1\AppData\Local\Temp\asyprev_tvowmnov\r_f4a0d4bb0625.asy' 
e739d89f-d5a0-469a-9a8c-4cdb2dacb6bf	c4f13e76a6fb	;[asy]  ^ C:\Users\MARKEI~1\AppData\Local\Temp\asyprev_tvowmnov\r_c4f13e76a6fb.asy: 1.2: syntax error:  error: could not load module 'C:\Users\MARKEI~1\AppData\Local\Temp\asyprev_tvowmnov\r_c4f13e76a6fb.asy' 
e72ec721-38c2-4ef2-b073-92dc25a63f6a	d4ce0d070396	;[asy]  ^ C:\Users\MARKEI~1\AppData\Local\Temp\asyprev_tvowmnov\r_d4ce0d070396.asy: 1.2: syntax error:  error: could not load module 'C:\Users\MARKEI~1\AppData\Local\Temp\asyprev_tvowmnov\r_d4ce0d070396.asy' 
e7fbf8ce-4c3f-4d6a-9360-739ffb8b6584	7b03d5a74787	;[asy]  ^ C:\Users\MARKEI~1\AppData\Local\Temp\asyprev_tvowmnov\r_7b03d5a74787.asy: 1.2: syntax error:  error: could not load module 'C:\Users\MARKEI~1\AppData\Local\Temp\asyprev_tvowmnov\r_7b03d5a74787.asy' 
e82f3fec-ce4c-4378-ae74-e2cf91551657	64e99ad3cb57	[asy] ^ C:\Users\MARKEI~1\AppData\Local\Temp\asyprev_tvowmnov\r_64e99ad3cb57.asy: 1.1: syntax error:  error: could not load module 'C:\Users\MARKEI~1\AppData\Local\Temp\asyprev_tvowmnov\r_64e99ad3cb57.asy' 
e80facb2-8e37-4921-848a-8b671b9ce550	3af5f893d3bc	;[asy]  ^ C:\Users\MARKEI~1\AppData\Local\Temp\asyprev_tvowmnov\r_3af5f893d3bc.asy: 1.2: syntax error:  error: could not load module 'C:\Users\MARKEI~1\AppData\Local\Temp\asyprev_tvowmnov\r_3af5f893d3bc.asy' 
e8eac81f-d196-42be-b697-a6ca684120eb	9c6ec2b43a13	[asy] ^ C:\Users\MARKEI~1\AppData\Local\Temp\asyprev_tvowmnov\r_9c6ec2b43a13.asy: 1.1: syntax error:  error: could not load module 'C:\Users\MARKEI~1\AppData\Local\Temp\asyprev_tvowmnov\r_9c6ec2b43a13.asy' 
ea7d2a7f-8b60-4902-b8c7-3823c3008437	678588979eb1	;[asy]  ^ C:\Users\MARKEI~1\AppData\Local\Temp\asyprev_tvowmnov\r_678588979eb1.asy: 1.2: syntax error:  error: could not load module 'C:\Users\MARKEI~1\AppData\Local\Temp\asyprev_tvowmnov\r_678588979eb1.asy' 
e92ad091-1ca0-4ea7-b3cb-87837b422ed5	14925b60fb59	;[asy]  ^ C:\Users\MARKEI~1\AppData\Local\Temp\asyprev_tvowmnov\r_14925b60fb59.asy: 1.2: syntax error:  error: could not load module 'C:\Users\MARKEI~1\AppData\Local\Temp\asyprev_tvowmnov\r_14925b60fb59.asy' 
eb6cea21-898e-4021-8f20-05245f1c1eca	35b5b91404b3	[asy] ^ C:\Users\MARKEI~1\AppData\Local\Temp\asyprev_tvowmnov\r_35b5b91404b3.asy: 1.1: syntax error:  error: could not load module 'C:\Users\MARKEI~1\AppData\Local\Temp\asyprev_tvowmnov\r_35b5b91404b3.asy' 
ec3112bd-5b7c-4f2b-8a25-388ad23c8bf7	2c44bc31b924	;[asy]  ^ C:\Users\MARKEI~1\AppData\Local\Temp\asyprev_tvowmnov\r_2c44bc31b924.asy: 1.2: syntax error:  error: could not load module 'C:\Users\MARKEI~1\AppData\Local\Temp\asyprev_tvowmnov\r_2c44bc31b924.asy' 
ecd9d557-ef11-4b0b-9ea3-955fa2f8faca	663ff33233e4	;[asy]  ^ C:\Users\MARKEI~1\AppData\Local\Temp\asyprev_tvowmnov\r_663ff33233e4.asy: 1.2: syntax error:  error: could not load module 'C:\Users\MARKEI~1\AppData\Local\Temp\asyprev_tvowmnov\r_663ff33233e4.asy' 
ef63abb8-de53-4623-bff3-714d1a53faf1	ab631fcfc008	;[asy]  ^ C:\Users\MARKEI~1\AppData\Local\Temp\asyprev_tvowmnov\r_ab631fcfc008.asy: 1.2: syntax error:  error: could not load module 'C:\Users\MARKEI~1\AppData\Local\Temp\asyprev_tvowmnov\r_ab631fcfc008.asy' 
ef8ff295-1c5a-4daf-a6bb-fc529d51d7ec	539711e8d41e	[asy] ^ C:\Users\MARKEI~1\AppData\Local\Temp\asyprev_tvowmnov\r_539711e8d41e.asy: 1.1: syntax error:  error: could not load module 'C:\Users\MARKEI~1\AppData\Local\Temp\asyprev_tvowmnov\r_539711e8d41e.asy' 
f0fc0d63-f425-4b23-bc31-a35ef86551a4	0563311c6580	;[asy]  ^ C:\Users\MARKEI~1\AppData\Local\Temp\asyprev_tvowmnov\r_0563311c6580.asy: 1.2: syntax error:  error: could not load module 'C:\Users\MARKEI~1\AppData\Local\Temp\asyprev_tvowmnov\r_0563311c6580.asy' 
f17b4b08-664f-4a4a-a785-7fbeebce450a	88ef7634f222	;[asy]  ^ C:\Users\MARKEI~1\AppData\Local\Temp\asyprev_tvowmnov\r_88ef7634f222.asy: 1.2: syntax error:  error: could not load module 'C:\Users\MARKEI~1\AppData\Local\Temp\asyprev_tvowmnov\r_88ef7634f222.asy' 
f1c4eb19-5218-47c1-9af8-5f86cbbc11c9	03e3c543e8ac	[asy] ^ C:\Users\MARKEI~1\AppData\Local\Temp\asyprev_tvowmnov\r_03e3c543e8ac.asy: 1.1: syntax error:  error: could not load module 'C:\Users\MARKEI~1\AppData\Local\Temp\asyprev_tvowmnov\r_03e3c543e8ac.asy' 
f324606a-8a1a-4073-a5ec-1d228924e6f0	88eabc5257c5	;[asy]  ^ C:\Users\MARKEI~1\AppData\Local\Temp\asyprev_tvowmnov\r_88eabc5257c5.asy: 1.2: syntax error:  error: could not load module 'C:\Users\MARKEI~1\AppData\Local\Temp\asyprev_tvowmnov\r_88eabc5257c5.asy' 
f4f03e5e-56c4-4352-a130-2cbdfc926a62	0157d32b4af2	;[asy]  ^ C:\Users\MARKEI~1\AppData\Local\Temp\asyprev_tvowmnov\r_0157d32b4af2.asy: 1.2: syntax error:  error: could not load module 'C:\Users\MARKEI~1\AppData\Local\Temp\asyprev_tvowmnov\r_0157d32b4af2.asy' 
f46abd98-38e8-4bb6-b434-f80353df68c1	d6faa4f2c2b3	)* rotate(angle,coil(left))* graph( coil , left , right ) ;                                                                                                                                ^ C:\Users\MARKEI~1\AppData\Local\Temp\asyprev_tvowmnov\r_d6faa4f2c2b3.asy: 15.128: no matching variable 'graph' 
f7cd5464-4653-4f99-b5fb-3ce5907e753e	9d1a66c2949a	;[asy]  ^ C:\Users\MARKEI~1\AppData\Local\Temp\asyprev_tvowmnov\r_9d1a66c2949a.asy: 1.2: syntax error:  error: could not load module 'C:\Users\MARKEI~1\AppData\Local\Temp\asyprev_tvowmnov\r_9d1a66c2949a.asy' 
f66c1c41-430f-4978-a3f0-a0ad27e8ad60	6d33566eb95d	[asy] ^ C:\Users\MARKEI~1\AppData\Local\Temp\asyprev_tvowmnov\r_6d33566eb95d.asy: 1.1: syntax error:  error: could not load module 'C:\Users\MARKEI~1\AppData\Local\Temp\asyprev_tvowmnov\r_6d33566eb95d.asy' 
f90d50c1-7be0-4ef4-9e60-6599281b1403	e3103d9f909d	[asy] ^ C:\Users\MARKEI~1\AppData\Local\Temp\asyprev_tvowmnov\r_e3103d9f909d.asy: 1.1: syntax error:  error: could not load module 'C:\Users\MARKEI~1\AppData\Local\Temp\asyprev_tvowmnov\r_e3103d9f909d.asy' 
fa3fd142-e612-4c87-9ef0-887f863dd03f	28f84212aec9	[asy] ^ C:\Users\MARKEI~1\AppData\Local\Temp\asyprev_tvowmnov\r_28f84212aec9.asy: 1.1: syntax error:  error: could not load module 'C:\Users\MARKEI~1\AppData\Local\Temp\asyprev_tvowmnov\r_28f84212aec9.asy' 
faae07f8-8dc3-443e-b6e3-82d14f4eecf3	f76702ab160b	[asy] ^ C:\Users\MARKEI~1\AppData\Local\Temp\asyprev_tvowmnov\r_f76702ab160b.asy: 1.1: syntax error:  error: could not load module 'C:\Users\MARKEI~1\AppData\Local\Temp\asyprev_tvowmnov\r_f76702ab160b.asy' 
fb2fec54-692a-47e5-9897-c2dfdcd0c924	c4e62f10fa17	;[asy]  ^ C:\Users\MARKEI~1\AppData\Local\Temp\asyprev_tvowmnov\r_c4e62f10fa17.asy: 1.2: syntax error:  error: could not load module 'C:\Users\MARKEI~1\AppData\Local\Temp\asyprev_tvowmnov\r_c4e62f10fa17.asy' 
fb565e36-22b5-415c-8854-7658cd48d8c3	1849d3d949d5	;[asy]  ^ C:\Users\MARKEI~1\AppData\Local\Temp\asyprev_tvowmnov\r_1849d3d949d5.asy: 1.2: syntax error:  error: could not load module 'C:\Users\MARKEI~1\AppData\Local\Temp\asyprev_tvowmnov\r_1849d3d949d5.asy' 
fc81de9d-dc05-45b9-8fbd-d277c11cc09b	fba4dd9d8b14	[asy] ^ C:\Users\MARKEI~1\AppData\Local\Temp\asyprev_tvowmnov\r_fba4dd9d8b14.asy: 1.1: syntax error:  error: could not load module 'C:\Users\MARKEI~1\AppData\Local\Temp\asyprev_tvowmnov\r_fba4dd9d8b14.asy' 
fca71a55-0e8c-46e2-a277-52f549d16e50	7a43c8183410	;[asy]  ^ C:\Users\MARKEI~1\AppData\Local\Temp\asyprev_tvowmnov\r_7a43c8183410.asy: 1.2: syntax error:  error: could not load module 'C:\Users\MARKEI~1\AppData\Local\Temp\asyprev_tvowmnov\r_7a43c8183410.asy' 
fd5038d5-c54b-48c7-9027-3f77fa6aa11d	0ece72b6a82e	;[asy]  ^ C:\Users\MARKEI~1\AppData\Local\Temp\asyprev_tvowmnov\r_0ece72b6a82e.asy: 1.2: syntax error:  error: could not load module 'C:\Users\MARKEI~1\AppData\Local\Temp\asyprev_tvowmnov\r_0ece72b6a82e.asy' 
ff5d5804-5ace-432a-b762-3627ba1eacee	dee4723af35a	;[asy]  ^ C:\Users\MARKEI~1\AppData\Local\Temp\asyprev_tvowmnov\r_dee4723af35a.asy: 1.2: syntax error:  error: could not load module 'C:\Users\MARKEI~1\AppData\Local\Temp\asyprev_tvowmnov\r_dee4723af35a.asy' 
fd6c00a2-9a9d-408b-8deb-681249e6275e	a82011be83c0	;[asy]  ^ C:\Users\MARKEI~1\AppData\Local\Temp\asyprev_tvowmnov\r_a82011be83c0.asy: 1.2: syntax error:  error: could not load module 'C:\Users\MARKEI~1\AppData\Local\Temp\asyprev_tvowmnov\r_a82011be83c0.asy' 
0181a06f-1d22-4c21-93d8-60c918e83396	a67ad0dd5f2f	[asy] ^ C:\Users\MARKEI~1\AppData\Local\Temp\asyprev_tvowmnov\r_a67ad0dd5f2f.asy: 1.1: syntax error:  error: could not load module 'C:\Users\MARKEI~1\AppData\Local\Temp\asyprev_tvowmnov\r_a67ad0dd5f2f.asy' 
018d4fff-229b-4cd5-ae81-22b54435f2e0	24856152c867	;[asy]  ^ C:\Users\MARKEI~1\AppData\Local\Temp\asyprev_tvowmnov\r_24856152c867.asy: 1.2: syntax error:  error: could not load module 'C:\Users\MARKEI~1\AppData\Local\Temp\asyprev_tvowmnov\r_24856152c867.asy' 
02700eec-5f7e-4923-bb0a-a59d1b2ef045	713b24347cf7	;[asy]  ^ C:\Users\MARKEI~1\AppData\Local\Temp\asyprev_tvowmnov\r_713b24347cf7.asy: 1.2: syntax error:  error: could not load module 'C:\Users\MARKEI~1\AppData\Local\Temp\asyprev_tvowmnov\r_713b24347cf7.asy' 
0671d708-71bf-4887-bb5c-297ab9636328	e521adf81cf3	[asy] ^ C:\Users\MARKEI~1\AppData\Local\Temp\asyprev_tvowmnov\r_e521adf81cf3.asy: 1.1: syntax error:  error: could not load module 'C:\Users\MARKEI~1\AppData\Local\Temp\asyprev_tvowmnov\r_e521adf81cf3.asy' 
0799ebc2-bd2b-418e-a86e-c27caae39117	21d2a13989f8	;[asy]  ^ C:\Users\MARKEI~1\AppData\Local\Temp\asyprev_tvowmnov\r_21d2a13989f8.asy: 1.2: syntax error:  error: could not load module 'C:\Users\MARKEI~1\AppData\Local\Temp\asyprev_tvowmnov\r_21d2a13989f8.asy' 
07c358e8-b612-490e-a2cf-538aef499bb3	854ff09dc534	;[asy]  ^ C:\Users\MARKEI~1\AppData\Local\Temp\asyprev_tvowmnov\r_854ff09dc534.asy: 1.2: syntax error:  error: could not load module 'C:\Users\MARKEI~1\AppData\Local\Temp\asyprev_tvowmnov\r_854ff09dc534.asy' 
07cd1360-6057-49a1-bc6f-0a1191b01efe	9b050631776e	;[asy]  ^ C:\Users\MARKEI~1\AppData\Local\Temp\asyprev_tvowmnov\r_9b050631776e.asy: 1.2: syntax error:  error: could not load module 'C:\Users\MARKEI~1\AppData\Local\Temp\asyprev_tvowmnov\r_9b050631776e.asy' 
09a64ca0-e883-4ab0-b60b-d2357b4c2d1c	1d669e7138bc	;[asy]  ^ C:\Users\MARKEI~1\AppData\Local\Temp\asyprev_tvowmnov\r_1d669e7138bc.asy: 1.2: syntax error:  error: could not load module 'C:\Users\MARKEI~1\AppData\Local\Temp\asyprev_tvowmnov\r_1d669e7138bc.asy' 
0a37b104-da80-4670-a12c-6c570b11fda2	3a1e6c2cbe5c	;[asy]  ^ C:\Users\MARKEI~1\AppData\Local\Temp\asyprev_tvowmnov\r_3a1e6c2cbe5c.asy: 1.2: syntax error:  error: could not load module 'C:\Users\MARKEI~1\AppData\Local\Temp\asyprev_tvowmnov\r_3a1e6c2cbe5c.asy' 
0ab2541c-8b9d-494d-84ce-0fae938dfcd9	28141fa39dcf	[asy] ^ C:\Users\MARKEI~1\AppData\Local\Temp\asyprev_tvowmnov\r_28141fa39dcf.asy: 1.1: syntax error:  error: could not load module 'C:\Users\MARKEI~1\AppData\Local\Temp\asyprev_tvowmnov\r_28141fa39dcf.asy' 
0b50443d-9268-46d1-acb8-2a1152098a75	28db4cb7ec62	;[asy]  ^ C:\Users\MARKEI~1\AppData\Local\Temp\asyprev_tvowmnov\r_28db4cb7ec62.asy: 1.2: syntax error:  error: could not load module 'C:\Users\MARKEI~1\AppData\Local\Temp\asyprev_tvowmnov\r_28db4cb7ec62.asy' 
0dbf231e-6bec-4ed5-b756-3da4cd5f9fa3	d583b154367d	;[asy]  ^ C:\Users\MARKEI~1\AppData\Local\Temp\asyprev_tvowmnov\r_d583b154367d.asy: 1.2: syntax error:  error: could not load module 'C:\Users\MARKEI~1\AppData\Local\Temp\asyprev_tvowmnov\r_d583b154367d.asy' 
0f73d6f2-4488-4a78-9b67-6b089e0b6cb4	cce7445ddff0	;[asy]  ^ C:\Users\MARKEI~1\AppData\Local\Temp\asyprev_tvowmnov\r_cce7445ddff0.asy: 1.2: syntax error:  error: could not load module 'C:\Users\MARKEI~1\AppData\Local\Temp\asyprev_tvowmnov\r_cce7445ddff0.asy' 
0fe2b12b-9574-45de-b0f1-bbcc71fd80c9	cfdb0b54e1a4	;[asy]  ^ C:\Users\MARKEI~1\AppData\Local\Temp\asyprev_tvowmnov\r_cfdb0b54e1a4.asy: 1.2: syntax error:  error: could not load module 'C:\Users\MARKEI~1\AppData\Local\Temp\asyprev_tvowmnov\r_cfdb0b54e1a4.asy' 
1077dce0-2d03-49d1-871a-d5dd679d2b75	c95698dfa735	;[asy]  ^ C:\Users\MARKEI~1\AppData\Local\Temp\asyprev_tvowmnov\r_c95698dfa735.asy: 1.2: syntax error:  error: could not load module 'C:\Users\MARKEI~1\AppData\Local\Temp\asyprev_tvowmnov\r_c95698dfa735.asy' 
10056212-c048-47ac-b76f-8d5c51b1a9b5	d35c03573045	;[asy]  ^ C:\Users\MARKEI~1\AppData\Local\Temp\asyprev_tvowmnov\r_d35c03573045.asy: 1.2: syntax error:  error: could not load module 'C:\Users\MARKEI~1\AppData\Local\Temp\asyprev_tvowmnov\r_d35c03573045.asy' 
132c344b-fa09-4deb-a661-8db32b3d0f54	14cd8fe57c37	;[asy]  ^ C:\Users\MARKEI~1\AppData\Local\Temp\asyprev_tvowmnov\r_14cd8fe57c37.asy: 1.2: syntax error:  error: could not load module 'C:\Users\MARKEI~1\AppData\Local\Temp\asyprev_tvowmnov\r_14cd8fe57c37.asy' 
1266c5ad-9087-4651-ba70-e8fe50a63cc8	22bdfc1e9c39	;[asy]  ^ C:\Users\MARKEI~1\AppData\Local\Temp\asyprev_tvowmnov\r_22bdfc1e9c39.asy: 1.2: syntax error:  error: could not load module 'C:\Users\MARKEI~1\AppData\Local\Temp\asyprev_tvowmnov\r_22bdfc1e9c39.asy' 
13a4f61b-294f-4d57-8ba7-a9c7fa3f6730	462062dc8130	;[asy]  ^ C:\Users\MARKEI~1\AppData\Local\Temp\asyprev_tvowmnov\r_462062dc8130.asy: 1.2: syntax error:  error: could not load module 'C:\Users\MARKEI~1\AppData\Local\Temp\asyprev_tvowmnov\r_462062dc8130.asy' 
132fc6d3-9583-493d-adae-ae3a260e87b5	c5a4a0ff1b3d	[asy] ^ C:\Users\MARKEI~1\AppData\Local\Temp\asyprev_tvowmnov\r_c5a4a0ff1b3d.asy: 1.1: syntax error:  error: could not load module 'C:\Users\MARKEI~1\AppData\Local\Temp\asyprev_tvowmnov\r_c5a4a0ff1b3d.asy' 
13e34b4f-7be9-4a1d-bcab-2fde7bb95241	0935675a372f	[asy] ^ C:\Users\MARKEI~1\AppData\Local\Temp\asyprev_tvowmnov\r_0935675a372f.asy: 1.1: syntax error:  error: could not load module 'C:\Users\MARKEI~1\AppData\Local\Temp\asyprev_tvowmnov\r_0935675a372f.asy' 
15ee22d1-bbb7-48f9-8ed1-73c610e03a70	a8827183a5c3	[asy] ^ C:\Users\MARKEI~1\AppData\Local\Temp\asyprev_tvowmnov\r_a8827183a5c3.asy: 1.1: syntax error:  error: could not load module 'C:\Users\MARKEI~1\AppData\Local\Temp\asyprev_tvowmnov\r_a8827183a5c3.asy' 
17169626-7232-45f2-bfec-f644ed256b7c	56ed2314b4ca	[asy] ^ C:\Users\MARKEI~1\AppData\Local\Temp\asyprev_tvowmnov\r_56ed2314b4ca.asy: 1.1: syntax error:  error: could not load module 'C:\Users\MARKEI~1\AppData\Local\Temp\asyprev_tvowmnov\r_56ed2314b4ca.asy' 
179d1cbf-86eb-4064-b885-781760c55063	b4513bbcff9f	;[asy]  ^ C:\Users\MARKEI~1\AppData\Local\Temp\asyprev_tvowmnov\r_b4513bbcff9f.asy: 1.2: syntax error:  error: could not load module 'C:\Users\MARKEI~1\AppData\Local\Temp\asyprev_tvowmnov\r_b4513bbcff9f.asy' 
1912f69d-27ec-4f1a-80e4-0a61e24c4c41	8ec92474caf1	[asy] ^ C:\Users\MARKEI~1\AppData\Local\Temp\asyprev_tvowmnov\r_8ec92474caf1.asy: 1.1: syntax error:  error: could not load module 'C:\Users\MARKEI~1\AppData\Local\Temp\asyprev_tvowmnov\r_8ec92474caf1.asy' 
16fc9b44-e6e9-48f5-836f-e578c0e64faf	0b1faee56fe4	[asy] ^ C:\Users\MARKEI~1\AppData\Local\Temp\asyprev_tvowmnov\r_0b1faee56fe4.asy: 1.1: syntax error:  error: could not load module 'C:\Users\MARKEI~1\AppData\Local\Temp\asyprev_tvowmnov\r_0b1faee56fe4.asy' 
1ab55494-a125-491b-93a6-244fb46fff1b	391b1e21c075	;[asy]  ^ C:\Users\MARKEI~1\AppData\Local\Temp\asyprev_tvowmnov\r_391b1e21c075.asy: 1.2: syntax error:  error: could not load module 'C:\Users\MARKEI~1\AppData\Local\Temp\asyprev_tvowmnov\r_391b1e21c075.asy' 
1b363638-b8d6-4c44-a037-1298c480e028	65765daec36c	;[asy]  ^ C:\Users\MARKEI~1\AppData\Local\Temp\asyprev_tvowmnov\r_65765daec36c.asy: 1.2: syntax error:  error: could not load module 'C:\Users\MARKEI~1\AppData\Local\Temp\asyprev_tvowmnov\r_65765daec36c.asy' 
1a7f22f8-5b77-422d-ae23-3fc534dc136f	ebd5f98fe0b2	;[asy]  ^ C:\Users\MARKEI~1\AppData\Local\Temp\asyprev_tvowmnov\r_ebd5f98fe0b2.asy: 1.2: syntax error:  error: could not load module 'C:\Users\MARKEI~1\AppData\Local\Temp\asyprev_tvowmnov\r_ebd5f98fe0b2.asy' 
1c6401e3-c25c-4c90-9ee6-120601ad8e30	976de01d7ee9	[asy] ^ C:\Users\MARKEI~1\AppData\Local\Temp\asyprev_tvowmnov\r_976de01d7ee9.asy: 1.1: syntax error:  error: could not load module 'C:\Users\MARKEI~1\AppData\Local\Temp\asyprev_tvowmnov\r_976de01d7ee9.asy' 
25681cee-2ba9-4dbb-98bb-0910432d659c	3896426ddcf9	;[asy]  ^ C:\Users\MARKEI~1\AppData\Local\Temp\asyprev_tvowmnov\r_3896426ddcf9.asy: 1.2: syntax error:  error: could not load module 'C:\Users\MARKEI~1\AppData\Local\Temp\asyprev_tvowmnov\r_3896426ddcf9.asy' 
203b7735-840e-4ef4-b88a-8a39d64b82f1	4b20d2a75082	;[asy]  ^ C:\Users\MARKEI~1\AppData\Local\Temp\asyprev_tvowmnov\r_4b20d2a75082.asy: 1.2: syntax error:  error: could not load module 'C:\Users\MARKEI~1\AppData\Local\Temp\asyprev_tvowmnov\r_4b20d2a75082.asy' 
202faba8-ba37-4f99-a675-d8ce45355e8b	046792a9f5d2	;[asy]  ^ C:\Users\MARKEI~1\AppData\Local\Temp\asyprev_tvowmnov\r_046792a9f5d2.asy: 1.2: syntax error:  error: could not load module 'C:\Users\MARKEI~1\AppData\Local\Temp\asyprev_tvowmnov\r_046792a9f5d2.asy' 
25ccf964-ab73-4bcc-b2d1-dddf593e8367	71d6793c4249	;[asy]  ^ C:\Users\MARKEI~1\AppData\Local\Temp\asyprev_tvowmnov\r_71d6793c4249.asy: 1.2: syntax error:  error: could not load module 'C:\Users\MARKEI~1\AppData\Local\Temp\asyprev_tvowmnov\r_71d6793c4249.asy' 
26fc4816-555a-4645-9cd3-b2af76e2f2bf	a744dc70f3b1	;[asy]  ^ C:\Users\MARKEI~1\AppData\Local\Temp\asyprev_tvowmnov\r_a744dc70f3b1.asy: 1.2: syntax error:  error: could not load module 'C:\Users\MARKEI~1\AppData\Local\Temp\asyprev_tvowmnov\r_a744dc70f3b1.asy' 
27220cb8-6999-4b54-a382-78dd1765a624	a0d00e853229	;[asy]  ^ C:\Users\MARKEI~1\AppData\Local\Temp\asyprev_tvowmnov\r_a0d00e853229.asy: 1.2: syntax error:  error: could not load module 'C:\Users\MARKEI~1\AppData\Local\Temp\asyprev_tvowmnov\r_a0d00e853229.asy' 
286ef42a-1a9c-4299-8570-e097c5ae11d5	37812c36fcac	;[asy]  ^ C:\Users\MARKEI~1\AppData\Local\Temp\asyprev_tvowmnov\r_37812c36fcac.asy: 1.2: syntax error:  error: could not load module 'C:\Users\MARKEI~1\AppData\Local\Temp\asyprev_tvowmnov\r_37812c36fcac.asy' 
2970da38-6953-4a72-a31d-614b645ac1ba	76279cab0b27	;[asy]  ^ C:\Users\MARKEI~1\AppData\Local\Temp\asyprev_tvowmnov\r_76279cab0b27.asy: 1.2: syntax error:  error: could not load module 'C:\Users\MARKEI~1\AppData\Local\Temp\asyprev_tvowmnov\r_76279cab0b27.asy' 
29d06839-52d5-4276-b7a5-920682011021	534a63985337	;[asy]  ^ C:\Users\MARKEI~1\AppData\Local\Temp\asyprev_tvowmnov\r_534a63985337.asy: 1.2: syntax error:  error: could not load module 'C:\Users\MARKEI~1\AppData\Local\Temp\asyprev_tvowmnov\r_534a63985337.asy' 
2baa4437-3240-4dfd-95e7-b44cbb7e5571	7d3e03d68d6a	;[asy]  ^ C:\Users\MARKEI~1\AppData\Local\Temp\asyprev_tvowmnov\r_7d3e03d68d6a.asy: 1.2: syntax error:  error: could not load module 'C:\Users\MARKEI~1\AppData\Local\Temp\asyprev_tvowmnov\r_7d3e03d68d6a.asy' 
2ac47a0d-a744-4243-a5e2-63c431269fd9	b9cdb09c7b8f	[asy] ^ C:\Users\MARKEI~1\AppData\Local\Temp\asyprev_tvowmnov\r_b9cdb09c7b8f.asy: 1.1: syntax error:  error: could not load module 'C:\Users\MARKEI~1\AppData\Local\Temp\asyprev_tvowmnov\r_b9cdb09c7b8f.asy' 
2c80da74-a881-4d96-ad48-8bff7e8e643c	45014b7e65dd	;[asy]  ^ C:\Users\MARKEI~1\AppData\Local\Temp\asyprev_tvowmnov\r_45014b7e65dd.asy: 1.2: syntax error:  error: could not load module 'C:\Users\MARKEI~1\AppData\Local\Temp\asyprev_tvowmnov\r_45014b7e65dd.asy' 
2dd596d6-42cf-49da-9978-58720a6f413b	392666627b99	;[asy]  ^ C:\Users\MARKEI~1\AppData\Local\Temp\asyprev_tvowmnov\r_392666627b99.asy: 1.2: syntax error:  error: could not load module 'C:\Users\MARKEI~1\AppData\Local\Temp\asyprev_tvowmnov\r_392666627b99.asy' 
2dbc1d87-2799-4a58-8a1a-0f3e50062fbf	13e826011f7e	;[asy]  ^ C:\Users\MARKEI~1\AppData\Local\Temp\asyprev_tvowmnov\r_13e826011f7e.asy: 1.2: syntax error:  error: could not load module 'C:\Users\MARKEI~1\AppData\Local\Temp\asyprev_tvowmnov\r_13e826011f7e.asy' 
311b770c-87e3-40fc-a121-c5574bd7b4d8	27e7f036bd3c	[asy] ^ C:\Users\MARKEI~1\AppData\Local\Temp\asyprev_tvowmnov\r_27e7f036bd3c.asy: 1.1: syntax error:  error: could not load module 'C:\Users\MARKEI~1\AppData\Local\Temp\asyprev_tvowmnov\r_27e7f036bd3c.asy' 
2ec7d966-af7f-4375-95e6-6d620391726b	7aba54ca1399	;[asy]  ^ C:\Users\MARKEI~1\AppData\Local\Temp\asyprev_tvowmnov\r_7aba54ca1399.asy: 1.2: syntax error:  error: could not load module 'C:\Users\MARKEI~1\AppData\Local\Temp\asyprev_tvowmnov\r_7aba54ca1399.asy' 
3125df2e-c1b9-480c-83f4-1345433d8ca9	13fd472c73c8	[asy] ^ C:\Users\MARKEI~1\AppData\Local\Temp\asyprev_tvowmnov\r_13fd472c73c8.asy: 1.1: syntax error:  error: could not load module 'C:\Users\MARKEI~1\AppData\Local\Temp\asyprev_tvowmnov\r_13fd472c73c8.asy' 
331d989b-72fe-4353-a0d9-2ef18e8e4298	4885f2edeb1d	;[asy]  ^ C:\Users\MARKEI~1\AppData\Local\Temp\asyprev_tvowmnov\r_4885f2edeb1d.asy: 1.2: syntax error:  error: could not load module 'C:\Users\MARKEI~1\AppData\Local\Temp\asyprev_tvowmnov\r_4885f2edeb1d.asy' 
36166f59-30c4-40d5-a031-ca3531d733ea	f6dde6bac5cf	;[asy]  ^ C:\Users\MARKEI~1\AppData\Local\Temp\asyprev_tvowmnov\r_f6dde6bac5cf.asy: 1.2: syntax error:  error: could not load module 'C:\Users\MARKEI~1\AppData\Local\Temp\asyprev_tvowmnov\r_f6dde6bac5cf.asy' 
36cfacf1-b361-4a8c-9acb-b59c3b470c81	b2c4b93f1be0	;[asy]  ^ C:\Users\MARKEI~1\AppData\Local\Temp\asyprev_tvowmnov\r_b2c4b93f1be0.asy: 1.2: syntax error:  error: could not load module 'C:\Users\MARKEI~1\AppData\Local\Temp\asyprev_tvowmnov\r_b2c4b93f1be0.asy' 
360f6498-8858-4422-affe-8169e872eaa6	f46d7be3fe11	;[asy]  ^ C:\Users\MARKEI~1\AppData\Local\Temp\asyprev_tvowmnov\r_f46d7be3fe11.asy: 1.2: syntax error:  error: could not load module 'C:\Users\MARKEI~1\AppData\Local\Temp\asyprev_tvowmnov\r_f46d7be3fe11.asy' 
3718f194-773f-40be-829b-3b9ae1a1ce75	2ac473f27089	;[asy]  ^ C:\Users\MARKEI~1\AppData\Local\Temp\asyprev_tvowmnov\r_2ac473f27089.asy: 1.2: syntax error:  error: could not load module 'C:\Users\MARKEI~1\AppData\Local\Temp\asyprev_tvowmnov\r_2ac473f27089.asy' 
36d1dbb2-1aac-47c4-9135-a5aff6de2af4	73396a96a592	[asy] ^ C:\Users\MARKEI~1\AppData\Local\Temp\asyprev_tvowmnov\r_73396a96a592.asy: 1.1: syntax error:  error: could not load module 'C:\Users\MARKEI~1\AppData\Local\Temp\asyprev_tvowmnov\r_73396a96a592.asy' 
384e667b-3f2a-4206-bd4e-66544bac6013	8976a90ad5e4	;[asy]  ^ C:\Users\MARKEI~1\AppData\Local\Temp\asyprev_tvowmnov\r_8976a90ad5e4.asy: 1.2: syntax error:  error: could not load module 'C:\Users\MARKEI~1\AppData\Local\Temp\asyprev_tvowmnov\r_8976a90ad5e4.asy' 
38d83b86-1cf2-437c-bfe7-dd04199375f1	e0e57cb80571	;[asy]  ^ C:\Users\MARKEI~1\AppData\Local\Temp\asyprev_tvowmnov\r_e0e57cb80571.asy: 1.2: syntax error:  error: could not load module 'C:\Users\MARKEI~1\AppData\Local\Temp\asyprev_tvowmnov\r_e0e57cb80571.asy' 
38ef2f07-1b29-47de-a20d-8bb339ef9017	cc12c6ba00d9	;[asy]  ^ C:\Users\MARKEI~1\AppData\Local\Temp\asyprev_tvowmnov\r_cc12c6ba00d9.asy: 1.2: syntax error:  error: could not load module 'C:\Users\MARKEI~1\AppData\Local\Temp\asyprev_tvowmnov\r_cc12c6ba00d9.asy' 
3a2ab549-afc8-4c1c-9748-e9e37aa54881	4840b9133e69	;[asy]  ^ C:\Users\MARKEI~1\AppData\Local\Temp\asyprev_tvowmnov\r_4840b9133e69.asy: 1.2: syntax error:  error: could not load module 'C:\Users\MARKEI~1\AppData\Local\Temp\asyprev_tvowmnov\r_4840b9133e69.asy' 
3aae2d70-111c-445c-89ae-e3a804d36b3b	c3dc75952d2b	[asy] ^ C:\Users\MARKEI~1\AppData\Local\Temp\asyprev_tvowmnov\r_c3dc75952d2b.asy: 1.1: syntax error:  error: could not load module 'C:\Users\MARKEI~1\AppData\Local\Temp\asyprev_tvowmnov\r_c3dc75952d2b.asy' 
3c87305b-6e50-403d-a8c8-db2a00e0cbd0	5230045d1754	[asy] ^ C:\Users\MARKEI~1\AppData\Local\Temp\asyprev_tvowmnov\r_5230045d1754.asy: 1.1: syntax error:  error: could not load module 'C:\Users\MARKEI~1\AppData\Local\Temp\asyprev_tvowmnov\r_5230045d1754.asy' 
3f2002c7-5f6e-4a9d-84a6-32be972a7292	a37262a1bb54	[asy] ^ C:\Users\MARKEI~1\AppData\Local\Temp\asyprev_tvowmnov\r_a37262a1bb54.asy: 1.1: syntax error:  error: could not load module 'C:\Users\MARKEI~1\AppData\Local\Temp\asyprev_tvowmnov\r_a37262a1bb54.asy' 
3de4906d-907c-4726-bbfd-c5923718d2ab	758d3c80a061	;[asy]  ^ C:\Users\MARKEI~1\AppData\Local\Temp\asyprev_tvowmnov\r_758d3c80a061.asy: 1.2: syntax error:  error: could not load module 'C:\Users\MARKEI~1\AppData\Local\Temp\asyprev_tvowmnov\r_758d3c80a061.asy' 
41587484-7f50-4a55-b566-4f95f9f16e10	e0cd5ed41606	;[asy]  ^ C:\Users\MARKEI~1\AppData\Local\Temp\asyprev_tvowmnov\r_e0cd5ed41606.asy: 1.2: syntax error:  error: could not load module 'C:\Users\MARKEI~1\AppData\Local\Temp\asyprev_tvowmnov\r_e0cd5ed41606.asy' 
40f87858-1a6f-4c47-9acf-302c2ecf9550	539c3ab0dda9	[asy] ^ C:\Users\MARKEI~1\AppData\Local\Temp\asyprev_tvowmnov\r_539c3ab0dda9.asy: 1.1: syntax error:  error: could not load module 'C:\Users\MARKEI~1\AppData\Local\Temp\asyprev_tvowmnov\r_539c3ab0dda9.asy' 
3f4e2a78-a233-41f3-96b5-b421db2a345b	182c76a7ae7a	;[asy]  ^ C:\Users\MARKEI~1\AppData\Local\Temp\asyprev_tvowmnov\r_182c76a7ae7a.asy: 1.2: syntax error:  error: could not load module 'C:\Users\MARKEI~1\AppData\Local\Temp\asyprev_tvowmnov\r_182c76a7ae7a.asy' 
42aef955-2307-4d8e-934a-778f9243db0b	0a7ba3487eec	;[asy]  ^ C:\Users\MARKEI~1\AppData\Local\Temp\asyprev_tvowmnov\r_0a7ba3487eec.asy: 1.2: syntax error:  error: could not load module 'C:\Users\MARKEI~1\AppData\Local\Temp\asyprev_tvowmnov\r_0a7ba3487eec.asy' 
43c564fa-d499-4ba8-b284-9550da4c9ca7	83357f52fe7d	[asy] ^ C:\Users\MARKEI~1\AppData\Local\Temp\asyprev_tvowmnov\r_83357f52fe7d.asy: 1.1: syntax error:  error: could not load module 'C:\Users\MARKEI~1\AppData\Local\Temp\asyprev_tvowmnov\r_83357f52fe7d.asy' 
4305a7e3-8421-44f1-bead-e05b50138452	50c55e8fff7b	;[asy]  ^ C:\Users\MARKEI~1\AppData\Local\Temp\asyprev_tvowmnov\r_50c55e8fff7b.asy: 1.2: syntax error:  error: could not load module 'C:\Users\MARKEI~1\AppData\Local\Temp\asyprev_tvowmnov\r_50c55e8fff7b.asy' 
4648c3af-d7cb-47de-a63b-31b4639f9966	cc3b22d70c43	[asy] ^ C:\Users\MARKEI~1\AppData\Local\Temp\asyprev_tvowmnov\r_cc3b22d70c43.asy: 1.1: syntax error:  error: could not load module 'C:\Users\MARKEI~1\AppData\Local\Temp\asyprev_tvowmnov\r_cc3b22d70c43.asy' 
452bb45f-9c85-4b83-96f3-13071dd5d07c	19fd7e9ee111	;[asy]  ^ C:\Users\MARKEI~1\AppData\Local\Temp\asyprev_tvowmnov\r_19fd7e9ee111.asy: 1.2: syntax error:  error: could not load module 'C:\Users\MARKEI~1\AppData\Local\Temp\asyprev_tvowmnov\r_19fd7e9ee111.asy' 
477a5304-f741-49ef-8d6b-0ea9bbb867c7	eccd3f376b26	[asy] ^ C:\Users\MARKEI~1\AppData\Local\Temp\asyprev_tvowmnov\r_eccd3f376b26.asy: 1.1: syntax error:  error: could not load module 'C:\Users\MARKEI~1\AppData\Local\Temp\asyprev_tvowmnov\r_eccd3f376b26.asy' 
4e48b9bc-8307-49f8-bc8f-bffa954df5b7	2189df2c503e	[asy] ^ C:\Users\MARKEI~1\AppData\Local\Temp\asyprev_tvowmnov\r_2189df2c503e.asy: 1.1: syntax error:  error: could not load module 'C:\Users\MARKEI~1\AppData\Local\Temp\asyprev_tvowmnov\r_2189df2c503e.asy' 
4e62a653-c167-4915-8e12-a3977d754719	34b3f32d4048	;[asy]  ^ C:\Users\MARKEI~1\AppData\Local\Temp\asyprev_tvowmnov\r_34b3f32d4048.asy: 1.2: syntax error:  error: could not load module 'C:\Users\MARKEI~1\AppData\Local\Temp\asyprev_tvowmnov\r_34b3f32d4048.asy' 
527a160c-3bfb-4c90-b15a-33508c092d10	4525bca1c9b9	[asy] ^ C:\Users\MARKEI~1\AppData\Local\Temp\asyprev_tvowmnov\r_4525bca1c9b9.asy: 1.1: syntax error:  error: could not load module 'C:\Users\MARKEI~1\AppData\Local\Temp\asyprev_tvowmnov\r_4525bca1c9b9.asy' 
536bd157-aaa2-41e1-9250-15b0c66e3cba	a5879d5700a0	;[asy]  ^ C:\Users\MARKEI~1\AppData\Local\Temp\asyprev_tvowmnov\r_a5879d5700a0.asy: 1.2: syntax error:  error: could not load module 'C:\Users\MARKEI~1\AppData\Local\Temp\asyprev_tvowmnov\r_a5879d5700a0.asy' 
5397626b-54e3-4050-8c59-199de79156e6	d8c74b9996f5	[asy] ^ C:\Users\MARKEI~1\AppData\Local\Temp\asyprev_tvowmnov\r_d8c74b9996f5.asy: 1.1: syntax error:  error: could not load module 'C:\Users\MARKEI~1\AppData\Local\Temp\asyprev_tvowmnov\r_d8c74b9996f5.asy' 
5576440d-7a2d-4f25-b84a-b6fe5ad4e96f	c5cb17f39ae0	[asy] ^ C:\Users\MARKEI~1\AppData\Local\Temp\asyprev_tvowmnov\r_c5cb17f39ae0.asy: 1.1: syntax error:  error: could not load module 'C:\Users\MARKEI~1\AppData\Local\Temp\asyprev_tvowmnov\r_c5cb17f39ae0.asy' 
56aa7ff1-d6a1-4d29-8fd4-0e4164255889	ce01506afe8b	;[asy]  ^ C:\Users\MARKEI~1\AppData\Local\Temp\asyprev_tvowmnov\r_ce01506afe8b.asy: 1.2: syntax error:  error: could not load module 'C:\Users\MARKEI~1\AppData\Local\Temp\asyprev_tvowmnov\r_ce01506afe8b.asy' 
57b16d39-64d0-4fab-ad26-feb969b1823a	14f13058147b	;[asy]  ^ C:\Users\MARKEI~1\AppData\Local\Temp\asyprev_tvowmnov\r_14f13058147b.asy: 1.2: syntax error:  error: could not load module 'C:\Users\MARKEI~1\AppData\Local\Temp\asyprev_tvowmnov\r_14f13058147b.asy' 
58591ca0-2c05-46ea-83c4-17acf2abef2e	82f0e5704426	;[asy]  ^ C:\Users\MARKEI~1\AppData\Local\Temp\asyprev_tvowmnov\r_82f0e5704426.asy: 1.2: syntax error:  error: could not load module 'C:\Users\MARKEI~1\AppData\Local\Temp\asyprev_tvowmnov\r_82f0e5704426.asy' 
598db0fd-0d9b-4dd2-9fe6-662db7d4d6bb	eedeedbaccb2	;[asy]  ^ C:\Users\MARKEI~1\AppData\Local\Temp\asyprev_tvowmnov\r_eedeedbaccb2.asy: 1.2: syntax error:  error: could not load module 'C:\Users\MARKEI~1\AppData\Local\Temp\asyprev_tvowmnov\r_eedeedbaccb2.asy' 
5a43fcf4-3d59-44bc-8d74-d6b58814bdfa	918f248f1738	;[asy]  ^ C:\Users\MARKEI~1\AppData\Local\Temp\asyprev_tvowmnov\r_918f248f1738.asy: 1.2: syntax error:  error: could not load module 'C:\Users\MARKEI~1\AppData\Local\Temp\asyprev_tvowmnov\r_918f248f1738.asy' 
5bc39bdc-a8da-49ac-a8d6-82cbc95f7072	4f9efb126ced	;[asy]  ^ C:\Users\MARKEI~1\AppData\Local\Temp\asyprev_tvowmnov\r_4f9efb126ced.asy: 1.2: syntax error:  error: could not load module 'C:\Users\MARKEI~1\AppData\Local\Temp\asyprev_tvowmnov\r_4f9efb126ced.asy' 
5ce2b4ed-e09e-4ce1-8b54-318e9a07ab09	33396121c1c8	;[asy]  ^ C:\Users\MARKEI~1\AppData\Local\Temp\asyprev_tvowmnov\r_33396121c1c8.asy: 1.2: syntax error:  error: could not load module 'C:\Users\MARKEI~1\AppData\Local\Temp\asyprev_tvowmnov\r_33396121c1c8.asy' 
5f5f3590-bd58-4652-8d82-cd96e5c4b79d	18c8bea8203d	[asy] ^ C:\Users\MARKEI~1\AppData\Local\Temp\asyprev_tvowmnov\r_18c8bea8203d.asy: 1.1: syntax error:  error: could not load module 'C:\Users\MARKEI~1\AppData\Local\Temp\asyprev_tvowmnov\r_18c8bea8203d.asy' 
60cb037f-1e49-462d-9366-eea917fcf7c3	f086bba8d63a	;[asy]  ^ C:\Users\MARKEI~1\AppData\Local\Temp\asyprev_tvowmnov\r_f086bba8d63a.asy: 1.2: syntax error:  error: could not load module 'C:\Users\MARKEI~1\AppData\Local\Temp\asyprev_tvowmnov\r_f086bba8d63a.asy' 
60fea3de-8488-45bc-bb0c-0e8a0cef0bc7	94410aaf2267	[asy] ^ C:\Users\MARKEI~1\AppData\Local\Temp\asyprev_tvowmnov\r_94410aaf2267.asy: 1.1: syntax error:  error: could not load module 'C:\Users\MARKEI~1\AppData\Local\Temp\asyprev_tvowmnov\r_94410aaf2267.asy' 
639ce160-10ca-475d-8e28-a220b32eb46a	658635025bef	[asy] ^ C:\Users\MARKEI~1\AppData\Local\Temp\asyprev_tvowmnov\r_658635025bef.asy: 1.1: syntax error:  error: could not load module 'C:\Users\MARKEI~1\AppData\Local\Temp\asyprev_tvowmnov\r_658635025bef.asy' 
6494409f-02a6-404c-8414-fb912c7d8ab2	1b67f9ecb88d	;[asy]  ^ C:\Users\MARKEI~1\AppData\Local\Temp\asyprev_tvowmnov\r_1b67f9ecb88d.asy: 1.2: syntax error:  error: could not load module 'C:\Users\MARKEI~1\AppData\Local\Temp\asyprev_tvowmnov\r_1b67f9ecb88d.asy' 
662a6b80-3764-43d0-871d-7df9a7ba3485	a0d121ae310c	;[asy]  ^ C:\Users\MARKEI~1\AppData\Local\Temp\asyprev_tvowmnov\r_a0d121ae310c.asy: 1.2: syntax error:  error: could not load module 'C:\Users\MARKEI~1\AppData\Local\Temp\asyprev_tvowmnov\r_a0d121ae310c.asy' 
681e822e-04a1-4b08-8bba-e1b7beba55bd	27edefb7a0fa	[asy] ^ C:\Users\MARKEI~1\AppData\Local\Temp\asyprev_tvowmnov\r_27edefb7a0fa.asy: 1.1: syntax error:  error: could not load module 'C:\Users\MARKEI~1\AppData\Local\Temp\asyprev_tvowmnov\r_27edefb7a0fa.asy' 
74850e34-1a54-46f2-90be-c1a5ccacc4e8	e9bf6096c519	[asy] ^ C:\Users\MARKEI~1\AppData\Local\Temp\asyprev_tvowmnov\r_e9bf6096c519.asy: 1.1: syntax error:  error: could not load module 'C:\Users\MARKEI~1\AppData\Local\Temp\asyprev_tvowmnov\r_e9bf6096c519.asy' 
6f7d937b-b775-4bb8-9594-de57b87177ab	5831f7d73074	;[asy]  ^ C:\Users\MARKEI~1\AppData\Local\Temp\asyprev_tvowmnov\r_5831f7d73074.asy: 1.2: syntax error:  error: could not load module 'C:\Users\MARKEI~1\AppData\Local\Temp\asyprev_tvowmnov\r_5831f7d73074.asy' 
75869144-5b9d-44e4-98cc-6fea9bf80ccb	5c932afa0a4f	[asy] ^ C:\Users\MARKEI~1\AppData\Local\Temp\asyprev_tvowmnov\r_5c932afa0a4f.asy: 1.1: syntax error:  error: could not load module 'C:\Users\MARKEI~1\AppData\Local\Temp\asyprev_tvowmnov\r_5c932afa0a4f.asy' 
6dda416a-f1ba-4d17-b716-fb8f2b92f66e	2b81e8c8d25c	;[asy]  ^ C:\Users\MARKEI~1\AppData\Local\Temp\asyprev_tvowmnov\r_2b81e8c8d25c.asy: 1.2: syntax error:  error: could not load module 'C:\Users\MARKEI~1\AppData\Local\Temp\asyprev_tvowmnov\r_2b81e8c8d25c.asy' 
760838e6-0d3d-4d68-89ed-9c9679605c2b	9d996ec6d7c5	;[asy]  ^ C:\Users\MARKEI~1\AppData\Local\Temp\asyprev_tvowmnov\r_9d996ec6d7c5.asy: 1.2: syntax error:  error: could not load module 'C:\Users\MARKEI~1\AppData\Local\Temp\asyprev_tvowmnov\r_9d996ec6d7c5.asy' 
7a2f6a15-7104-4734-9498-0ba0dcefaf96	fe073755e426	[asy] ^ C:\Users\MARKEI~1\AppData\Local\Temp\asyprev_tvowmnov\r_fe073755e426.asy: 1.1: syntax error:  error: could not load module 'C:\Users\MARKEI~1\AppData\Local\Temp\asyprev_tvowmnov\r_fe073755e426.asy' 
76f36fd7-121e-474f-abfd-3c8479898803	7fb0181ca68b	[asy] ^ C:\Users\MARKEI~1\AppData\Local\Temp\asyprev_tvowmnov\r_7fb0181ca68b.asy: 1.1: syntax error:  error: could not load module 'C:\Users\MARKEI~1\AppData\Local\Temp\asyprev_tvowmnov\r_7fb0181ca68b.asy' 
7aa686fe-fb2a-4caf-a2ed-0a1379ff95a6	1e7a77dd101c	;[asy]  ^ C:\Users\MARKEI~1\AppData\Local\Temp\asyprev_tvowmnov\r_1e7a77dd101c.asy: 1.2: syntax error:  error: could not load module 'C:\Users\MARKEI~1\AppData\Local\Temp\asyprev_tvowmnov\r_1e7a77dd101c.asy' 
7ae64acc-7087-44eb-8fa1-c93fa20bbfd0	caceaaf163fe	[asy] ^ C:\Users\MARKEI~1\AppData\Local\Temp\asyprev_tvowmnov\r_caceaaf163fe.asy: 1.1: syntax error:  error: could not load module 'C:\Users\MARKEI~1\AppData\Local\Temp\asyprev_tvowmnov\r_caceaaf163fe.asy' 
7aeb821a-21c4-48de-9b4f-d2dcefde72aa	e50439b138c3	[asy] ^ C:\Users\MARKEI~1\AppData\Local\Temp\asyprev_tvowmnov\r_e50439b138c3.asy: 1.1: syntax error:  error: could not load module 'C:\Users\MARKEI~1\AppData\Local\Temp\asyprev_tvowmnov\r_e50439b138c3.asy' 
7b61b9f7-e4a2-46ae-8cc9-3c77e305d57c	f933288167c5	;[asy]  ^ C:\Users\MARKEI~1\AppData\Local\Temp\asyprev_tvowmnov\r_f933288167c5.asy: 1.2: syntax error:  error: could not load module 'C:\Users\MARKEI~1\AppData\Local\Temp\asyprev_tvowmnov\r_f933288167c5.asy' 
7c059c74-ead0-46a8-b3e8-b39d1818cf09	f8a3eeb100d7	;[asy]  ^ C:\Users\MARKEI~1\AppData\Local\Temp\asyprev_tvowmnov\r_f8a3eeb100d7.asy: 1.2: syntax error:  error: could not load module 'C:\Users\MARKEI~1\AppData\Local\Temp\asyprev_tvowmnov\r_f8a3eeb100d7.asy' 
7d0ee136-4cbc-4650-9c8c-d130666548e8	a6dbe01b0d26	[asy] ^ C:\Users\MARKEI~1\AppData\Local\Temp\asyprev_tvowmnov\r_a6dbe01b0d26.asy: 1.1: syntax error:  error: could not load module 'C:\Users\MARKEI~1\AppData\Local\Temp\asyprev_tvowmnov\r_a6dbe01b0d26.asy' 
7d9c0893-75d2-4a05-ab4d-d01be46de23b	a32caf366d86	;[asy]  ^ C:\Users\MARKEI~1\AppData\Local\Temp\asyprev_tvowmnov\r_a32caf366d86.asy: 1.2: syntax error:  error: could not load module 'C:\Users\MARKEI~1\AppData\Local\Temp\asyprev_tvowmnov\r_a32caf366d86.asy' 
7e66bf52-0cd6-4d65-ae7a-be50c5ac2483	25c20f2aa957	;[asy]  ^ C:\Users\MARKEI~1\AppData\Local\Temp\asyprev_tvowmnov\r_25c20f2aa957.asy: 1.2: syntax error:  error: could not load module 'C:\Users\MARKEI~1\AppData\Local\Temp\asyprev_tvowmnov\r_25c20f2aa957.asy' 
7fc79c9c-d08b-49db-b315-9da503a49a8b	06c22de1ef18	;[asy]  ^ C:\Users\MARKEI~1\AppData\Local\Temp\asyprev_tvowmnov\r_06c22de1ef18.asy: 1.2: syntax error:  error: could not load module 'C:\Users\MARKEI~1\AppData\Local\Temp\asyprev_tvowmnov\r_06c22de1ef18.asy' 
81acaf52-f845-4516-877e-48d2cd4c03a0	dad26f222faf	[asy] ^ C:\Users\MARKEI~1\AppData\Local\Temp\asyprev_tvowmnov\r_dad26f222faf.asy: 1.1: syntax error:  error: could not load module 'C:\Users\MARKEI~1\AppData\Local\Temp\asyprev_tvowmnov\r_dad26f222faf.asy' 
81ff1df9-93bd-4d32-8846-0483e1cc297e	7b9d2bcbf953	[asy] ^ C:\Users\MARKEI~1\AppData\Local\Temp\asyprev_tvowmnov\r_7b9d2bcbf953.asy: 1.1: syntax error:  error: could not load module 'C:\Users\MARKEI~1\AppData\Local\Temp\asyprev_tvowmnov\r_7b9d2bcbf953.asy' 
85f169b9-9d33-418d-9f25-d9b9d1831aa6	c9e81bb5dc1b	[asy] ^ C:\Users\MARKEI~1\AppData\Local\Temp\asyprev_tvowmnov\r_c9e81bb5dc1b.asy: 1.1: syntax error:  error: could not load module 'C:\Users\MARKEI~1\AppData\Local\Temp\asyprev_tvowmnov\r_c9e81bb5dc1b.asy' 
864ff41b-6a8a-47d6-884c-b3f022954d68	890ff18e78ba	;[asy]  ^ C:\Users\MARKEI~1\AppData\Local\Temp\asyprev_tvowmnov\r_890ff18e78ba.asy: 1.2: syntax error:  error: could not load module 'C:\Users\MARKEI~1\AppData\Local\Temp\asyprev_tvowmnov\r_890ff18e78ba.asy' 
86b7ebeb-95ae-4366-962a-6c0bce3f406a	aab54eac01cc	;[asy]  ^ C:\Users\MARKEI~1\AppData\Local\Temp\asyprev_tvowmnov\r_aab54eac01cc.asy: 1.2: syntax error:  error: could not load module 'C:\Users\MARKEI~1\AppData\Local\Temp\asyprev_tvowmnov\r_aab54eac01cc.asy' 
87affc37-7687-4213-87d2-873bb6991027	70fd3b064aaf	;[asy]  ^ C:\Users\MARKEI~1\AppData\Local\Temp\asyprev_tvowmnov\r_70fd3b064aaf.asy: 1.2: syntax error:  error: could not load module 'C:\Users\MARKEI~1\AppData\Local\Temp\asyprev_tvowmnov\r_70fd3b064aaf.asy' 
8858c162-4bb5-40a3-ada1-c2ed8e2424ad	fc47b3af4851	[asy] ^ C:\Users\MARKEI~1\AppData\Local\Temp\asyprev_tvowmnov\r_fc47b3af4851.asy: 1.1: syntax error:  error: could not load module 'C:\Users\MARKEI~1\AppData\Local\Temp\asyprev_tvowmnov\r_fc47b3af4851.asy' 
88a0fe97-7b75-4552-bc3c-920492d0db80	de7df9f898e3	;[asy]  ^ C:\Users\MARKEI~1\AppData\Local\Temp\asyprev_tvowmnov\r_de7df9f898e3.asy: 1.2: syntax error:  error: could not load module 'C:\Users\MARKEI~1\AppData\Local\Temp\asyprev_tvowmnov\r_de7df9f898e3.asy' 
88f7b8e4-23cc-4a17-8e38-2a3bc263eb7a	c8bb51076c7c	[asy] ^ C:\Users\MARKEI~1\AppData\Local\Temp\asyprev_tvowmnov\r_c8bb51076c7c.asy: 1.1: syntax error:  error: could not load module 'C:\Users\MARKEI~1\AppData\Local\Temp\asyprev_tvowmnov\r_c8bb51076c7c.asy' 
8aff6c9b-e174-4fa5-806e-eb97da2e8e7e	6c23a2396083	[asy] ^ C:\Users\MARKEI~1\AppData\Local\Temp\asyprev_tvowmnov\r_6c23a2396083.asy: 1.1: syntax error:  error: could not load module 'C:\Users\MARKEI~1\AppData\Local\Temp\asyprev_tvowmnov\r_6c23a2396083.asy' 
8bf5abf5-3bdd-4106-9f0b-d51866346ef4	4c464369b627	[asy] ^ C:\Users\MARKEI~1\AppData\Local\Temp\asyprev_tvowmnov\r_4c464369b627.asy: 1.1: syntax error:  error: could not load module 'C:\Users\MARKEI~1\AppData\Local\Temp\asyprev_tvowmnov\r_4c464369b627.asy' 
8ccb4cf9-1892-4de1-9789-52cbdfce486e	42249cdd3352	[asy] ^ C:\Users\MARKEI~1\AppData\Local\Temp\asyprev_tvowmnov\r_42249cdd3352.asy: 1.1: syntax error:  error: could not load module 'C:\Users\MARKEI~1\AppData\Local\Temp\asyprev_tvowmnov\r_42249cdd3352.asy' 
8da0eb29-f509-4e8f-bc0d-150881994aae	73ed6aaac56f	[asy] ^ C:\Users\MARKEI~1\AppData\Local\Temp\asyprev_tvowmnov\r_73ed6aaac56f.asy: 1.1: syntax error:  error: could not load module 'C:\Users\MARKEI~1\AppData\Local\Temp\asyprev_tvowmnov\r_73ed6aaac56f.asy' 
8d331c17-e665-4368-8f95-3f3935179dba	0621840e55af	[asy] ^ C:\Users\MARKEI~1\AppData\Local\Temp\asyprev_tvowmnov\r_0621840e55af.asy: 1.1: syntax error:  error: could not load module 'C:\Users\MARKEI~1\AppData\Local\Temp\asyprev_tvowmnov\r_0621840e55af.asy' 
8f73c80f-a4ce-4b82-947c-fdc9c2964854	55bc6cb5ddd5	;[asy]  ^ C:\Users\MARKEI~1\AppData\Local\Temp\asyprev_tvowmnov\r_55bc6cb5ddd5.asy: 1.2: syntax error:  error: could not load module 'C:\Users\MARKEI~1\AppData\Local\Temp\asyprev_tvowmnov\r_55bc6cb5ddd5.asy' 
8fdddd8e-8378-4f66-95f4-211df58b6e39	d3fc175b174f	;[asy]  ^ C:\Users\MARKEI~1\AppData\Local\Temp\asyprev_tvowmnov\r_d3fc175b174f.asy: 1.2: syntax error:  error: could not load module 'C:\Users\MARKEI~1\AppData\Local\Temp\asyprev_tvowmnov\r_d3fc175b174f.asy' 
90153c07-05ab-426f-abe1-184da185ab89	ab8cb0fe8dc5	;[asy]  ^ C:\Users\MARKEI~1\AppData\Local\Temp\asyprev_tvowmnov\r_ab8cb0fe8dc5.asy: 1.2: syntax error:  error: could not load module 'C:\Users\MARKEI~1\AppData\Local\Temp\asyprev_tvowmnov\r_ab8cb0fe8dc5.asy' 
905be8ef-6baf-45b7-b93f-fd09dfbdbe81	eb171fdf4f14	;[asy]  ^ C:\Users\MARKEI~1\AppData\Local\Temp\asyprev_tvowmnov\r_eb171fdf4f14.asy: 1.2: syntax error:  error: could not load module 'C:\Users\MARKEI~1\AppData\Local\Temp\asyprev_tvowmnov\r_eb171fdf4f14.asy' 
90ee5cc3-c6e5-4bbe-95c7-1f6f976bfb0b	0cfe20fdb3f6	[asy] ^ C:\Users\MARKEI~1\AppData\Local\Temp\asyprev_tvowmnov\r_0cfe20fdb3f6.asy: 1.1: syntax error:  error: could not load module 'C:\Users\MARKEI~1\AppData\Local\Temp\asyprev_tvowmnov\r_0cfe20fdb3f6.asy' 
91d6101c-9690-41ef-af42-68d211d49314	d6ad6f84acf2	;[asy]  ^ C:\Users\MARKEI~1\AppData\Local\Temp\asyprev_tvowmnov\r_d6ad6f84acf2.asy: 1.2: syntax error:  error: could not load module 'C:\Users\MARKEI~1\AppData\Local\Temp\asyprev_tvowmnov\r_d6ad6f84acf2.asy' 
936cc0c1-f788-47d6-a121-1373e705d969	ac1ed53c02c0	;[asy]  ^ C:\Users\MARKEI~1\AppData\Local\Temp\asyprev_tvowmnov\r_ac1ed53c02c0.asy: 1.2: syntax error:  error: could not load module 'C:\Users\MARKEI~1\AppData\Local\Temp\asyprev_tvowmnov\r_ac1ed53c02c0.asy' 
944c4f55-42bc-4835-a713-f80f6d1715f0	80cdcb2fec59	;[asy]  ^ C:\Users\MARKEI~1\AppData\Local\Temp\asyprev_tvowmnov\r_80cdcb2fec59.asy: 1.2: syntax error:  error: could not load module 'C:\Users\MARKEI~1\AppData\Local\Temp\asyprev_tvowmnov\r_80cdcb2fec59.asy' 
94be6e72-187e-4365-ae1f-a56171ff0f9e	8c5c656b390e	;[asy]  ^ C:\Users\MARKEI~1\AppData\Local\Temp\asyprev_tvowmnov\r_8c5c656b390e.asy: 1.2: syntax error:  error: could not load module 'C:\Users\MARKEI~1\AppData\Local\Temp\asyprev_tvowmnov\r_8c5c656b390e.asy' 
94923661-451b-49c4-a25c-239201286c74	c36132d170c7	;[asy]  ^ C:\Users\MARKEI~1\AppData\Local\Temp\asyprev_tvowmnov\r_c36132d170c7.asy: 1.2: syntax error:  error: could not load module 'C:\Users\MARKEI~1\AppData\Local\Temp\asyprev_tvowmnov\r_c36132d170c7.asy' 
95e38962-339b-4619-94df-9ebcdd8b6049	0c8642dbae8e	[asy] ^ C:\Users\MARKEI~1\AppData\Local\Temp\asyprev_tvowmnov\r_0c8642dbae8e.asy: 1.1: syntax error:  error: could not load module 'C:\Users\MARKEI~1\AppData\Local\Temp\asyprev_tvowmnov\r_0c8642dbae8e.asy' 
97290d60-3303-4b7a-8a49-d6eacbb8aca5	0739a1cde66e	;[asy]  ^ C:\Users\MARKEI~1\AppData\Local\Temp\asyprev_tvowmnov\r_0739a1cde66e.asy: 1.2: syntax error:  error: could not load module 'C:\Users\MARKEI~1\AppData\Local\Temp\asyprev_tvowmnov\r_0739a1cde66e.asy' 
9bfe2f1d-8d34-4f63-9ba0-21a9fd932bb9	be9d507e662e	[asy] ^ C:\Users\MARKEI~1\AppData\Local\Temp\asyprev_tvowmnov\r_be9d507e662e.asy: 1.1: syntax error:  error: could not load module 'C:\Users\MARKEI~1\AppData\Local\Temp\asyprev_tvowmnov\r_be9d507e662e.asy' 
9d0129ad-8eab-482b-a23e-fbdd204bad12	e7012a930f3f	[asy] ^ C:\Users\MARKEI~1\AppData\Local\Temp\asyprev_tvowmnov\r_e7012a930f3f.asy: 1.1: syntax error:  error: could not load module 'C:\Users\MARKEI~1\AppData\Local\Temp\asyprev_tvowmnov\r_e7012a930f3f.asy' 
9e1bad0b-71f1-4f54-bc29-434cc5e74435	8d2ef956f823	[asy] ^ C:\Users\MARKEI~1\AppData\Local\Temp\asyprev_tvowmnov\r_8d2ef956f823.asy: 1.1: syntax error:  error: could not load module 'C:\Users\MARKEI~1\AppData\Local\Temp\asyprev_tvowmnov\r_8d2ef956f823.asy' 
9e5344a8-11a4-42cf-ad1e-54652d775ae6	5d9866ebf8b7	;[asy]  ^ C:\Users\MARKEI~1\AppData\Local\Temp\asyprev_tvowmnov\r_5d9866ebf8b7.asy: 1.2: syntax error:  error: could not load module 'C:\Users\MARKEI~1\AppData\Local\Temp\asyprev_tvowmnov\r_5d9866ebf8b7.asy' 
9e71aa96-46d4-4fde-9883-fed6914dbd47	aa1cb4eb30c8	[asy] ^ C:\Users\MARKEI~1\AppData\Local\Temp\asyprev_tvowmnov\r_aa1cb4eb30c8.asy: 1.1: syntax error:  error: could not load module 'C:\Users\MARKEI~1\AppData\Local\Temp\asyprev_tvowmnov\r_aa1cb4eb30c8.asy' 
9edee470-a200-4cf4-be12-544d576d9b6a	6c46fc5874d6	[asy] ^ C:\Users\MARKEI~1\AppData\Local\Temp\asyprev_tvowmnov\r_6c46fc5874d6.asy: 1.1: syntax error:  error: could not load module 'C:\Users\MARKEI~1\AppData\Local\Temp\asyprev_tvowmnov\r_6c46fc5874d6.asy' 
9f55e7d6-5e1d-4594-89b4-22a4558ea391	b41b9db01f69	;[asy]  ^ C:\Users\MARKEI~1\AppData\Local\Temp\asyprev_tvowmnov\r_b41b9db01f69.asy: 1.2: syntax error:  error: could not load module 'C:\Users\MARKEI~1\AppData\Local\Temp\asyprev_tvowmnov\r_b41b9db01f69.asy' 
a41dbf95-32de-459f-8c15-1b13172b2af9	e2b41e346a30	;[asy]  ^ C:\Users\MARKEI~1\AppData\Local\Temp\asyprev_tvowmnov\r_e2b41e346a30.asy: 1.2: syntax error:  error: could not load module 'C:\Users\MARKEI~1\AppData\Local\Temp\asyprev_tvowmnov\r_e2b41e346a30.asy' 
a82f9763-6335-4d31-9c4c-67a82c7bd3a8	a14d976820bf	[asy] ^ C:\Users\MARKEI~1\AppData\Local\Temp\asyprev_tvowmnov\r_a14d976820bf.asy: 1.1: syntax error:  error: could not load module 'C:\Users\MARKEI~1\AppData\Local\Temp\asyprev_tvowmnov\r_a14d976820bf.asy' 
a89937e3-14d2-430c-a992-61c86e7c285c	f6fc3ba80b10	;[asy]  ^ C:\Users\MARKEI~1\AppData\Local\Temp\asyprev_tvowmnov\r_f6fc3ba80b10.asy: 1.2: syntax error:  error: could not load module 'C:\Users\MARKEI~1\AppData\Local\Temp\asyprev_tvowmnov\r_f6fc3ba80b10.asy' 
a9bf0bab-1190-40b8-b266-aceefd72734e	211d7a645816	;[asy]  ^ C:\Users\MARKEI~1\AppData\Local\Temp\asyprev_tvowmnov\r_211d7a645816.asy: 1.2: syntax error:  error: could not load module 'C:\Users\MARKEI~1\AppData\Local\Temp\asyprev_tvowmnov\r_211d7a645816.asy' 
a9ceef6b-a713-40ad-96be-7e3c87d38a40	20acea74c1e4	;[asy]  ^ C:\Users\MARKEI~1\AppData\Local\Temp\asyprev_tvowmnov\r_20acea74c1e4.asy: 1.2: syntax error:  error: could not load module 'C:\Users\MARKEI~1\AppData\Local\Temp\asyprev_tvowmnov\r_20acea74c1e4.asy' 
acd7ef8a-6700-4efe-aac2-f3f0e6fd2dc1	5e4d92b1d372	;[asy]  ^ C:\Users\MARKEI~1\AppData\Local\Temp\asyprev_tvowmnov\r_5e4d92b1d372.asy: 1.2: syntax error:  error: could not load module 'C:\Users\MARKEI~1\AppData\Local\Temp\asyprev_tvowmnov\r_5e4d92b1d372.asy' 
b1bd3a52-6220-40f8-8b50-2d378ee7c25a	76952cd50b47	;[asy]  ^ C:\Users\MARKEI~1\AppData\Local\Temp\asyprev_tvowmnov\r_76952cd50b47.asy: 1.2: syntax error:  error: could not load module 'C:\Users\MARKEI~1\AppData\Local\Temp\asyprev_tvowmnov\r_76952cd50b47.asy' 
b1c8bc2a-0ed2-470b-8b6d-31a0dff5f02b	c45cc685121e	;[asy]  ^ C:\Users\MARKEI~1\AppData\Local\Temp\asyprev_tvowmnov\r_c45cc685121e.asy: 1.2: syntax error:  error: could not load module 'C:\Users\MARKEI~1\AppData\Local\Temp\asyprev_tvowmnov\r_c45cc685121e.asy' 
b290faad-bee7-4490-ab04-f4e20dd02cad	b3bea5972f9e	;[asy]  ^ C:\Users\MARKEI~1\AppData\Local\Temp\asyprev_tvowmnov\r_b3bea5972f9e.asy: 1.2: syntax error:  error: could not load module 'C:\Users\MARKEI~1\AppData\Local\Temp\asyprev_tvowmnov\r_b3bea5972f9e.asy' 
b3555ebf-01c2-4631-b31b-af8ec73599b0	5538a8ca844e	;[asy]  ^ C:\Users\MARKEI~1\AppData\Local\Temp\asyprev_tvowmnov\r_5538a8ca844e.asy: 1.2: syntax error:  error: could not load module 'C:\Users\MARKEI~1\AppData\Local\Temp\asyprev_tvowmnov\r_5538a8ca844e.asy' 
b3e45442-d381-44a3-abb1-232f8ec3f27a	94899b84c070	;[asy]  ^ C:\Users\MARKEI~1\AppData\Local\Temp\asyprev_tvowmnov\r_94899b84c070.asy: 1.2: syntax error:  error: could not load module 'C:\Users\MARKEI~1\AppData\Local\Temp\asyprev_tvowmnov\r_94899b84c070.asy' 
b3f50faf-c996-41b3-a18e-321a60258e10	71c84ca04dfb	[asy] ^ C:\Users\MARKEI~1\AppData\Local\Temp\asyprev_tvowmnov\r_71c84ca04dfb.asy: 1.1: syntax error:  error: could not load module 'C:\Users\MARKEI~1\AppData\Local\Temp\asyprev_tvowmnov\r_71c84ca04dfb.asy' 
b4751ff1-ba25-4202-b6e7-1350bdd47c2c	877f54d18186	;[asy]  ^ C:\Users\MARKEI~1\AppData\Local\Temp\asyprev_tvowmnov\r_877f54d18186.asy: 1.2: syntax error:  error: could not load module 'C:\Users\MARKEI~1\AppData\Local\Temp\asyprev_tvowmnov\r_877f54d18186.asy' 
b4d60100-f4d2-4272-b663-e73391aa0249	31a8b7378562	[asy] ^ C:\Users\MARKEI~1\AppData\Local\Temp\asyprev_tvowmnov\r_31a8b7378562.asy: 1.1: syntax error:  error: could not load module 'C:\Users\MARKEI~1\AppData\Local\Temp\asyprev_tvowmnov\r_31a8b7378562.asy' 
b6bd06de-f0c6-485a-a01d-155f0d240172	4583ad3caf1f	;[asy]  ^ C:\Users\MARKEI~1\AppData\Local\Temp\asyprev_tvowmnov\r_4583ad3caf1f.asy: 1.2: syntax error:  error: could not load module 'C:\Users\MARKEI~1\AppData\Local\Temp\asyprev_tvowmnov\r_4583ad3caf1f.asy' 
b74d653a-8916-4cb9-ba37-ca009f7b8a3e	9296d773cc89	;[asy]  ^ C:\Users\MARKEI~1\AppData\Local\Temp\asyprev_tvowmnov\r_9296d773cc89.asy: 1.2: syntax error:  error: could not load module 'C:\Users\MARKEI~1\AppData\Local\Temp\asyprev_tvowmnov\r_9296d773cc89.asy' 
b83a0885-b5e9-44b0-b5b0-c9ab610fb6e1	94363f9f8a11	;[asy]  ^ C:\Users\MARKEI~1\AppData\Local\Temp\asyprev_tvowmnov\r_94363f9f8a11.asy: 1.2: syntax error:  error: could not load module 'C:\Users\MARKEI~1\AppData\Local\Temp\asyprev_tvowmnov\r_94363f9f8a11.asy' 
b8997a6c-113d-4050-a1ec-2e95c96e9219	c8e3839bffc1	;[asy]  ^ C:\Users\MARKEI~1\AppData\Local\Temp\asyprev_tvowmnov\r_c8e3839bffc1.asy: 1.2: syntax error:  error: could not load module 'C:\Users\MARKEI~1\AppData\Local\Temp\asyprev_tvowmnov\r_c8e3839bffc1.asy' 
b843b24d-3d7b-4a48-8c0d-7d9eb3fdcb36	b99efa8a0b8e	;[asy]  ^ C:\Users\MARKEI~1\AppData\Local\Temp\asyprev_tvowmnov\r_b99efa8a0b8e.asy: 1.2: syntax error:  error: could not load module 'C:\Users\MARKEI~1\AppData\Local\Temp\asyprev_tvowmnov\r_b99efa8a0b8e.asy' 
bbc4e248-13b8-480a-b7bb-7acbfc0008c5	599fd32b1b4d	;[asy]  ^ C:\Users\MARKEI~1\AppData\Local\Temp\asyprev_tvowmnov\r_599fd32b1b4d.asy: 1.2: syntax error:  error: could not load module 'C:\Users\MARKEI~1\AppData\Local\Temp\asyprev_tvowmnov\r_599fd32b1b4d.asy' 
be0dcc08-7280-4891-86c0-30a8df401706	a5136b9be600	[asy] ^ C:\Users\MARKEI~1\AppData\Local\Temp\asyprev_tvowmnov\r_a5136b9be600.asy: 1.1: syntax error:  error: could not load module 'C:\Users\MARKEI~1\AppData\Local\Temp\asyprev_tvowmnov\r_a5136b9be600.asy' 
be19483d-4ab7-402f-a004-b3a2418d95e0	61a1bd3dbe4f	[asy] ^ C:\Users\MARKEI~1\AppData\Local\Temp\asyprev_tvowmnov\r_61a1bd3dbe4f.asy: 1.1: syntax error:  error: could not load module 'C:\Users\MARKEI~1\AppData\Local\Temp\asyprev_tvowmnov\r_61a1bd3dbe4f.asy' 
bf6b1dd2-dda7-48f2-b7b5-f0dce2b21475	d03ff4d840ad	;[asy]  ^ C:\Users\MARKEI~1\AppData\Local\Temp\asyprev_tvowmnov\r_d03ff4d840ad.asy: 1.2: syntax error:  error: could not load module 'C:\Users\MARKEI~1\AppData\Local\Temp\asyprev_tvowmnov\r_d03ff4d840ad.asy' 
c244f7c2-e72e-4873-b2b0-da3746779628	5553d935a557	;[asy]  ^ C:\Users\MARKEI~1\AppData\Local\Temp\asyprev_tvowmnov\r_5553d935a557.asy: 1.2: syntax error:  error: could not load module 'C:\Users\MARKEI~1\AppData\Local\Temp\asyprev_tvowmnov\r_5553d935a557.asy' 
c1580608-7674-4c56-b0f4-405750e62a2d	87f1aad1556d	;[asy]  ^ C:\Users\MARKEI~1\AppData\Local\Temp\asyprev_tvowmnov\r_87f1aad1556d.asy: 1.2: syntax error:  error: could not load module 'C:\Users\MARKEI~1\AppData\Local\Temp\asyprev_tvowmnov\r_87f1aad1556d.asy' 
c2af75ca-aa88-4a39-bc7b-fb95ee3882cb	2b3ae1f6e95e	[asy] ^ C:\Users\MARKEI~1\AppData\Local\Temp\asyprev_tvowmnov\r_2b3ae1f6e95e.asy: 1.1: syntax error:  error: could not load module 'C:\Users\MARKEI~1\AppData\Local\Temp\asyprev_tvowmnov\r_2b3ae1f6e95e.asy' 
c45231c3-23ee-4c17-936e-654b46b6fdf4	7627f08659d3	;[asy]  ^ C:\Users\MARKEI~1\AppData\Local\Temp\asyprev_tvowmnov\r_7627f08659d3.asy: 1.2: syntax error:  error: could not load module 'C:\Users\MARKEI~1\AppData\Local\Temp\asyprev_tvowmnov\r_7627f08659d3.asy' 
c3c11564-73e9-48bd-8b87-cd89b6add109	aeae5a117067	[asy] ^ C:\Users\MARKEI~1\AppData\Local\Temp\asyprev_tvowmnov\r_aeae5a117067.asy: 1.1: syntax error:  error: could not load module 'C:\Users\MARKEI~1\AppData\Local\Temp\asyprev_tvowmnov\r_aeae5a117067.asy' 
c69e6290-5997-4871-8e7f-8a0f850df8a8	aefbe2ee3715	;[asy]  ^ C:\Users\MARKEI~1\AppData\Local\Temp\asyprev_tvowmnov\r_aefbe2ee3715.asy: 1.2: syntax error:  error: could not load module 'C:\Users\MARKEI~1\AppData\Local\Temp\asyprev_tvowmnov\r_aefbe2ee3715.asy' 
c96d1069-ec39-419c-990d-9d91909a2a91	88bcc6744bfe	;[asy]  ^ C:\Users\MARKEI~1\AppData\Local\Temp\asyprev_tvowmnov\r_88bcc6744bfe.asy: 1.2: syntax error:  error: could not load module 'C:\Users\MARKEI~1\AppData\Local\Temp\asyprev_tvowmnov\r_88bcc6744bfe.asy' 
ca6158ae-91bb-48ff-bbf4-7342ab589c70	8195e0d665fc	;[asy]  ^ C:\Users\MARKEI~1\AppData\Local\Temp\asyprev_tvowmnov\r_8195e0d665fc.asy: 1.2: syntax error:  error: could not load module 'C:\Users\MARKEI~1\AppData\Local\Temp\asyprev_tvowmnov\r_8195e0d665fc.asy' 
c94f041a-f307-45c7-a221-82fdaa47be7f	773919ea233f	[asy] ^ C:\Users\MARKEI~1\AppData\Local\Temp\asyprev_tvowmnov\r_773919ea233f.asy: 1.1: syntax error:  error: could not load module 'C:\Users\MARKEI~1\AppData\Local\Temp\asyprev_tvowmnov\r_773919ea233f.asy' 
cb1b2096-94b8-419f-a922-799022d27519	4583257f1282	;[asy]  ^ C:\Users\MARKEI~1\AppData\Local\Temp\asyprev_tvowmnov\r_4583257f1282.asy: 1.2: syntax error:  error: could not load module 'C:\Users\MARKEI~1\AppData\Local\Temp\asyprev_tvowmnov\r_4583257f1282.asy' 
ca146a27-90b9-484d-b174-05640b5886a4	a090dd29ac43	[asy] ^ C:\Users\MARKEI~1\AppData\Local\Temp\asyprev_tvowmnov\r_a090dd29ac43.asy: 1.1: syntax error:  error: could not load module 'C:\Users\MARKEI~1\AppData\Local\Temp\asyprev_tvowmnov\r_a090dd29ac43.asy' 
cc5d0566-5ac3-4c5a-8a5a-7798e3b56dbb	fb84f720fa76	;[asy]  ^ C:\Users\MARKEI~1\AppData\Local\Temp\asyprev_tvowmnov\r_fb84f720fa76.asy: 1.2: syntax error:  error: could not load module 'C:\Users\MARKEI~1\AppData\Local\Temp\asyprev_tvowmnov\r_fb84f720fa76.asy' 
cbb4e871-745e-4144-8f82-92b24a40ec9c	f474699491dc	;[asy]  ^ C:\Users\MARKEI~1\AppData\Local\Temp\asyprev_tvowmnov\r_f474699491dc.asy: 1.2: syntax error:  error: could not load module 'C:\Users\MARKEI~1\AppData\Local\Temp\asyprev_tvowmnov\r_f474699491dc.asy' 
cd962533-4a09-4cfc-a310-f25bf81cd346	74c5aca16735	[asy] ^ C:\Users\MARKEI~1\AppData\Local\Temp\asyprev_tvowmnov\r_74c5aca16735.asy: 1.1: syntax error:  error: could not load module 'C:\Users\MARKEI~1\AppData\Local\Temp\asyprev_tvowmnov\r_74c5aca16735.asy' 
ccb72991-4352-48f2-8307-7bb7f89e9a91	cbb0b053ca9c	[asy] ^ C:\Users\MARKEI~1\AppData\Local\Temp\asyprev_tvowmnov\r_cbb0b053ca9c.asy: 1.1: syntax error:  error: could not load module 'C:\Users\MARKEI~1\AppData\Local\Temp\asyprev_tvowmnov\r_cbb0b053ca9c.asy' 
cbb92fbe-b42e-4153-9f4d-235f816831b1	9511ef434cc9	;[asy]  ^ C:\Users\MARKEI~1\AppData\Local\Temp\asyprev_tvowmnov\r_9511ef434cc9.asy: 1.2: syntax error:  error: could not load module 'C:\Users\MARKEI~1\AppData\Local\Temp\asyprev_tvowmnov\r_9511ef434cc9.asy' 
d199ec96-f85f-47dc-b8b4-2d32cea6a7ee	4261bf0b9c6f	[asy] ^ C:\Users\MARKEI~1\AppData\Local\Temp\asyprev_tvowmnov\r_4261bf0b9c6f.asy: 1.1: syntax error:  error: could not load module 'C:\Users\MARKEI~1\AppData\Local\Temp\asyprev_tvowmnov\r_4261bf0b9c6f.asy' 
cf286eb0-1d6a-47e1-a4b1-a1c9449605b5	f56bddf4963c	;[asy]  ^ C:\Users\MARKEI~1\AppData\Local\Temp\asyprev_tvowmnov\r_f56bddf4963c.asy: 1.2: syntax error:  error: could not load module 'C:\Users\MARKEI~1\AppData\Local\Temp\asyprev_tvowmnov\r_f56bddf4963c.asy' 
d2bc8549-55a3-426a-bdf1-16141189c6f2	c6095f2e2aaa	[asy] ^ C:\Users\MARKEI~1\AppData\Local\Temp\asyprev_tvowmnov\r_c6095f2e2aaa.asy: 1.1: syntax error:  error: could not load module 'C:\Users\MARKEI~1\AppData\Local\Temp\asyprev_tvowmnov\r_c6095f2e2aaa.asy' 
d1e82dcc-7318-4b6b-b88e-2963f32f4068	1c56eae14dad	;[asy]  ^ C:\Users\MARKEI~1\AppData\Local\Temp\asyprev_tvowmnov\r_1c56eae14dad.asy: 1.2: syntax error:  error: could not load module 'C:\Users\MARKEI~1\AppData\Local\Temp\asyprev_tvowmnov\r_1c56eae14dad.asy' 
d33e9f58-f822-44ae-bb2c-5579955b34d0	0c766b640463	;[asy]  ^ C:\Users\MARKEI~1\AppData\Local\Temp\asyprev_tvowmnov\r_0c766b640463.asy: 1.2: syntax error:  error: could not load module 'C:\Users\MARKEI~1\AppData\Local\Temp\asyprev_tvowmnov\r_0c766b640463.asy' 
d33dcafc-a030-4d48-93ae-2ce9f75c7661	0fef159ad31f	;[asy]  ^ C:\Users\MARKEI~1\AppData\Local\Temp\asyprev_tvowmnov\r_0fef159ad31f.asy: 1.2: syntax error:  error: could not load module 'C:\Users\MARKEI~1\AppData\Local\Temp\asyprev_tvowmnov\r_0fef159ad31f.asy' 
d3dfb41b-f3ee-41e2-8391-ea87b321bc28	3a3a5f21527c	;[asy]  ^ C:\Users\MARKEI~1\AppData\Local\Temp\asyprev_tvowmnov\r_3a3a5f21527c.asy: 1.2: syntax error:  error: could not load module 'C:\Users\MARKEI~1\AppData\Local\Temp\asyprev_tvowmnov\r_3a3a5f21527c.asy' 
d4257592-041d-42ad-8210-5b54432a774e	5874006e1736	[asy] ^ C:\Users\MARKEI~1\AppData\Local\Temp\asyprev_tvowmnov\r_5874006e1736.asy: 1.1: syntax error:  error: could not load module 'C:\Users\MARKEI~1\AppData\Local\Temp\asyprev_tvowmnov\r_5874006e1736.asy' 
d48ca585-1ef9-4185-9627-0638a0cff0ea	214cd0a77c1d	;[asy]  ^ C:\Users\MARKEI~1\AppData\Local\Temp\asyprev_tvowmnov\r_214cd0a77c1d.asy: 1.2: syntax error:  error: could not load module 'C:\Users\MARKEI~1\AppData\Local\Temp\asyprev_tvowmnov\r_214cd0a77c1d.asy' 
d475d2e6-da95-4275-bf9d-c541d0c3d82a	648631c94fc8	[asy] ^ C:\Users\MARKEI~1\AppData\Local\Temp\asyprev_tvowmnov\r_648631c94fc8.asy: 1.1: syntax error:  error: could not load module 'C:\Users\MARKEI~1\AppData\Local\Temp\asyprev_tvowmnov\r_648631c94fc8.asy' 
d64b6923-cf80-460f-8c41-dfc2b8b2da97	e6839422c259	;[asy]  ^ C:\Users\MARKEI~1\AppData\Local\Temp\asyprev_tvowmnov\r_e6839422c259.asy: 1.2: syntax error:  error: could not load module 'C:\Users\MARKEI~1\AppData\Local\Temp\asyprev_tvowmnov\r_e6839422c259.asy' 
d70e7563-45e3-483b-9c15-5b56a8f1db87	bd81323ebbe7	[asy] ^ C:\Users\MARKEI~1\AppData\Local\Temp\asyprev_tvowmnov\r_bd81323ebbe7.asy: 1.1: syntax error:  error: could not load module 'C:\Users\MARKEI~1\AppData\Local\Temp\asyprev_tvowmnov\r_bd81323ebbe7.asy' 
d7170b5d-c4b6-4107-8ff8-044645855264	8e3768ca045c	[asy] ^ C:\Users\MARKEI~1\AppData\Local\Temp\asyprev_tvowmnov\r_8e3768ca045c.asy: 1.1: syntax error:  error: could not load module 'C:\Users\MARKEI~1\AppData\Local\Temp\asyprev_tvowmnov\r_8e3768ca045c.asy' 
deb92c79-66c9-4523-b246-b078b67e6008	6b2c17b4ba8d	;[asy]  ^ C:\Users\MARKEI~1\AppData\Local\Temp\asyprev_tvowmnov\r_6b2c17b4ba8d.asy: 1.2: syntax error:  error: could not load module 'C:\Users\MARKEI~1\AppData\Local\Temp\asyprev_tvowmnov\r_6b2c17b4ba8d.asy' 
e0c1d71d-1200-4000-9e12-db08d817de6b	7ad09e4821b5	;[asy]  ^ C:\Users\MARKEI~1\AppData\Local\Temp\asyprev_tvowmnov\r_7ad09e4821b5.asy: 1.2: syntax error:  error: could not load module 'C:\Users\MARKEI~1\AppData\Local\Temp\asyprev_tvowmnov\r_7ad09e4821b5.asy' 
e11918e5-518a-4750-b539-edfcfb16646e	9807189204ca	;[asy]  ^ C:\Users\MARKEI~1\AppData\Local\Temp\asyprev_tvowmnov\r_9807189204ca.asy: 1.2: syntax error:  error: could not load module 'C:\Users\MARKEI~1\AppData\Local\Temp\asyprev_tvowmnov\r_9807189204ca.asy' 
e207328e-f49a-4abb-9c54-b630839910dc	e07d5959eebc	[asy] ^ C:\Users\MARKEI~1\AppData\Local\Temp\asyprev_tvowmnov\r_e07d5959eebc.asy: 1.1: syntax error:  error: could not load module 'C:\Users\MARKEI~1\AppData\Local\Temp\asyprev_tvowmnov\r_e07d5959eebc.asy' 
e2a1b6f5-151f-4319-934d-516f1bd6f2ae	1798c319ccb4	;[asy]  ^ C:\Users\MARKEI~1\AppData\Local\Temp\asyprev_tvowmnov\r_1798c319ccb4.asy: 1.2: syntax error:  error: could not load module 'C:\Users\MARKEI~1\AppData\Local\Temp\asyprev_tvowmnov\r_1798c319ccb4.asy' 
e2d98762-807f-4603-990c-cf212492e430	0debed99233f	;[asy]  ^ C:\Users\MARKEI~1\AppData\Local\Temp\asyprev_tvowmnov\r_0debed99233f.asy: 1.2: syntax error:  error: could not load module 'C:\Users\MARKEI~1\AppData\Local\Temp\asyprev_tvowmnov\r_0debed99233f.asy' 
e45cf94d-9711-43be-a608-72fb139f62dd	6beb2c2ede66	;[asy]  ^ C:\Users\MARKEI~1\AppData\Local\Temp\asyprev_tvowmnov\r_6beb2c2ede66.asy: 1.2: syntax error:  error: could not load module 'C:\Users\MARKEI~1\AppData\Local\Temp\asyprev_tvowmnov\r_6beb2c2ede66.asy' 
e32418d5-6e2a-498e-b59c-32aa30bf9a88	0795c9daec2c	[asy] ^ C:\Users\MARKEI~1\AppData\Local\Temp\asyprev_tvowmnov\r_0795c9daec2c.asy: 1.1: syntax error:  error: could not load module 'C:\Users\MARKEI~1\AppData\Local\Temp\asyprev_tvowmnov\r_0795c9daec2c.asy' 
e47325bb-f0df-4471-9c60-0879b9625cd5	2807ff35749c	[asy] ^ C:\Users\MARKEI~1\AppData\Local\Temp\asyprev_tvowmnov\r_2807ff35749c.asy: 1.1: syntax error:  error: could not load module 'C:\Users\MARKEI~1\AppData\Local\Temp\asyprev_tvowmnov\r_2807ff35749c.asy' 
e5239b3a-7011-495a-95e1-b80e96faa278	887341f8b19a	;[asy]  ^ C:\Users\MARKEI~1\AppData\Local\Temp\asyprev_tvowmnov\r_887341f8b19a.asy: 1.2: syntax error:  error: could not load module 'C:\Users\MARKEI~1\AppData\Local\Temp\asyprev_tvowmnov\r_887341f8b19a.asy' 
e5d67cf1-abfa-464b-80e7-e7bb9a61bc89	5e2f8a27b1c4	;[asy]  ^ C:\Users\MARKEI~1\AppData\Local\Temp\asyprev_tvowmnov\r_5e2f8a27b1c4.asy: 1.2: syntax error:  error: could not load module 'C:\Users\MARKEI~1\AppData\Local\Temp\asyprev_tvowmnov\r_5e2f8a27b1c4.asy' 
e67873b5-eb80-4762-8854-125dfb97d0d9	2c5badb0593a	;[asy]  ^ C:\Users\MARKEI~1\AppData\Local\Temp\asyprev_tvowmnov\r_2c5badb0593a.asy: 1.2: syntax error:  error: could not load module 'C:\Users\MARKEI~1\AppData\Local\Temp\asyprev_tvowmnov\r_2c5badb0593a.asy' 
e6aeb15c-5811-4c37-b0b4-e7882e576973	c507c147b55b	;[asy]  ^ C:\Users\MARKEI~1\AppData\Local\Temp\asyprev_tvowmnov\r_c507c147b55b.asy: 1.2: syntax error:  error: could not load module 'C:\Users\MARKEI~1\AppData\Local\Temp\asyprev_tvowmnov\r_c507c147b55b.asy' 
ea402873-1809-42b6-b6ae-d7930c1e5d69	50210e448d77	[asy] ^ C:\Users\MARKEI~1\AppData\Local\Temp\asyprev_tvowmnov\r_50210e448d77.asy: 1.1: syntax error:  error: could not load module 'C:\Users\MARKEI~1\AppData\Local\Temp\asyprev_tvowmnov\r_50210e448d77.asy' 
ea67e4b5-c8b5-46ac-94a9-c689a633b92b	e8fff8b3acc1	[asy] ^ C:\Users\MARKEI~1\AppData\Local\Temp\asyprev_tvowmnov\r_e8fff8b3acc1.asy: 1.1: syntax error:  error: could not load module 'C:\Users\MARKEI~1\AppData\Local\Temp\asyprev_tvowmnov\r_e8fff8b3acc1.asy' 
eb243cbd-66aa-476a-a0d6-90ac9a0f8a06	6389b5c0cef2	[asy] ^ C:\Users\MARKEI~1\AppData\Local\Temp\asyprev_tvowmnov\r_6389b5c0cef2.asy: 1.1: syntax error:  error: could not load module 'C:\Users\MARKEI~1\AppData\Local\Temp\asyprev_tvowmnov\r_6389b5c0cef2.asy' 
ec0cbeda-38bf-4d1d-98e1-72c0689338f7	89744296f5f2	[asy] ^ C:\Users\MARKEI~1\AppData\Local\Temp\asyprev_tvowmnov\r_89744296f5f2.asy: 1.1: syntax error:  error: could not load module 'C:\Users\MARKEI~1\AppData\Local\Temp\asyprev_tvowmnov\r_89744296f5f2.asy' 
ec383479-a4e4-4612-869d-eedf2fc21969	639d81a01267	;[asy]  ^ C:\Users\MARKEI~1\AppData\Local\Temp\asyprev_tvowmnov\r_639d81a01267.asy: 1.2: syntax error:  error: could not load module 'C:\Users\MARKEI~1\AppData\Local\Temp\asyprev_tvowmnov\r_639d81a01267.asy' 
efb326ec-611d-46a8-ba05-54a6f3617fa1	84e63586d4f9	[asy] ^ C:\Users\MARKEI~1\AppData\Local\Temp\asyprev_tvowmnov\r_84e63586d4f9.asy: 1.1: syntax error:  error: could not load module 'C:\Users\MARKEI~1\AppData\Local\Temp\asyprev_tvowmnov\r_84e63586d4f9.asy' 
efdbba20-6f19-40dd-b47c-c0b585db5ad7	1a02f82d6bc9	;[asy]  ^ C:\Users\MARKEI~1\AppData\Local\Temp\asyprev_tvowmnov\r_1a02f82d6bc9.asy: 1.2: syntax error:  error: could not load module 'C:\Users\MARKEI~1\AppData\Local\Temp\asyprev_tvowmnov\r_1a02f82d6bc9.asy' 
f0597874-f617-48ec-a260-1e7d26a4e3f4	b70da8f9ea38	;[asy]  ^ C:\Users\MARKEI~1\AppData\Local\Temp\asyprev_tvowmnov\r_b70da8f9ea38.asy: 1.2: syntax error:  error: could not load module 'C:\Users\MARKEI~1\AppData\Local\Temp\asyprev_tvowmnov\r_b70da8f9ea38.asy' 
f3441f54-49f0-4bd6-aad7-8a6339efdf3b	d87b10179f5f	;[asy]  ^ C:\Users\MARKEI~1\AppData\Local\Temp\asyprev_tvowmnov\r_d87b10179f5f.asy: 1.2: syntax error:  error: could not load module 'C:\Users\MARKEI~1\AppData\Local\Temp\asyprev_tvowmnov\r_d87b10179f5f.asy' 
f0dea7ed-8de4-4d39-9f9b-808e4104ba95	0759f16a0a4f	[asy] ^ C:\Users\MARKEI~1\AppData\Local\Temp\asyprev_tvowmnov\r_0759f16a0a4f.asy: 1.1: syntax error:  error: could not load module 'C:\Users\MARKEI~1\AppData\Local\Temp\asyprev_tvowmnov\r_0759f16a0a4f.asy' 
f148eab4-db8c-42d6-bf6e-20d40ea89cbd	92496067b900	[asy] ^ C:\Users\MARKEI~1\AppData\Local\Temp\asyprev_tvowmnov\r_92496067b900.asy: 1.1: syntax error:  error: could not load module 'C:\Users\MARKEI~1\AppData\Local\Temp\asyprev_tvowmnov\r_92496067b900.asy' 
f46b766a-55b0-49e4-8d30-b166e1c7c428	0ba39b415288	;[asy]  ^ C:\Users\MARKEI~1\AppData\Local\Temp\asyprev_tvowmnov\r_0ba39b415288.asy: 1.2: syntax error:  error: could not load module 'C:\Users\MARKEI~1\AppData\Local\Temp\asyprev_tvowmnov\r_0ba39b415288.asy' 
f67dffce-4c30-4c18-a39e-2590a14aa4e9	e87ea7c327ad	;[asy]  ^ C:\Users\MARKEI~1\AppData\Local\Temp\asyprev_tvowmnov\r_e87ea7c327ad.asy: 1.2: syntax error:  error: could not load module 'C:\Users\MARKEI~1\AppData\Local\Temp\asyprev_tvowmnov\r_e87ea7c327ad.asy' 
f693a9bb-5e65-4c48-b574-28bfae7b5fb4	1daec04fdf06	;[asy]  ^ C:\Users\MARKEI~1\AppData\Local\Temp\asyprev_tvowmnov\r_1daec04fdf06.asy: 1.2: syntax error:  error: could not load module 'C:\Users\MARKEI~1\AppData\Local\Temp\asyprev_tvowmnov\r_1daec04fdf06.asy' 
f4e7606b-bb52-40ac-b867-48f04f49902f	1058f9797c98	[asy] ^ C:\Users\MARKEI~1\AppData\Local\Temp\asyprev_tvowmnov\r_1058f9797c98.asy: 1.1: syntax error:  error: could not load module 'C:\Users\MARKEI~1\AppData\Local\Temp\asyprev_tvowmnov\r_1058f9797c98.asy' 
f74a6c7f-aa55-410e-b289-ea4e4f41aec3	9488b4024799	;[asy]  ^ C:\Users\MARKEI~1\AppData\Local\Temp\asyprev_tvowmnov\r_9488b4024799.asy: 1.2: syntax error:  error: could not load module 'C:\Users\MARKEI~1\AppData\Local\Temp\asyprev_tvowmnov\r_9488b4024799.asy' 
f917061a-5cbb-4436-a5f3-d2b4deacaa3f	a03ac9bca251	;[asy]  ^ C:\Users\MARKEI~1\AppData\Local\Temp\asyprev_tvowmnov\r_a03ac9bca251.asy: 1.2: syntax error:  error: could not load module 'C:\Users\MARKEI~1\AppData\Local\Temp\asyprev_tvowmnov\r_a03ac9bca251.asy' 
f993ffdd-dded-4bbf-aa0b-08b450c06bb1	f2d447ce8ce3	;[asy]  ^ C:\Users\MARKEI~1\AppData\Local\Temp\asyprev_tvowmnov\r_f2d447ce8ce3.asy: 1.2: syntax error:  error: could not load module 'C:\Users\MARKEI~1\AppData\Local\Temp\asyprev_tvowmnov\r_f2d447ce8ce3.asy' 
fb37fa8c-edf5-4e38-a268-6a3c933d52e2	14f597d136c1	;[asy]  ^ C:\Users\MARKEI~1\AppData\Local\Temp\asyprev_tvowmnov\r_14f597d136c1.asy: 1.2: syntax error:  error: could not load module 'C:\Users\MARKEI~1\AppData\Local\Temp\asyprev_tvowmnov\r_14f597d136c1.asy' 
fda23862-4765-4a89-b7b7-586228b3d249	8e57d05d2d5f	;[asy]  ^ C:\Users\MARKEI~1\AppData\Local\Temp\asyprev_tvowmnov\r_8e57d05d2d5f.asy: 1.2: syntax error:  error: could not load module 'C:\Users\MARKEI~1\AppData\Local\Temp\asyprev_tvowmnov\r_8e57d05d2d5f.asy' 
fcc54a6b-520e-400c-bdfb-691ab7b94551	1d90efe458bc	;[asy]  ^ C:\Users\MARKEI~1\AppData\Local\Temp\asyprev_tvowmnov\r_1d90efe458bc.asy: 1.2: syntax error:  error: could not load module 'C:\Users\MARKEI~1\AppData\Local\Temp\asyprev_tvowmnov\r_1d90efe458bc.asy' 
fe23449d-efcd-4ca0-aa04-5c455535fbb0	03e5177ce66b	;[asy]  ^ C:\Users\MARKEI~1\AppData\Local\Temp\asyprev_tvowmnov\r_03e5177ce66b.asy: 1.2: syntax error:  error: could not load module 'C:\Users\MARKEI~1\AppData\Local\Temp\asyprev_tvowmnov\r_03e5177ce66b.asy' 
fddb718a-5113-4526-b1ef-44e6b1532a7a	f505c57d82a5	;[asy]  ^ C:\Users\MARKEI~1\AppData\Local\Temp\asyprev_tvowmnov\r_f505c57d82a5.asy: 1.2: syntax error:  error: could not load module 'C:\Users\MARKEI~1\AppData\Local\Temp\asyprev_tvowmnov\r_f505c57d82a5.asy' 
fe4652aa-85ef-4d93-929a-88dbbb50629d	755a1c09840a	;[asy]  ^ C:\Users\MARKEI~1\AppData\Local\Temp\asyprev_tvowmnov\r_755a1c09840a.asy: 1.2: syntax error:  error: could not load module 'C:\Users\MARKEI~1\AppData\Local\Temp\asyprev_tvowmnov\r_755a1c09840a.asy' 
05a0c9d8-6234-497d-91b1-c22497cabdaa	272577d73bc0	;[asy]  ^ C:\Users\MARKEI~1\AppData\Local\Temp\asyprev_tvowmnov\r_272577d73bc0.asy: 1.2: syntax error:  error: could not load module 'C:\Users\MARKEI~1\AppData\Local\Temp\asyprev_tvowmnov\r_272577d73bc0.asy' 
0811c41f-3ca4-4739-85d3-09ffbeb629f2	18ce34a0314a	;[asy]  ^ C:\Users\MARKEI~1\AppData\Local\Temp\asyprev_tvowmnov\r_18ce34a0314a.asy: 1.2: syntax error:  error: could not load module 'C:\Users\MARKEI~1\AppData\Local\Temp\asyprev_tvowmnov\r_18ce34a0314a.asy' 
102e339b-2b1e-41ec-8bce-946f86f0112e	21648fac4fec	;[asy]  ^ C:\Users\MARKEI~1\AppData\Local\Temp\asyprev_tvowmnov\r_21648fac4fec.asy: 1.2: syntax error:  error: could not load module 'C:\Users\MARKEI~1\AppData\Local\Temp\asyprev_tvowmnov\r_21648fac4fec.asy' 
10e2f0ef-ea23-4b57-8b42-e0cc559f0b30	b78d9a37f2fe	;[asy]  ^ C:\Users\MARKEI~1\AppData\Local\Temp\asyprev_tvowmnov\r_b78d9a37f2fe.asy: 1.2: syntax error:  error: could not load module 'C:\Users\MARKEI~1\AppData\Local\Temp\asyprev_tvowmnov\r_b78d9a37f2fe.asy' 
113259d7-079d-4b82-abb5-69741ba0218e	5c3ba04b77a7	;[asy]  ^ C:\Users\MARKEI~1\AppData\Local\Temp\asyprev_tvowmnov\r_5c3ba04b77a7.asy: 1.2: syntax error:  error: could not load module 'C:\Users\MARKEI~1\AppData\Local\Temp\asyprev_tvowmnov\r_5c3ba04b77a7.asy' 
152af1d8-11c1-4daa-87fd-bb573292f26c	3b94d9479102	;[asy]unitsize(3cm);  ^ C:\Users\MARKEI~1\AppData\Local\Temp\asyprev_tvowmnov\r_3b94d9479102.asy: 1.2: syntax error:  error: could not load module 'C:\Users\MARKEI~1\AppData\Local\Temp\asyprev_tvowmnov\r_3b94d9479102.asy' 
112a024c-baa9-478c-90e0-27b0eb9d675c	9c57fe7fdaa2	;[asy]  ^ C:\Users\MARKEI~1\AppData\Local\Temp\asyprev_tvowmnov\r_9c57fe7fdaa2.asy: 1.2: syntax error:  error: could not load module 'C:\Users\MARKEI~1\AppData\Local\Temp\asyprev_tvowmnov\r_9c57fe7fdaa2.asy' 
1ac7c47a-83bd-4760-afef-3aecd196f5fb	f6d36535022c	;[asy]  ^ C:\Users\MARKEI~1\AppData\Local\Temp\asyprev_tvowmnov\r_f6d36535022c.asy: 1.2: syntax error:  error: could not load module 'C:\Users\MARKEI~1\AppData\Local\Temp\asyprev_tvowmnov\r_f6d36535022c.asy' 
1efc6904-6306-4c2b-8ba9-833ef7c22a3b	504f655432dc	;[asy]  ^ C:\Users\MARKEI~1\AppData\Local\Temp\asyprev_tvowmnov\r_504f655432dc.asy: 1.2: syntax error:  error: could not load module 'C:\Users\MARKEI~1\AppData\Local\Temp\asyprev_tvowmnov\r_504f655432dc.asy' 
1583f687-44a1-4d9f-aaa5-f505a90b1cd9	93065f77d1a9	;[asy]  ^ C:\Users\MARKEI~1\AppData\Local\Temp\asyprev_tvowmnov\r_93065f77d1a9.asy: 1.2: syntax error:  error: could not load module 'C:\Users\MARKEI~1\AppData\Local\Temp\asyprev_tvowmnov\r_93065f77d1a9.asy' 
15a26f91-4f92-4625-8b9d-378158e3c2d4	16256eff2cb7	;[asy]  ^ C:\Users\MARKEI~1\AppData\Local\Temp\asyprev_tvowmnov\r_16256eff2cb7.asy: 1.2: syntax error:  error: could not load module 'C:\Users\MARKEI~1\AppData\Local\Temp\asyprev_tvowmnov\r_16256eff2cb7.asy' 
226971c7-d9ad-4e4a-91d5-27a6e76dc201	5b1a557fb48d	;[asy]  ^ C:\Users\MARKEI~1\AppData\Local\Temp\asyprev_tvowmnov\r_5b1a557fb48d.asy: 1.2: syntax error:  error: could not load module 'C:\Users\MARKEI~1\AppData\Local\Temp\asyprev_tvowmnov\r_5b1a557fb48d.asy' 
206931a5-aaaf-4afe-a32c-c6dd2802cb17	fe0636aa2969	[asy] ^ C:\Users\MARKEI~1\AppData\Local\Temp\asyprev_tvowmnov\r_fe0636aa2969.asy: 1.1: syntax error:  error: could not load module 'C:\Users\MARKEI~1\AppData\Local\Temp\asyprev_tvowmnov\r_fe0636aa2969.asy' 
3749a165-c71f-42d7-8f0e-7d77005e3792	e8c8a933dfd7	;[asy]  ^ C:\Users\MARKEI~1\AppData\Local\Temp\asyprev_tvowmnov\r_e8c8a933dfd7.asy: 1.2: syntax error:  error: could not load module 'C:\Users\MARKEI~1\AppData\Local\Temp\asyprev_tvowmnov\r_e8c8a933dfd7.asy' 
445d0f2b-71fe-4e81-ab27-5923486c5920	f2463a7b1d7f	;[asy]  ^ C:\Users\MARKEI~1\AppData\Local\Temp\asyprev_tvowmnov\r_f2463a7b1d7f.asy: 1.2: syntax error:  error: could not load module 'C:\Users\MARKEI~1\AppData\Local\Temp\asyprev_tvowmnov\r_f2463a7b1d7f.asy' 
4e4a2328-0377-4abb-be20-875ccbddca8a	9b4ea0439791	;[asy]unitsize(3cm);  ^ C:\Users\MARKEI~1\AppData\Local\Temp\asyprev_tvowmnov\r_9b4ea0439791.asy: 1.2: syntax error:  error: could not load module 'C:\Users\MARKEI~1\AppData\Local\Temp\asyprev_tvowmnov\r_9b4ea0439791.asy' 
46086e0f-bbde-4366-a38f-85fe2d93245b	7992c98d084d	;[asy]  ^ C:\Users\MARKEI~1\AppData\Local\Temp\asyprev_tvowmnov\r_7992c98d084d.asy: 1.2: syntax error:  error: could not load module 'C:\Users\MARKEI~1\AppData\Local\Temp\asyprev_tvowmnov\r_7992c98d084d.asy' 
3d6631c6-f573-4a7e-ad9a-4b58520856b1	d2482a20c605	;[asy]  ^ C:\Users\MARKEI~1\AppData\Local\Temp\asyprev_tvowmnov\r_d2482a20c605.asy: 1.2: syntax error:  error: could not load module 'C:\Users\MARKEI~1\AppData\Local\Temp\asyprev_tvowmnov\r_d2482a20c605.asy' 
507ec3ab-457b-4562-b405-da7e27d679e3	7205ff41784b	;[asy]import graph;  ^ C:\Users\MARKEI~1\AppData\Local\Temp\asyprev_tvowmnov\r_7205ff41784b.asy: 1.2: syntax error:  error: could not load module 'C:\Users\MARKEI~1\AppData\Local\Temp\asyprev_tvowmnov\r_7205ff41784b.asy' 
54033e75-b9dd-4b00-a0c7-9f82a307b04a	abcbaec330d5	;[asy]  ^ C:\Users\MARKEI~1\AppData\Local\Temp\asyprev_tvowmnov\r_abcbaec330d5.asy: 1.2: syntax error:  error: could not load module 'C:\Users\MARKEI~1\AppData\Local\Temp\asyprev_tvowmnov\r_abcbaec330d5.asy' 
5675c441-537a-49c7-9c5e-e8ce5b82d14d	03c7717725cf	;[asy]  ^ C:\Users\MARKEI~1\AppData\Local\Temp\asyprev_tvowmnov\r_03c7717725cf.asy: 1.2: syntax error:  error: could not load module 'C:\Users\MARKEI~1\AppData\Local\Temp\asyprev_tvowmnov\r_03c7717725cf.asy' 
58a50bf9-0134-4b17-87e7-771b296bcd0b	6f19af7e0b05	;[asy]unitsize(3cm);  ^ C:\Users\MARKEI~1\AppData\Local\Temp\asyprev_tvowmnov\r_6f19af7e0b05.asy: 1.2: syntax error:  error: could not load module 'C:\Users\MARKEI~1\AppData\Local\Temp\asyprev_tvowmnov\r_6f19af7e0b05.asy' 
5978003c-79e7-476c-8298-19a4869a6476	57b60a8a8386	;[asy]  ^ C:\Users\MARKEI~1\AppData\Local\Temp\asyprev_tvowmnov\r_57b60a8a8386.asy: 1.2: syntax error:  error: could not load module 'C:\Users\MARKEI~1\AppData\Local\Temp\asyprev_tvowmnov\r_57b60a8a8386.asy' 
5a090c95-cc0f-4650-a492-b68fe6c3c09f	cfc178713e4d	;[asy]  ^ C:\Users\MARKEI~1\AppData\Local\Temp\asyprev_tvowmnov\r_cfc178713e4d.asy: 1.2: syntax error:  error: could not load module 'C:\Users\MARKEI~1\AppData\Local\Temp\asyprev_tvowmnov\r_cfc178713e4d.asy' 
5bdf4bb6-e6f7-4fec-87e3-884d8aebb91b	7ac7778de89c	;[asy]  ^ C:\Users\MARKEI~1\AppData\Local\Temp\asyprev_tvowmnov\r_7ac7778de89c.asy: 1.2: syntax error:  error: could not load module 'C:\Users\MARKEI~1\AppData\Local\Temp\asyprev_tvowmnov\r_7ac7778de89c.asy' 
5e5c56c1-f3f1-4887-901a-642e8019731f	8fbb12533789	;[asy]  ^ C:\Users\MARKEI~1\AppData\Local\Temp\asyprev_tvowmnov\r_8fbb12533789.asy: 1.2: syntax error:  error: could not load module 'C:\Users\MARKEI~1\AppData\Local\Temp\asyprev_tvowmnov\r_8fbb12533789.asy' 
613d492c-0c78-416e-b01b-9f3a88e3b195	4f1453104b90	;[asy]  ^ C:\Users\MARKEI~1\AppData\Local\Temp\asyprev_tvowmnov\r_4f1453104b90.asy: 1.2: syntax error:  error: could not load module 'C:\Users\MARKEI~1\AppData\Local\Temp\asyprev_tvowmnov\r_4f1453104b90.asy' 
63cd9a5f-a4ec-4cef-b659-a43e5cf915bf	f1def39975b8	;[asy]  ^ C:\Users\MARKEI~1\AppData\Local\Temp\asyprev_tvowmnov\r_f1def39975b8.asy: 1.2: syntax error:  error: could not load module 'C:\Users\MARKEI~1\AppData\Local\Temp\asyprev_tvowmnov\r_f1def39975b8.asy' 
63f078ca-1aed-49f6-b7b3-831c29e5a576	4ab70079edbd	[asy] ^ C:\Users\MARKEI~1\AppData\Local\Temp\asyprev_tvowmnov\r_4ab70079edbd.asy: 1.1: syntax error:  error: could not load module 'C:\Users\MARKEI~1\AppData\Local\Temp\asyprev_tvowmnov\r_4ab70079edbd.asy' 
64811561-7ce9-4893-bf72-9bba054e7aea	742fa443849c	;[asy]  ^ C:\Users\MARKEI~1\AppData\Local\Temp\asyprev_tvowmnov\r_742fa443849c.asy: 1.2: syntax error:  error: could not load module 'C:\Users\MARKEI~1\AppData\Local\Temp\asyprev_tvowmnov\r_742fa443849c.asy' 
67fa18a0-7d4c-42fe-9787-1b49c33f031d	a36f4cd175e5	;[asy]  ^ C:\Users\MARKEI~1\AppData\Local\Temp\asyprev_tvowmnov\r_a36f4cd175e5.asy: 1.2: syntax error:  error: could not load module 'C:\Users\MARKEI~1\AppData\Local\Temp\asyprev_tvowmnov\r_a36f4cd175e5.asy' 
6a4b8193-e6f1-4570-a85e-c5d2adef29f8	b4cd8f057cc0	[asy] ^ C:\Users\MARKEI~1\AppData\Local\Temp\asyprev_tvowmnov\r_b4cd8f057cc0.asy: 1.1: syntax error:  error: could not load module 'C:\Users\MARKEI~1\AppData\Local\Temp\asyprev_tvowmnov\r_b4cd8f057cc0.asy' 
6a7fde39-4a97-4b73-8893-a076e7d83e0c	9607a279b027	;[asy]  ^ C:\Users\MARKEI~1\AppData\Local\Temp\asyprev_tvowmnov\r_9607a279b027.asy: 1.2: syntax error:  error: could not load module 'C:\Users\MARKEI~1\AppData\Local\Temp\asyprev_tvowmnov\r_9607a279b027.asy' 
6adddc7e-ff3c-4ba2-aba5-dee2ff5328cd	6ea215dff666	;[asy]//unitsize(3cm);  ^ C:\Users\MARKEI~1\AppData\Local\Temp\asyprev_tvowmnov\r_6ea215dff666.asy: 1.2: syntax error:  error: could not load module 'C:\Users\MARKEI~1\AppData\Local\Temp\asyprev_tvowmnov\r_6ea215dff666.asy' 
6cf5af78-85ea-41e8-a291-bf5ab5464e15	5d1f067175e5	;[asy]  ^ C:\Users\MARKEI~1\AppData\Local\Temp\asyprev_tvowmnov\r_5d1f067175e5.asy: 1.2: syntax error:  error: could not load module 'C:\Users\MARKEI~1\AppData\Local\Temp\asyprev_tvowmnov\r_5d1f067175e5.asy' 
6f77f3bd-f18d-44c9-b5e3-4d60b78799aa	dc90bd5dcaa6	;[asy]  ^ C:\Users\MARKEI~1\AppData\Local\Temp\asyprev_tvowmnov\r_dc90bd5dcaa6.asy: 1.2: syntax error:  error: could not load module 'C:\Users\MARKEI~1\AppData\Local\Temp\asyprev_tvowmnov\r_dc90bd5dcaa6.asy' 
70860359-de85-4183-9001-77ba45843dd8	726eb910661c	;[asy]  ^ C:\Users\MARKEI~1\AppData\Local\Temp\asyprev_tvowmnov\r_726eb910661c.asy: 1.2: syntax error:  error: could not load module 'C:\Users\MARKEI~1\AppData\Local\Temp\asyprev_tvowmnov\r_726eb910661c.asy' 
7390fbd4-7e2c-445b-8d19-f61344a5ab7b	bff8f72ac402	;[asy]  ^ C:\Users\MARKEI~1\AppData\Local\Temp\asyprev_tvowmnov\r_bff8f72ac402.asy: 1.2: syntax error:  error: could not load module 'C:\Users\MARKEI~1\AppData\Local\Temp\asyprev_tvowmnov\r_bff8f72ac402.asy' 
75b70fb0-61be-4f3e-9a5c-2425ef24a522	1f60ed9febeb	;[asy]  ^ C:\Users\MARKEI~1\AppData\Local\Temp\asyprev_tvowmnov\r_1f60ed9febeb.asy: 1.2: syntax error:  error: could not load module 'C:\Users\MARKEI~1\AppData\Local\Temp\asyprev_tvowmnov\r_1f60ed9febeb.asy' 
76a28f6b-e1b2-47c6-af25-0b919fd91a52	ef3318051fa5	;[asy]  ^ C:\Users\MARKEI~1\AppData\Local\Temp\asyprev_tvowmnov\r_ef3318051fa5.asy: 1.2: syntax error:  error: could not load module 'C:\Users\MARKEI~1\AppData\Local\Temp\asyprev_tvowmnov\r_ef3318051fa5.asy' 
7857b36d-1d47-4d27-bcac-23e089aff0f2	ebf666c7df7e	;[asy]  ^ C:\Users\MARKEI~1\AppData\Local\Temp\asyprev_tvowmnov\r_ebf666c7df7e.asy: 1.2: syntax error:  error: could not load module 'C:\Users\MARKEI~1\AppData\Local\Temp\asyprev_tvowmnov\r_ebf666c7df7e.asy' 
7b714167-25bc-4b51-9e88-339b41c9a740	91f9646bb372	[asy] ^ C:\Users\MARKEI~1\AppData\Local\Temp\asyprev_tvowmnov\r_91f9646bb372.asy: 1.1: syntax error:  error: could not load module 'C:\Users\MARKEI~1\AppData\Local\Temp\asyprev_tvowmnov\r_91f9646bb372.asy' 
7c00a827-a6e2-4c21-b165-951957a42c08	34c1aa871e7a	;[asy]  ^ C:\Users\MARKEI~1\AppData\Local\Temp\asyprev_tvowmnov\r_34c1aa871e7a.asy: 1.2: syntax error:  error: could not load module 'C:\Users\MARKEI~1\AppData\Local\Temp\asyprev_tvowmnov\r_34c1aa871e7a.asy' 
7f87bbb1-d9f9-44b9-9855-17b4df47d30e	1c4a4f066efc	;[asy]  ^ C:\Users\MARKEI~1\AppData\Local\Temp\asyprev_tvowmnov\r_1c4a4f066efc.asy: 1.2: syntax error:  error: could not load module 'C:\Users\MARKEI~1\AppData\Local\Temp\asyprev_tvowmnov\r_1c4a4f066efc.asy' 
8a06ece7-371c-4d78-8c90-0e2aa9bead4d	f8bc18fa737a	;[asy]  ^ C:\Users\MARKEI~1\AppData\Local\Temp\asyprev_tvowmnov\r_f8bc18fa737a.asy: 1.2: syntax error:  error: could not load module 'C:\Users\MARKEI~1\AppData\Local\Temp\asyprev_tvowmnov\r_f8bc18fa737a.asy' 
868ecc0d-ad0e-42ba-be4b-536cc184a2a7	236e1cab15e2	;[asy]  ^ C:\Users\MARKEI~1\AppData\Local\Temp\asyprev_tvowmnov\r_236e1cab15e2.asy: 1.2: syntax error:  error: could not load module 'C:\Users\MARKEI~1\AppData\Local\Temp\asyprev_tvowmnov\r_236e1cab15e2.asy' 
8c72a0b0-97f0-4cdb-ac33-dd7fd7cce78e	5b08c723baa6	;[asy]  ^ C:\Users\MARKEI~1\AppData\Local\Temp\asyprev_tvowmnov\r_5b08c723baa6.asy: 1.2: syntax error:  error: could not load module 'C:\Users\MARKEI~1\AppData\Local\Temp\asyprev_tvowmnov\r_5b08c723baa6.asy' 
8f29db24-4e92-46e1-b858-aaaf867bb8ee	51dd75232e23	;[asy]  ^ C:\Users\MARKEI~1\AppData\Local\Temp\asyprev_tvowmnov\r_51dd75232e23.asy: 1.2: syntax error:  error: could not load module 'C:\Users\MARKEI~1\AppData\Local\Temp\asyprev_tvowmnov\r_51dd75232e23.asy' 
8f77bde8-ba87-49df-bf5f-872e171e95ff	4dce981cd2b6	;[asy]  ^ C:\Users\MARKEI~1\AppData\Local\Temp\asyprev_tvowmnov\r_4dce981cd2b6.asy: 1.2: syntax error:  error: could not load module 'C:\Users\MARKEI~1\AppData\Local\Temp\asyprev_tvowmnov\r_4dce981cd2b6.asy' 
8dcceeab-98ed-403d-bcfe-8478bdfb8022	33d7a293c0fc	;[asy]  ^ C:\Users\MARKEI~1\AppData\Local\Temp\asyprev_tvowmnov\r_33d7a293c0fc.asy: 1.2: syntax error:  error: could not load module 'C:\Users\MARKEI~1\AppData\Local\Temp\asyprev_tvowmnov\r_33d7a293c0fc.asy' 
916dc753-d5f3-43ea-b082-19facde4a740	800bbd9d37bc	;[asy]  ^ C:\Users\MARKEI~1\AppData\Local\Temp\asyprev_tvowmnov\r_800bbd9d37bc.asy: 1.2: syntax error:  error: could not load module 'C:\Users\MARKEI~1\AppData\Local\Temp\asyprev_tvowmnov\r_800bbd9d37bc.asy' 
9476795d-7d22-44c5-baaa-8771bb30d1e5	7f39488317d7	;[asy]  ^ C:\Users\MARKEI~1\AppData\Local\Temp\asyprev_tvowmnov\r_7f39488317d7.asy: 1.2: syntax error:  error: could not load module 'C:\Users\MARKEI~1\AppData\Local\Temp\asyprev_tvowmnov\r_7f39488317d7.asy' 
997b2613-f84f-42d1-9bb4-f98902b9e705	3a285167ab5e	;[asy]  ^ C:\Users\MARKEI~1\AppData\Local\Temp\asyprev_tvowmnov\r_3a285167ab5e.asy: 1.2: syntax error:  error: could not load module 'C:\Users\MARKEI~1\AppData\Local\Temp\asyprev_tvowmnov\r_3a285167ab5e.asy' 
9a9642a6-87f8-463a-b2a9-8c30ef2d76b2	1a9518dc45dc	;[asy]  ^ C:\Users\MARKEI~1\AppData\Local\Temp\asyprev_tvowmnov\r_1a9518dc45dc.asy: 1.2: syntax error:  error: could not load module 'C:\Users\MARKEI~1\AppData\Local\Temp\asyprev_tvowmnov\r_1a9518dc45dc.asy' 
9faa7a6d-23b8-4aab-8706-115f98019bb4	252d391178fc	;[asy]  ^ C:\Users\MARKEI~1\AppData\Local\Temp\asyprev_tvowmnov\r_252d391178fc.asy: 1.2: syntax error:  error: could not load module 'C:\Users\MARKEI~1\AppData\Local\Temp\asyprev_tvowmnov\r_252d391178fc.asy' 
a483ec5d-4031-491b-92a2-e62ea784f7bd	ce972305d7cb	;[asy]  ^ C:\Users\MARKEI~1\AppData\Local\Temp\asyprev_tvowmnov\r_ce972305d7cb.asy: 1.2: syntax error:  error: could not load module 'C:\Users\MARKEI~1\AppData\Local\Temp\asyprev_tvowmnov\r_ce972305d7cb.asy' 
a3b3b898-e9d4-4505-87b2-d7ada85fa034	7f21406a7b95	;[asy]  ^ C:\Users\MARKEI~1\AppData\Local\Temp\asyprev_tvowmnov\r_7f21406a7b95.asy: 1.2: syntax error:  error: could not load module 'C:\Users\MARKEI~1\AppData\Local\Temp\asyprev_tvowmnov\r_7f21406a7b95.asy' 
abb6f9b5-2524-4927-b601-ce672ac2f16a	9f17a87d0d25	;[asy]  ^ C:\Users\MARKEI~1\AppData\Local\Temp\asyprev_tvowmnov\r_9f17a87d0d25.asy: 1.2: syntax error:  error: could not load module 'C:\Users\MARKEI~1\AppData\Local\Temp\asyprev_tvowmnov\r_9f17a87d0d25.asy' 
bf208237-d20b-4add-a309-baf667ef48ba	f22cf6df5c5f	;[asy]  ^ C:\Users\MARKEI~1\AppData\Local\Temp\asyprev_tvowmnov\r_f22cf6df5c5f.asy: 1.2: syntax error:  error: could not load module 'C:\Users\MARKEI~1\AppData\Local\Temp\asyprev_tvowmnov\r_f22cf6df5c5f.asy' 
c04c718c-9fe7-4ecb-946a-1dae8eb32b90	e45a0c982f65	;[asy]  ^ C:\Users\MARKEI~1\AppData\Local\Temp\asyprev_tvowmnov\r_e45a0c982f65.asy: 1.2: syntax error:  error: could not load module 'C:\Users\MARKEI~1\AppData\Local\Temp\asyprev_tvowmnov\r_e45a0c982f65.asy' 
c2e37d89-2cb1-429f-95fa-3518821fb92d	12c62e7b02e3	;[asy]  ^ C:\Users\MARKEI~1\AppData\Local\Temp\asyprev_tvowmnov\r_12c62e7b02e3.asy: 1.2: syntax error:  error: could not load module 'C:\Users\MARKEI~1\AppData\Local\Temp\asyprev_tvowmnov\r_12c62e7b02e3.asy' 
c3e686af-ccf9-4629-b8d4-2dc505c529d5	24c3769680f8	[asy] ^ C:\Users\MARKEI~1\AppData\Local\Temp\asyprev_tvowmnov\r_24c3769680f8.asy: 1.1: syntax error:  error: could not load module 'C:\Users\MARKEI~1\AppData\Local\Temp\asyprev_tvowmnov\r_24c3769680f8.asy' 
c6d36e1d-337d-413a-a0d1-0711ab928fd3	30e59b3166f4	;[asy]  ^ C:\Users\MARKEI~1\AppData\Local\Temp\asyprev_tvowmnov\r_30e59b3166f4.asy: 1.2: syntax error:  error: could not load module 'C:\Users\MARKEI~1\AppData\Local\Temp\asyprev_tvowmnov\r_30e59b3166f4.asy' 
cba9d972-2992-40d3-804b-3c018029eab2	4ba6d0d19e8c	;[asy]  ^ C:\Users\MARKEI~1\AppData\Local\Temp\asyprev_tvowmnov\r_4ba6d0d19e8c.asy: 1.2: syntax error:  error: could not load module 'C:\Users\MARKEI~1\AppData\Local\Temp\asyprev_tvowmnov\r_4ba6d0d19e8c.asy' 
cc4f1ab8-c7ae-491c-8dca-cc92c7329ebd	8ed4fbc5322a	;[asy]  ^ C:\Users\MARKEI~1\AppData\Local\Temp\asyprev_tvowmnov\r_8ed4fbc5322a.asy: 1.2: syntax error:  error: could not load module 'C:\Users\MARKEI~1\AppData\Local\Temp\asyprev_tvowmnov\r_8ed4fbc5322a.asy' 
ce3fc511-abc6-4b04-aa20-62c9d049989f	1c16d1416236	;[asy]  ^ C:\Users\MARKEI~1\AppData\Local\Temp\asyprev_tvowmnov\r_1c16d1416236.asy: 1.2: syntax error:  error: could not load module 'C:\Users\MARKEI~1\AppData\Local\Temp\asyprev_tvowmnov\r_1c16d1416236.asy' 
cf341bbc-18d9-4f9f-8174-c2cc3bfbfcef	70e796b5d836	[asy] ^ C:\Users\MARKEI~1\AppData\Local\Temp\asyprev_tvowmnov\r_70e796b5d836.asy: 1.1: syntax error:  error: could not load module 'C:\Users\MARKEI~1\AppData\Local\Temp\asyprev_tvowmnov\r_70e796b5d836.asy' 
d20665b5-942d-4391-a34f-307ac019c396	9d8851a17c8f	;[asy]  ^ C:\Users\MARKEI~1\AppData\Local\Temp\asyprev_tvowmnov\r_9d8851a17c8f.asy: 1.2: syntax error:  error: could not load module 'C:\Users\MARKEI~1\AppData\Local\Temp\asyprev_tvowmnov\r_9d8851a17c8f.asy' 
d221f6b9-55d3-4f46-99e9-2fb72387d400	47f06c163953	;[asy]  ^ C:\Users\MARKEI~1\AppData\Local\Temp\asyprev_tvowmnov\r_47f06c163953.asy: 1.2: syntax error:  error: could not load module 'C:\Users\MARKEI~1\AppData\Local\Temp\asyprev_tvowmnov\r_47f06c163953.asy' 
d32a5f19-dfaa-473b-aa2a-cc7aa92349c9	9527fae5074e	;[asy]  ^ C:\Users\MARKEI~1\AppData\Local\Temp\asyprev_tvowmnov\r_9527fae5074e.asy: 1.2: syntax error:  error: could not load module 'C:\Users\MARKEI~1\AppData\Local\Temp\asyprev_tvowmnov\r_9527fae5074e.asy' 
d4c983df-c5ed-4275-931f-99ea43505c60	f4274e95b2c7	;[asy]  ^ C:\Users\MARKEI~1\AppData\Local\Temp\asyprev_tvowmnov\r_f4274e95b2c7.asy: 1.2: syntax error:  error: could not load module 'C:\Users\MARKEI~1\AppData\Local\Temp\asyprev_tvowmnov\r_f4274e95b2c7.asy' 
dd9fe827-6a34-4c18-9cc8-ee8437d20b3d	6b424ef36dcd	;[asy]  ^ C:\Users\MARKEI~1\AppData\Local\Temp\asyprev_tvowmnov\r_6b424ef36dcd.asy: 1.2: syntax error:  error: could not load module 'C:\Users\MARKEI~1\AppData\Local\Temp\asyprev_tvowmnov\r_6b424ef36dcd.asy' 
d4917b8f-67ba-4c85-9c0b-ad515c416dc0	8787105be5a2	;[asy]  ^ C:\Users\MARKEI~1\AppData\Local\Temp\asyprev_tvowmnov\r_8787105be5a2.asy: 1.2: syntax error:  error: could not load module 'C:\Users\MARKEI~1\AppData\Local\Temp\asyprev_tvowmnov\r_8787105be5a2.asy' 
de59235e-c6c7-473b-95e7-bb5ae29ae7d0	add475c3d13b	[asy] ^ C:\Users\MARKEI~1\AppData\Local\Temp\asyprev_tvowmnov\r_add475c3d13b.asy: 1.1: syntax error:  error: could not load module 'C:\Users\MARKEI~1\AppData\Local\Temp\asyprev_tvowmnov\r_add475c3d13b.asy' 
ee416353-b6b5-4381-8ac1-66695d8b977b	4cd011cacf07	;[asy]  ^ C:\Users\MARKEI~1\AppData\Local\Temp\asyprev_tvowmnov\r_4cd011cacf07.asy: 1.2: syntax error:  error: could not load module 'C:\Users\MARKEI~1\AppData\Local\Temp\asyprev_tvowmnov\r_4cd011cacf07.asy' 
e222610c-c860-49fd-af1b-59a49f1134f9	8ca84bd2689d	[asy] ^ C:\Users\MARKEI~1\AppData\Local\Temp\asyprev_tvowmnov\r_8ca84bd2689d.asy: 1.1: syntax error:  error: could not load module 'C:\Users\MARKEI~1\AppData\Local\Temp\asyprev_tvowmnov\r_8ca84bd2689d.asy' 
ee6b3c18-50d9-478d-b929-eb395c443345	19b27453749f	[asy] ^ C:\Users\MARKEI~1\AppData\Local\Temp\asyprev_tvowmnov\r_19b27453749f.asy: 1.1: syntax error:  error: could not load module 'C:\Users\MARKEI~1\AppData\Local\Temp\asyprev_tvowmnov\r_19b27453749f.asy' 
f3403923-0cb3-460f-a9ff-45b4393a81c5	774172da019d	;[asy]  ^ C:\Users\MARKEI~1\AppData\Local\Temp\asyprev_tvowmnov\r_774172da019d.asy: 1.2: syntax error:  error: could not load module 'C:\Users\MARKEI~1\AppData\Local\Temp\asyprev_tvowmnov\r_774172da019d.asy' 
f24c847c-3c2f-4801-9fd0-8189b9acf7a1	90ddf62cdcdd	;[asy]  ^ C:\Users\MARKEI~1\AppData\Local\Temp\asyprev_tvowmnov\r_90ddf62cdcdd.asy: 1.2: syntax error:  error: could not load module 'C:\Users\MARKEI~1\AppData\Local\Temp\asyprev_tvowmnov\r_90ddf62cdcdd.asy' 
f9968902-2412-4ab1-81ad-47633a12a7e1	fde8ce08cf29	;[asy]  ^ C:\Users\MARKEI~1\AppData\Local\Temp\asyprev_tvowmnov\r_fde8ce08cf29.asy: 1.2: syntax error:  error: could not load module 'C:\Users\MARKEI~1\AppData\Local\Temp\asyprev_tvowmnov\r_fde8ce08cf29.asy' 
fa701cc6-5b7f-4633-8b10-b6943857f728	4a51f1a5f49b	;[asy]  ^ C:\Users\MARKEI~1\AppData\Local\Temp\asyprev_tvowmnov\r_4a51f1a5f49b.asy: 1.2: syntax error:  error: could not load module 'C:\Users\MARKEI~1\AppData\Local\Temp\asyprev_tvowmnov\r_4a51f1a5f49b.asy' 
5de1ce99-6534-4ac4-8dca-11b9775f2d85	8c1548cf7f9c	;[asy]  ^ C:\Users\MARKEI~1\AppData\Local\Temp\asyprev_tvowmnov\r_8c1548cf7f9c.asy: 1.2: syntax error:  error: could not load module 'C:\Users\MARKEI~1\AppData\Local\Temp\asyprev_tvowmnov\r_8c1548cf7f9c.asy' 
fd4d3aa7-8171-4438-ad8b-63a3c1dc7466	1d7a62a5f39f	;[asy]  ^ C:\Users\MARKEI~1\AppData\Local\Temp\asyprev_tvowmnov\r_1d7a62a5f39f.asy: 1.2: syntax error:  error: could not load module 'C:\Users\MARKEI~1\AppData\Local\Temp\asyprev_tvowmnov\r_1d7a62a5f39f.asy' 
317b1145-2f3a-4fe4-b87f-c93b272020da	615f0143c5ed	;[asy]  ^ C:\Users\MARKEI~1\AppData\Local\Temp\asyprev_tvowmnov\r_615f0143c5ed.asy: 1.2: syntax error:  error: could not load module 'C:\Users\MARKEI~1\AppData\Local\Temp\asyprev_tvowmnov\r_615f0143c5ed.asy' 
5c2a2737-f3ff-464c-92c6-71afa4b69777	c6a9a2896cdc	;[asy]  ^ C:\Users\MARKEI~1\AppData\Local\Temp\asyprev_tvowmnov\r_c6a9a2896cdc.asy: 1.2: syntax error:  error: could not load module 'C:\Users\MARKEI~1\AppData\Local\Temp\asyprev_tvowmnov\r_c6a9a2896cdc.asy' 
689b6763-650f-479f-9cb5-e2999fa05384	ce05dd4c0908	;[asy]  ^ C:\Users\MARKEI~1\AppData\Local\Temp\asyprev_tvowmnov\r_ce05dd4c0908.asy: 1.2: syntax error:  error: could not load module 'C:\Users\MARKEI~1\AppData\Local\Temp\asyprev_tvowmnov\r_ce05dd4c0908.asy' 
78265815-d321-438c-b4a7-861e194ad2db	51f9f366efc0	[asy] ^ C:\Users\MARKEI~1\AppData\Local\Temp\asyprev_tvowmnov\r_51f9f366efc0.asy: 1.1: syntax error:  error: could not load module 'C:\Users\MARKEI~1\AppData\Local\Temp\asyprev_tvowmnov\r_51f9f366efc0.asy' 
7ec4ae43-78fd-4fea-be8b-9e68464f87ef	5f1e77fec85d	;[asy]  ^ C:\Users\MARKEI~1\AppData\Local\Temp\asyprev_tvowmnov\r_5f1e77fec85d.asy: 1.2: syntax error:  error: could not load module 'C:\Users\MARKEI~1\AppData\Local\Temp\asyprev_tvowmnov\r_5f1e77fec85d.asy' 
c22b9adf-0988-4d14-a285-068b3f4c642e	d111064a58cc	;[asy]  ^ C:\Users\MARKEI~1\AppData\Local\Temp\asyprev_tvowmnov\r_d111064a58cc.asy: 1.2: syntax error:  error: could not load module 'C:\Users\MARKEI~1\AppData\Local\Temp\asyprev_tvowmnov\r_d111064a58cc.asy' 
09e5afee-d74e-4d7b-b264-7bc88de06cc3	f75e26b544fe	[asy] ^ C:\Users\MARKEI~1\AppData\Local\Temp\asyprev_tvowmnov\r_f75e26b544fe.asy: 1.1: syntax error:  error: could not load module 'C:\Users\MARKEI~1\AppData\Local\Temp\asyprev_tvowmnov\r_f75e26b544fe.asy' 
003e6a8a-6ea3-4cd9-a4e5-21c12bb4b136	1a093c524bf7	;[asy]  ^ C:\Users\MARKEI~1\AppData\Local\Temp\asyprev_tvowmnov\r_1a093c524bf7.asy: 1.2: syntax error:  error: could not load module 'C:\Users\MARKEI~1\AppData\Local\Temp\asyprev_tvowmnov\r_1a093c524bf7.asy' 
166e40c0-c8ec-4663-b819-2cd3272ad59c	939e4ef04a49	[asy] ^ C:\Users\MARKEI~1\AppData\Local\Temp\asyprev_tvowmnov\r_939e4ef04a49.asy: 1.1: syntax error:  error: could not load module 'C:\Users\MARKEI~1\AppData\Local\Temp\asyprev_tvowmnov\r_939e4ef04a49.asy' 
137100f0-e04b-4d00-bbe7-6a5506e74354	72201eaf0843	;[asy]  ^ C:\Users\MARKEI~1\AppData\Local\Temp\asyprev_tvowmnov\r_72201eaf0843.asy: 1.2: syntax error:  error: could not load module 'C:\Users\MARKEI~1\AppData\Local\Temp\asyprev_tvowmnov\r_72201eaf0843.asy' 
1af0e4fa-c4ca-49cf-a1b6-a81744d9a707	72353fc21d97	;[asy]  ^ C:\Users\MARKEI~1\AppData\Local\Temp\asyprev_tvowmnov\r_72353fc21d97.asy: 1.2: syntax error:  error: could not load module 'C:\Users\MARKEI~1\AppData\Local\Temp\asyprev_tvowmnov\r_72353fc21d97.asy' 
21539cb3-de76-4aea-847a-d9abc8292e86	86aaf0f4e63b	;[asy]  ^ C:\Users\MARKEI~1\AppData\Local\Temp\asyprev_tvowmnov\r_86aaf0f4e63b.asy: 1.2: syntax error:  error: could not load module 'C:\Users\MARKEI~1\AppData\Local\Temp\asyprev_tvowmnov\r_86aaf0f4e63b.asy' 
29756492-07e8-47ad-bc08-f85dd8dc3acc	8db4fae32b04	;[asy]  ^ C:\Users\MARKEI~1\AppData\Local\Temp\asyprev_tvowmnov\r_8db4fae32b04.asy: 1.2: syntax error:  error: could not load module 'C:\Users\MARKEI~1\AppData\Local\Temp\asyprev_tvowmnov\r_8db4fae32b04.asy' 
2b5034f8-1fd8-442c-99a1-57aab8fc166e	56d44a6d0f79	;[asy]  ^ C:\Users\MARKEI~1\AppData\Local\Temp\asyprev_tvowmnov\r_56d44a6d0f79.asy: 1.2: syntax error:  error: could not load module 'C:\Users\MARKEI~1\AppData\Local\Temp\asyprev_tvowmnov\r_56d44a6d0f79.asy' 
3139b726-4f1b-427e-aad2-52c70e7e562f	d0286ca2a428	;[asy]  ^ C:\Users\MARKEI~1\AppData\Local\Temp\asyprev_tvowmnov\r_d0286ca2a428.asy: 1.2: syntax error:  error: could not load module 'C:\Users\MARKEI~1\AppData\Local\Temp\asyprev_tvowmnov\r_d0286ca2a428.asy' 
4064d4b6-a793-47fd-8e1c-e812c3ec8174	a14c817e2f19	;[asy]  ^ C:\Users\MARKEI~1\AppData\Local\Temp\asyprev_tvowmnov\r_a14c817e2f19.asy: 1.2: syntax error:  error: could not load module 'C:\Users\MARKEI~1\AppData\Local\Temp\asyprev_tvowmnov\r_a14c817e2f19.asy' 
4275d647-b899-4489-8ad7-5624002fcbaa	07762978dd85	[asy] ^ C:\Users\MARKEI~1\AppData\Local\Temp\asyprev_tvowmnov\r_07762978dd85.asy: 1.1: syntax error:  error: could not load module 'C:\Users\MARKEI~1\AppData\Local\Temp\asyprev_tvowmnov\r_07762978dd85.asy' 
4c39aa83-cd9b-46c2-9fd5-81cd7636516b	39b3496d1c46	;[asy]  ^ C:\Users\MARKEI~1\AppData\Local\Temp\asyprev_tvowmnov\r_39b3496d1c46.asy: 1.2: syntax error:  error: could not load module 'C:\Users\MARKEI~1\AppData\Local\Temp\asyprev_tvowmnov\r_39b3496d1c46.asy' 
438900f8-6e80-4ba7-a84a-2d6e9e68de7c	fe4fa71c65cc	;[asy]  ^ C:\Users\MARKEI~1\AppData\Local\Temp\asyprev_tvowmnov\r_fe4fa71c65cc.asy: 1.2: syntax error:  error: could not load module 'C:\Users\MARKEI~1\AppData\Local\Temp\asyprev_tvowmnov\r_fe4fa71c65cc.asy' 
4f434dbf-7077-4cd4-8cbc-b6774b410335	da648c01acda	;[asy]  ^ C:\Users\MARKEI~1\AppData\Local\Temp\asyprev_tvowmnov\r_da648c01acda.asy: 1.2: syntax error:  error: could not load module 'C:\Users\MARKEI~1\AppData\Local\Temp\asyprev_tvowmnov\r_da648c01acda.asy' 
534ab4ab-3b7c-4e54-92bd-76f75773aec6	6d0d548622fd	;[asy]  ^ C:\Users\MARKEI~1\AppData\Local\Temp\asyprev_tvowmnov\r_6d0d548622fd.asy: 1.2: syntax error:  error: could not load module 'C:\Users\MARKEI~1\AppData\Local\Temp\asyprev_tvowmnov\r_6d0d548622fd.asy' 
53e5c992-f020-42f6-b2b3-7dcde45594d7	62c83682f4f5	;[asy]  ^ C:\Users\MARKEI~1\AppData\Local\Temp\asyprev_tvowmnov\r_62c83682f4f5.asy: 1.2: syntax error:  error: could not load module 'C:\Users\MARKEI~1\AppData\Local\Temp\asyprev_tvowmnov\r_62c83682f4f5.asy' 
5c04d356-ebfd-47a5-84b3-9c0c6db1801d	255b9948a05f	[asy] ^ C:\Users\MARKEI~1\AppData\Local\Temp\asyprev_tvowmnov\r_255b9948a05f.asy: 1.1: syntax error:  error: could not load module 'C:\Users\MARKEI~1\AppData\Local\Temp\asyprev_tvowmnov\r_255b9948a05f.asy' 
590897c2-d758-4b76-89c5-77a10b744266	d0c692cfd762	[asy] ^ C:\Users\MARKEI~1\AppData\Local\Temp\asyprev_tvowmnov\r_d0c692cfd762.asy: 1.1: syntax error:  error: could not load module 'C:\Users\MARKEI~1\AppData\Local\Temp\asyprev_tvowmnov\r_d0c692cfd762.asy' 
61ccb88a-00f9-44f9-83e5-7276035a4d47	b6136ca33dda	;[asy]  ^ C:\Users\MARKEI~1\AppData\Local\Temp\asyprev_tvowmnov\r_b6136ca33dda.asy: 1.2: syntax error:  error: could not load module 'C:\Users\MARKEI~1\AppData\Local\Temp\asyprev_tvowmnov\r_b6136ca33dda.asy' 
70a20362-d76f-451a-8997-04f37a5ad8b7	8f0a2869d2ab	[asy] ^ C:\Users\MARKEI~1\AppData\Local\Temp\asyprev_tvowmnov\r_8f0a2869d2ab.asy: 1.1: syntax error:  error: could not load module 'C:\Users\MARKEI~1\AppData\Local\Temp\asyprev_tvowmnov\r_8f0a2869d2ab.asy' 
727d4abd-91d4-46c5-9829-38eb1bb89591	7ac4b3a0a90c	[asy] ^ C:\Users\MARKEI~1\AppData\Local\Temp\asyprev_tvowmnov\r_7ac4b3a0a90c.asy: 1.1: syntax error:  error: could not load module 'C:\Users\MARKEI~1\AppData\Local\Temp\asyprev_tvowmnov\r_7ac4b3a0a90c.asy' 
7699a2bc-7d77-45c5-90d0-37f81e37e5ef	ec048da22b8e	[asy] ^ C:\Users\MARKEI~1\AppData\Local\Temp\asyprev_tvowmnov\r_ec048da22b8e.asy: 1.1: syntax error:  error: could not load module 'C:\Users\MARKEI~1\AppData\Local\Temp\asyprev_tvowmnov\r_ec048da22b8e.asy' 
7b5c6b31-dd8d-48c6-ade7-f9c5a7f75b5a	5bee83690ae4	;[asy]  ^ C:\Users\MARKEI~1\AppData\Local\Temp\asyprev_tvowmnov\r_5bee83690ae4.asy: 1.2: syntax error:  error: could not load module 'C:\Users\MARKEI~1\AppData\Local\Temp\asyprev_tvowmnov\r_5bee83690ae4.asy' 
864fd566-c1f9-48b1-aaeb-ae28a6aceb98	b085927aefff	;[asy]  ^ C:\Users\MARKEI~1\AppData\Local\Temp\asyprev_tvowmnov\r_b085927aefff.asy: 1.2: syntax error:  error: could not load module 'C:\Users\MARKEI~1\AppData\Local\Temp\asyprev_tvowmnov\r_b085927aefff.asy' 
8832c50b-0991-458e-b524-56bb1572c2f6	b1f6cc98ee6a	;[asy]  ^ C:\Users\MARKEI~1\AppData\Local\Temp\asyprev_tvowmnov\r_b1f6cc98ee6a.asy: 1.2: syntax error:  error: could not load module 'C:\Users\MARKEI~1\AppData\Local\Temp\asyprev_tvowmnov\r_b1f6cc98ee6a.asy' 
8b21131e-dbef-43dd-a069-b76810f07ef3	c3dffc07d710	;[asy]  ^ C:\Users\MARKEI~1\AppData\Local\Temp\asyprev_tvowmnov\r_c3dffc07d710.asy: 1.2: syntax error:  error: could not load module 'C:\Users\MARKEI~1\AppData\Local\Temp\asyprev_tvowmnov\r_c3dffc07d710.asy' 
9622f144-c57a-4974-8e66-d3d0945996b8	70635e2eabc7	[asy] ^ C:\Users\MARKEI~1\AppData\Local\Temp\asyprev_tvowmnov\r_70635e2eabc7.asy: 1.1: syntax error:  error: could not load module 'C:\Users\MARKEI~1\AppData\Local\Temp\asyprev_tvowmnov\r_70635e2eabc7.asy' 
9cf233a2-266c-4d7f-ba51-89d2f94f4d70	08668b8f4f0e	 ;[asy]   ^ C:\Users\MARKEI~1\AppData\Local\Temp\asyprev_tvowmnov\r_08668b8f4f0e.asy: 1.3: syntax error:  error: could not load module 'C:\Users\MARKEI~1\AppData\Local\Temp\asyprev_tvowmnov\r_08668b8f4f0e.asy' 
9e2fac95-49ab-4a49-aeff-caafcab378ea	82581afb04de	;[asy]  ^ C:\Users\MARKEI~1\AppData\Local\Temp\asyprev_tvowmnov\r_82581afb04de.asy: 1.2: syntax error:  error: could not load module 'C:\Users\MARKEI~1\AppData\Local\Temp\asyprev_tvowmnov\r_82581afb04de.asy' 
a6229f3f-540a-49c2-a975-db95aba25838	48ab50d3c92e	;[asy]  ^ C:\Users\MARKEI~1\AppData\Local\Temp\asyprev_tvowmnov\r_48ab50d3c92e.asy: 1.2: syntax error:  error: could not load module 'C:\Users\MARKEI~1\AppData\Local\Temp\asyprev_tvowmnov\r_48ab50d3c92e.asy' 
aa9c3474-f099-4cf0-b55e-3331037ee77f	21419ce994ce	;[asy]  ^ C:\Users\MARKEI~1\AppData\Local\Temp\asyprev_tvowmnov\r_21419ce994ce.asy: 1.2: syntax error:  error: could not load module 'C:\Users\MARKEI~1\AppData\Local\Temp\asyprev_tvowmnov\r_21419ce994ce.asy' 
acc5da68-52b8-4e4f-b182-793bf491fbcc	ac81b8c83efb	;[asy]  ^ C:\Users\MARKEI~1\AppData\Local\Temp\asyprev_tvowmnov\r_ac81b8c83efb.asy: 1.2: syntax error:  error: could not load module 'C:\Users\MARKEI~1\AppData\Local\Temp\asyprev_tvowmnov\r_ac81b8c83efb.asy' 
ae7fbe40-c9dc-4423-b906-3b0ac9c6d054	618682aa14a6	;[asy]  ^ C:\Users\MARKEI~1\AppData\Local\Temp\asyprev_tvowmnov\r_618682aa14a6.asy: 1.2: syntax error:  error: could not load module 'C:\Users\MARKEI~1\AppData\Local\Temp\asyprev_tvowmnov\r_618682aa14a6.asy' 
bad90ee9-f9fc-43f8-9440-3f8971f1ae9d	6d59200a8e69	 ;[asy]   ^ C:\Users\MARKEI~1\AppData\Local\Temp\asyprev_tvowmnov\r_6d59200a8e69.asy: 1.3: syntax error:  error: could not load module 'C:\Users\MARKEI~1\AppData\Local\Temp\asyprev_tvowmnov\r_6d59200a8e69.asy' 
c90e1387-96b7-4d9b-98ef-43e32d20d819	758ea7e200f4	;[asy]  ^ C:\Users\MARKEI~1\AppData\Local\Temp\asyprev_tvowmnov\r_758ea7e200f4.asy: 1.2: syntax error:  error: could not load module 'C:\Users\MARKEI~1\AppData\Local\Temp\asyprev_tvowmnov\r_758ea7e200f4.asy' 
d7fde061-7787-4620-a938-bbe633acc19f	9a46e30d0872	;[asy]  ^ C:\Users\MARKEI~1\AppData\Local\Temp\asyprev_tvowmnov\r_9a46e30d0872.asy: 1.2: syntax error:  error: could not load module 'C:\Users\MARKEI~1\AppData\Local\Temp\asyprev_tvowmnov\r_9a46e30d0872.asy' 
d9ebc1c1-16fb-4aa6-b0b1-8abd4f0392c4	7269e5d3d3e5	;[asy]  ^ C:\Users\MARKEI~1\AppData\Local\Temp\asyprev_tvowmnov\r_7269e5d3d3e5.asy: 1.2: syntax error:  error: could not load module 'C:\Users\MARKEI~1\AppData\Local\Temp\asyprev_tvowmnov\r_7269e5d3d3e5.asy' 
da045a6c-f4b5-4e37-b125-744da3e5efe7	7dfd09f7e0a2	;[asy]  ^ C:\Users\MARKEI~1\AppData\Local\Temp\asyprev_tvowmnov\r_7dfd09f7e0a2.asy: 1.2: syntax error:  error: could not load module 'C:\Users\MARKEI~1\AppData\Local\Temp\asyprev_tvowmnov\r_7dfd09f7e0a2.asy' 
f07a090a-afa7-44cd-9d48-c2ff39ba0ad7	8e52252b621b	[asy] ^ C:\Users\MARKEI~1\AppData\Local\Temp\asyprev_tvowmnov\r_8e52252b621b.asy: 1.1: syntax error:  error: could not load module 'C:\Users\MARKEI~1\AppData\Local\Temp\asyprev_tvowmnov\r_8e52252b621b.asy' 
f6f391a6-2fdb-44ae-af66-4da8064e0f87	ec7c902726e0	;[asy]  ^ C:\Users\MARKEI~1\AppData\Local\Temp\asyprev_tvowmnov\r_ec7c902726e0.asy: 1.2: syntax error:  error: could not load module 'C:\Users\MARKEI~1\AppData\Local\Temp\asyprev_tvowmnov\r_ec7c902726e0.asy' 
fc054388-ee8c-4c4e-8657-9ed6b04e4758	757548ef3e23	;[asy]  ^ C:\Users\MARKEI~1\AppData\Local\Temp\asyprev_tvowmnov\r_757548ef3e23.asy: 1.2: syntax error:  error: could not load module 'C:\Users\MARKEI~1\AppData\Local\Temp\asyprev_tvowmnov\r_757548ef3e23.asy' 
fe4126a3-a661-47f6-bfec-ca0d2190166d	88739365f9dd	;[asy]  ^ C:\Users\MARKEI~1\AppData\Local\Temp\asyprev_tvowmnov\r_88739365f9dd.asy: 1.2: syntax error:  error: could not load module 'C:\Users\MARKEI~1\AppData\Local\Temp\asyprev_tvowmnov\r_88739365f9dd.asy' 
ffd54482-89a4-47b5-b060-b48a73d85168	f5dd29c6d015	;[asy]  ^ C:\Users\MARKEI~1\AppData\Local\Temp\asyprev_tvowmnov\r_f5dd29c6d015.asy: 1.2: syntax error:  error: could not load module 'C:\Users\MARKEI~1\AppData\Local\Temp\asyprev_tvowmnov\r_f5dd29c6d015.asy' 
1b070c7e-8093-48f6-86fc-9bb0a0d59a7a	0b3865f5eea3	;[asy]  ^ C:\Users\MARKEI~1\AppData\Local\Temp\asyprev_tvowmnov\r_0b3865f5eea3.asy: 1.2: syntax error:  error: could not load module 'C:\Users\MARKEI~1\AppData\Local\Temp\asyprev_tvowmnov\r_0b3865f5eea3.asy' 
1db08444-bb61-4ed2-8e43-f250060d740f	3b687d46775f	;[asy]  ^ C:\Users\MARKEI~1\AppData\Local\Temp\asyprev_tvowmnov\r_3b687d46775f.asy: 1.2: syntax error:  error: could not load module 'C:\Users\MARKEI~1\AppData\Local\Temp\asyprev_tvowmnov\r_3b687d46775f.asy' 
30f2d798-ac29-437d-b319-ddc8f3df94fb	3b35faf9a21a	;[asy]  ^ C:\Users\MARKEI~1\AppData\Local\Temp\asyprev_tvowmnov\r_3b35faf9a21a.asy: 1.2: syntax error:  error: could not load module 'C:\Users\MARKEI~1\AppData\Local\Temp\asyprev_tvowmnov\r_3b35faf9a21a.asy' 
44a8b18c-84f0-49d0-a5c3-c7137e2c507e	cfb67e72332d	;[asy]  ^ C:\Users\MARKEI~1\AppData\Local\Temp\asyprev_tvowmnov\r_cfb67e72332d.asy: 1.2: syntax error:  error: could not load module 'C:\Users\MARKEI~1\AppData\Local\Temp\asyprev_tvowmnov\r_cfb67e72332d.asy' 
4e5ab3e2-d65e-49cd-9e1d-ccc01b6f6dce	2993df1acaca	;[asy]  ^ C:\Users\MARKEI~1\AppData\Local\Temp\asyprev_tvowmnov\r_2993df1acaca.asy: 1.2: syntax error:  error: could not load module 'C:\Users\MARKEI~1\AppData\Local\Temp\asyprev_tvowmnov\r_2993df1acaca.asy' 
4fa74643-0f2d-4d3c-a042-587025c6f04a	f9de9c2e6c23	;[asy]  ^ C:\Users\MARKEI~1\AppData\Local\Temp\asyprev_tvowmnov\r_f9de9c2e6c23.asy: 1.2: syntax error:  error: could not load module 'C:\Users\MARKEI~1\AppData\Local\Temp\asyprev_tvowmnov\r_f9de9c2e6c23.asy' 
51118a1a-64c6-44e6-a6fd-ef0503e7a33e	1e2e1623e60b	;[asy]  ^ C:\Users\MARKEI~1\AppData\Local\Temp\asyprev_tvowmnov\r_1e2e1623e60b.asy: 1.2: syntax error:  error: could not load module 'C:\Users\MARKEI~1\AppData\Local\Temp\asyprev_tvowmnov\r_1e2e1623e60b.asy' 
536e5a50-ddc9-4010-93e0-1ce337b9bac2	49dc09be405d	;[asy]  ^ C:\Users\MARKEI~1\AppData\Local\Temp\asyprev_tvowmnov\r_49dc09be405d.asy: 1.2: syntax error:  error: could not load module 'C:\Users\MARKEI~1\AppData\Local\Temp\asyprev_tvowmnov\r_49dc09be405d.asy' 
5795a120-c15b-4430-a211-bf8de972aade	7d5d7ebeb1d1	;[asy]  ^ C:\Users\MARKEI~1\AppData\Local\Temp\asyprev_tvowmnov\r_7d5d7ebeb1d1.asy: 1.2: syntax error:  error: could not load module 'C:\Users\MARKEI~1\AppData\Local\Temp\asyprev_tvowmnov\r_7d5d7ebeb1d1.asy' 
5def5156-fb66-44fc-a8e2-fcc159f87926	bdfadcb9d6ce	;[asy]  ^ C:\Users\MARKEI~1\AppData\Local\Temp\asyprev_tvowmnov\r_bdfadcb9d6ce.asy: 1.2: syntax error:  error: could not load module 'C:\Users\MARKEI~1\AppData\Local\Temp\asyprev_tvowmnov\r_bdfadcb9d6ce.asy' 
7610106d-7fc9-4dae-ac55-04bbcd950c33	7ba6ce7ce292	;[asy]  ^ C:\Users\MARKEI~1\AppData\Local\Temp\asyprev_tvowmnov\r_7ba6ce7ce292.asy: 1.2: syntax error:  error: could not load module 'C:\Users\MARKEI~1\AppData\Local\Temp\asyprev_tvowmnov\r_7ba6ce7ce292.asy' 
88328387-cc63-4f73-9f46-e04582be8070	47a97e6cefb7	;[asy]  ^ C:\Users\MARKEI~1\AppData\Local\Temp\asyprev_tvowmnov\r_47a97e6cefb7.asy: 1.2: syntax error:  error: could not load module 'C:\Users\MARKEI~1\AppData\Local\Temp\asyprev_tvowmnov\r_47a97e6cefb7.asy' 
8b1ac9cf-f3c2-4e99-ba38-23a2a73be465	709766ebee4d	[asy] ^ C:\Users\MARKEI~1\AppData\Local\Temp\asyprev_tvowmnov\r_709766ebee4d.asy: 1.1: syntax error:  error: could not load module 'C:\Users\MARKEI~1\AppData\Local\Temp\asyprev_tvowmnov\r_709766ebee4d.asy' 
8f7a6ca0-d52d-4779-9975-3f455fc0af5e	61baf9e855a4	[asy] ^ C:\Users\MARKEI~1\AppData\Local\Temp\asyprev_tvowmnov\r_61baf9e855a4.asy: 1.1: syntax error:  error: could not load module 'C:\Users\MARKEI~1\AppData\Local\Temp\asyprev_tvowmnov\r_61baf9e855a4.asy' 
9026c3dd-6f7e-4985-b4be-4fd626049946	1d48d7cd74a6	;[asy]  ^ C:\Users\MARKEI~1\AppData\Local\Temp\asyprev_tvowmnov\r_1d48d7cd74a6.asy: 1.2: syntax error:  error: could not load module 'C:\Users\MARKEI~1\AppData\Local\Temp\asyprev_tvowmnov\r_1d48d7cd74a6.asy' 
9de16e27-5f1a-4fe0-aa72-f534163700e0	c0e0bce59ba1	;[asy]  ^ C:\Users\MARKEI~1\AppData\Local\Temp\asyprev_tvowmnov\r_c0e0bce59ba1.asy: 1.2: syntax error:  error: could not load module 'C:\Users\MARKEI~1\AppData\Local\Temp\asyprev_tvowmnov\r_c0e0bce59ba1.asy' 
9e15874a-25b4-4492-b58c-5ff07d82eb9d	2e7644ced782	;[asy]  ^ C:\Users\MARKEI~1\AppData\Local\Temp\asyprev_tvowmnov\r_2e7644ced782.asy: 1.2: syntax error:  error: could not load module 'C:\Users\MARKEI~1\AppData\Local\Temp\asyprev_tvowmnov\r_2e7644ced782.asy' 
a5a5248e-d3e9-4475-9817-c0b5c6616430	809231159166	[asy] ^ C:\Users\MARKEI~1\AppData\Local\Temp\asyprev_tvowmnov\r_809231159166.asy: 1.1: syntax error:  error: could not load module 'C:\Users\MARKEI~1\AppData\Local\Temp\asyprev_tvowmnov\r_809231159166.asy' 
af6211ff-c1cc-4c70-a9e1-e80f15f2550d	3b81b80ea360	;[asy]  ^ C:\Users\MARKEI~1\AppData\Local\Temp\asyprev_tvowmnov\r_3b81b80ea360.asy: 1.2: syntax error:  error: could not load module 'C:\Users\MARKEI~1\AppData\Local\Temp\asyprev_tvowmnov\r_3b81b80ea360.asy' 
cdf1694a-6f86-4ede-9990-83b792a69c8a	b69588955d2e	;[asy]  ^ C:\Users\MARKEI~1\AppData\Local\Temp\asyprev_tvowmnov\r_b69588955d2e.asy: 1.2: syntax error:  error: could not load module 'C:\Users\MARKEI~1\AppData\Local\Temp\asyprev_tvowmnov\r_b69588955d2e.asy' 
cef74ad8-3bb3-432d-be45-89d1882e3582	b628de3f72f3	;[asy]  ^ C:\Users\MARKEI~1\AppData\Local\Temp\asyprev_tvowmnov\r_b628de3f72f3.asy: 1.2: syntax error:  error: could not load module 'C:\Users\MARKEI~1\AppData\Local\Temp\asyprev_tvowmnov\r_b628de3f72f3.asy' 
d03d9922-f0cb-44cb-b75c-e103c959419d	a5d052af19f1	;[asy]  ^ C:\Users\MARKEI~1\AppData\Local\Temp\asyprev_tvowmnov\r_a5d052af19f1.asy: 1.2: syntax error:  error: could not load module 'C:\Users\MARKEI~1\AppData\Local\Temp\asyprev_tvowmnov\r_a5d052af19f1.asy' 
cf44470c-c08b-4773-baa3-fb16d05cd7bc	368d1c7325ab	;[asy]  ^ C:\Users\MARKEI~1\AppData\Local\Temp\asyprev_tvowmnov\r_368d1c7325ab.asy: 1.2: syntax error:  error: could not load module 'C:\Users\MARKEI~1\AppData\Local\Temp\asyprev_tvowmnov\r_368d1c7325ab.asy' 
d799ae48-dfff-4da7-97e3-cc6124c764fb	70e2b170d037	;[asy]  ^ C:\Users\MARKEI~1\AppData\Local\Temp\asyprev_tvowmnov\r_70e2b170d037.asy: 1.2: syntax error:  error: could not load module 'C:\Users\MARKEI~1\AppData\Local\Temp\asyprev_tvowmnov\r_70e2b170d037.asy' 
f551b9b9-bf48-46c0-9680-a13668de94d3	81e02f108dcf	;[asy]  ^ C:\Users\MARKEI~1\AppData\Local\Temp\asyprev_tvowmnov\r_81e02f108dcf.asy: 1.2: syntax error:  error: could not load module 'C:\Users\MARKEI~1\AppData\Local\Temp\asyprev_tvowmnov\r_81e02f108dcf.asy' 
24d3dc80-cc51-41aa-83a6-91b56342da3a	85c6d7ba0135	;[asy]  ^ C:\Users\MARKEI~1\AppData\Local\Temp\asyprev_tvowmnov\r_85c6d7ba0135.asy: 1.2: syntax error:  error: could not load module 'C:\Users\MARKEI~1\AppData\Local\Temp\asyprev_tvowmnov\r_85c6d7ba0135.asy' 
2fc1bd03-87d4-434e-ac2d-828b34c64844	c030295d6b3d	;[asy]  ^ C:\Users\MARKEI~1\AppData\Local\Temp\asyprev_tvowmnov\r_c030295d6b3d.asy: 1.2: syntax error:  error: could not load module 'C:\Users\MARKEI~1\AppData\Local\Temp\asyprev_tvowmnov\r_c030295d6b3d.asy' 
41683fe0-5888-41d7-83ed-3f42828e9def	b5ea9fd0e2b9	;[asy]  ^ C:\Users\MARKEI~1\AppData\Local\Temp\asyprev_tvowmnov\r_b5ea9fd0e2b9.asy: 1.2: syntax error:  error: could not load module 'C:\Users\MARKEI~1\AppData\Local\Temp\asyprev_tvowmnov\r_b5ea9fd0e2b9.asy' 
4dcfe97d-e40d-4cd6-afe2-51abaf7dc060	d2c775fa96c4	;[asy]  ^ C:\Users\MARKEI~1\AppData\Local\Temp\asyprev_tvowmnov\r_d2c775fa96c4.asy: 1.2: syntax error:  error: could not load module 'C:\Users\MARKEI~1\AppData\Local\Temp\asyprev_tvowmnov\r_d2c775fa96c4.asy' 
526fdd59-dafd-47d2-bd0a-19affac89059	e055fd1aa253	[asy] ^ C:\Users\MARKEI~1\AppData\Local\Temp\asyprev_tvowmnov\r_e055fd1aa253.asy: 1.1: syntax error:  error: could not load module 'C:\Users\MARKEI~1\AppData\Local\Temp\asyprev_tvowmnov\r_e055fd1aa253.asy' 
61ec686e-1537-4ad0-b1c7-2059471a2d8d	27b4b200a53c	;[asy]  ^ C:\Users\MARKEI~1\AppData\Local\Temp\asyprev_tvowmnov\r_27b4b200a53c.asy: 1.2: syntax error:  error: could not load module 'C:\Users\MARKEI~1\AppData\Local\Temp\asyprev_tvowmnov\r_27b4b200a53c.asy' 
6de9331a-66e3-4928-879f-4151a6b93981	538708fcd6f6	;[asy]  ^ C:\Users\MARKEI~1\AppData\Local\Temp\asyprev_tvowmnov\r_538708fcd6f6.asy: 1.2: syntax error:  error: could not load module 'C:\Users\MARKEI~1\AppData\Local\Temp\asyprev_tvowmnov\r_538708fcd6f6.asy' 
6eee66fb-2d71-4b14-9cb4-fc2dd0289564	cb14548cf4c3	[asy] ^ C:\Users\MARKEI~1\AppData\Local\Temp\asyprev_tvowmnov\r_cb14548cf4c3.asy: 1.1: syntax error:  error: could not load module 'C:\Users\MARKEI~1\AppData\Local\Temp\asyprev_tvowmnov\r_cb14548cf4c3.asy' 
6eee769f-a312-41f3-a613-ce9dea627bc7	00da5e4f3c42	;[asy]  ^ C:\Users\MARKEI~1\AppData\Local\Temp\asyprev_tvowmnov\r_00da5e4f3c42.asy: 1.2: syntax error:  error: could not load module 'C:\Users\MARKEI~1\AppData\Local\Temp\asyprev_tvowmnov\r_00da5e4f3c42.asy' 
7c1387d0-653d-48e3-b9a9-4a1539af78e8	5976ec6ebfb1	;[asy]  ^ C:\Users\MARKEI~1\AppData\Local\Temp\asyprev_tvowmnov\r_5976ec6ebfb1.asy: 1.2: syntax error:  error: could not load module 'C:\Users\MARKEI~1\AppData\Local\Temp\asyprev_tvowmnov\r_5976ec6ebfb1.asy' 
7f0e70e6-bc50-46a4-adbc-cfe1351250ca	d9a272e336ef	;[asy]  ^ C:\Users\MARKEI~1\AppData\Local\Temp\asyprev_tvowmnov\r_d9a272e336ef.asy: 1.2: syntax error:  error: could not load module 'C:\Users\MARKEI~1\AppData\Local\Temp\asyprev_tvowmnov\r_d9a272e336ef.asy' 
89c9762d-5b25-4b41-9cbd-84835dac4e62	e75184fee2fc	;[asy]  ^ C:\Users\MARKEI~1\AppData\Local\Temp\asyprev_tvowmnov\r_e75184fee2fc.asy: 1.2: syntax error:  error: could not load module 'C:\Users\MARKEI~1\AppData\Local\Temp\asyprev_tvowmnov\r_e75184fee2fc.asy' 
f7d1cbd6-1b46-4d7f-b0ba-7ff1ddc4cba5	aa6560b09355	[asy] ^ C:\Users\MARKEI~1\AppData\Local\Temp\asyprev_tvowmnov\r_aa6560b09355.asy: 1.1: syntax error:  error: could not load module 'C:\Users\MARKEI~1\AppData\Local\Temp\asyprev_tvowmnov\r_aa6560b09355.asy' 
04653be2-c68a-4cf0-8995-b8da1cd3141f	4abe7accc743	;[asy]  ^ C:\Users\MARKEI~1\AppData\Local\Temp\asyprev_tvowmnov\r_4abe7accc743.asy: 1.2: syntax error:  error: could not load module 'C:\Users\MARKEI~1\AppData\Local\Temp\asyprev_tvowmnov\r_4abe7accc743.asy' 
05f5d7f0-d5ed-43aa-8690-c7839714edf5	7554b346a138	;[asy]  ^ C:\Users\MARKEI~1\AppData\Local\Temp\asyprev_tvowmnov\r_7554b346a138.asy: 1.2: syntax error:  error: could not load module 'C:\Users\MARKEI~1\AppData\Local\Temp\asyprev_tvowmnov\r_7554b346a138.asy' 
08388248-6168-489c-aefd-c190c874c3f9	346eb1a95cd2	[asy] ^ C:\Users\MARKEI~1\AppData\Local\Temp\asyprev_tvowmnov\r_346eb1a95cd2.asy: 1.1: syntax error:  error: could not load module 'C:\Users\MARKEI~1\AppData\Local\Temp\asyprev_tvowmnov\r_346eb1a95cd2.asy' 
0c208368-a54e-45d1-9b89-74dbf9449e49	bd03ecab9fb6	;[asy]  ^ C:\Users\MARKEI~1\AppData\Local\Temp\asyprev_tvowmnov\r_bd03ecab9fb6.asy: 1.2: syntax error:  error: could not load module 'C:\Users\MARKEI~1\AppData\Local\Temp\asyprev_tvowmnov\r_bd03ecab9fb6.asy' 
10dc4df7-8ce6-4a70-9ea5-9562c93d9153	08916e5311e7	[asy] ^ C:\Users\MARKEI~1\AppData\Local\Temp\asyprev_tvowmnov\r_08916e5311e7.asy: 1.1: syntax error:  error: could not load module 'C:\Users\MARKEI~1\AppData\Local\Temp\asyprev_tvowmnov\r_08916e5311e7.asy' 
4c4f6113-0d76-4600-84d1-97c408b9f89a	35c242e1ce1b	;[asy]  ^ C:\Users\MARKEI~1\AppData\Local\Temp\asyprev_tvowmnov\r_35c242e1ce1b.asy: 1.2: syntax error:  error: could not load module 'C:\Users\MARKEI~1\AppData\Local\Temp\asyprev_tvowmnov\r_35c242e1ce1b.asy' 
6b1ff0da-26c3-45b7-88d5-79636095ef23	de2c0f4bdce9	[asy] ^ C:\Users\MARKEI~1\AppData\Local\Temp\asyprev_tvowmnov\r_de2c0f4bdce9.asy: 1.1: syntax error:  error: could not load module 'C:\Users\MARKEI~1\AppData\Local\Temp\asyprev_tvowmnov\r_de2c0f4bdce9.asy' 
7e280986-ccf1-44d1-a30f-71f2f29f7266	9cbd02c463ef	;[asy]  ^ C:\Users\MARKEI~1\AppData\Local\Temp\asyprev_tvowmnov\r_9cbd02c463ef.asy: 1.2: syntax error:  error: could not load module 'C:\Users\MARKEI~1\AppData\Local\Temp\asyprev_tvowmnov\r_9cbd02c463ef.asy' 
88ea07f2-46ca-4596-b925-dcd4d0dcaea7	be9f66200c76	;[asy]  ^ C:\Users\MARKEI~1\AppData\Local\Temp\asyprev_tvowmnov\r_be9f66200c76.asy: 1.2: syntax error:  error: could not load module 'C:\Users\MARKEI~1\AppData\Local\Temp\asyprev_tvowmnov\r_be9f66200c76.asy' 
9e142464-318a-4ebd-aec8-0d8f4fcdcbbc	1ad271baad5d	;[asy]  ^ C:\Users\MARKEI~1\AppData\Local\Temp\asyprev_tvowmnov\r_1ad271baad5d.asy: 1.2: syntax error:  error: could not load module 'C:\Users\MARKEI~1\AppData\Local\Temp\asyprev_tvowmnov\r_1ad271baad5d.asy' 
a3d2c078-d3ab-434c-84da-955a015092b1	abee0dee6bc7	;[asy]  ^ C:\Users\MARKEI~1\AppData\Local\Temp\asyprev_tvowmnov\r_abee0dee6bc7.asy: 1.2: syntax error:  error: could not load module 'C:\Users\MARKEI~1\AppData\Local\Temp\asyprev_tvowmnov\r_abee0dee6bc7.asy' 
c5faffe4-c423-41d1-a4ad-b569b226d439	d67808f493ed	;[asy]  ^ C:\Users\MARKEI~1\AppData\Local\Temp\asyprev_tvowmnov\r_d67808f493ed.asy: 1.2: syntax error:  error: could not load module 'C:\Users\MARKEI~1\AppData\Local\Temp\asyprev_tvowmnov\r_d67808f493ed.asy' 
c2f20db7-8016-4f7f-90e7-8114014ce849	bffed783d520	;[asy]  ^ C:\Users\MARKEI~1\AppData\Local\Temp\asyprev_tvowmnov\r_bffed783d520.asy: 1.2: syntax error:  error: could not load module 'C:\Users\MARKEI~1\AppData\Local\Temp\asyprev_tvowmnov\r_bffed783d520.asy' 
d6dccafb-61d1-4307-aab5-b4a0ff600646	714216845dee	;[asy]  ^ C:\Users\MARKEI~1\AppData\Local\Temp\asyprev_tvowmnov\r_714216845dee.asy: 1.2: syntax error:  error: could not load module 'C:\Users\MARKEI~1\AppData\Local\Temp\asyprev_tvowmnov\r_714216845dee.asy' 
ca890c64-7216-4f67-ac43-539849be1305	8d9eca4a8a73	;[asy]  ^ C:\Users\MARKEI~1\AppData\Local\Temp\asyprev_tvowmnov\r_8d9eca4a8a73.asy: 1.2: syntax error:  error: could not load module 'C:\Users\MARKEI~1\AppData\Local\Temp\asyprev_tvowmnov\r_8d9eca4a8a73.asy' 
e126c94a-8a48-4bff-a446-a919a26f88f2	4c8110fbbc77	;[asy]  ^ C:\Users\MARKEI~1\AppData\Local\Temp\asyprev_tvowmnov\r_4c8110fbbc77.asy: 1.2: syntax error:  error: could not load module 'C:\Users\MARKEI~1\AppData\Local\Temp\asyprev_tvowmnov\r_4c8110fbbc77.asy' 
f2609314-21ba-4309-8851-d9125e9d032d	741b471d6d3d	;[asy]  ^ C:\Users\MARKEI~1\AppData\Local\Temp\asyprev_tvowmnov\r_741b471d6d3d.asy: 1.2: syntax error:  error: could not load module 'C:\Users\MARKEI~1\AppData\Local\Temp\asyprev_tvowmnov\r_741b471d6d3d.asy' 
f4896256-1d8b-4f2f-b2d2-5e42aab4dea9	4f9455718093	[asy] ^ C:\Users\MARKEI~1\AppData\Local\Temp\asyprev_tvowmnov\r_4f9455718093.asy: 1.1: syntax error:  error: could not load module 'C:\Users\MARKEI~1\AppData\Local\Temp\asyprev_tvowmnov\r_4f9455718093.asy' 
f39ba936-3f33-452c-a7b9-01d8bcef8ac9	af22c90a2666	;[asy]  ^ C:\Users\MARKEI~1\AppData\Local\Temp\asyprev_tvowmnov\r_af22c90a2666.asy: 1.2: syntax error:  error: could not load module 'C:\Users\MARKEI~1\AppData\Local\Temp\asyprev_tvowmnov\r_af22c90a2666.asy' 
0acef71e-02cd-4ba4-b3a1-d8a887af7a63	1107c82840e5	;[asy]  ^ C:\Users\MARKEI~1\AppData\Local\Temp\asyprev_tvowmnov\r_1107c82840e5.asy: 1.2: syntax error:  error: could not load module 'C:\Users\MARKEI~1\AppData\Local\Temp\asyprev_tvowmnov\r_1107c82840e5.asy' 
0adda9b2-0958-4ee4-8696-5e3b612a1053	2405ef71622a	;[asy]  ^ C:\Users\MARKEI~1\AppData\Local\Temp\asyprev_tvowmnov\r_2405ef71622a.asy: 1.2: syntax error:  error: could not load module 'C:\Users\MARKEI~1\AppData\Local\Temp\asyprev_tvowmnov\r_2405ef71622a.asy' 
0b4e0ef0-0e6c-4cd7-b173-71ccffb56413	06f9096bbffb	;[asy]  ^ C:\Users\MARKEI~1\AppData\Local\Temp\asyprev_tvowmnov\r_06f9096bbffb.asy: 1.2: syntax error:  error: could not load module 'C:\Users\MARKEI~1\AppData\Local\Temp\asyprev_tvowmnov\r_06f9096bbffb.asy' 
110853ac-7a9a-452d-a21b-c2ffd0609093	307fa20fd4b2	;[asy]  ^ C:\Users\MARKEI~1\AppData\Local\Temp\asyprev_tvowmnov\r_307fa20fd4b2.asy: 1.2: syntax error:  error: could not load module 'C:\Users\MARKEI~1\AppData\Local\Temp\asyprev_tvowmnov\r_307fa20fd4b2.asy' 
14de8c4d-2854-4f8e-ae7c-c9606b2b58e0	aa8284233228	[asy] ^ C:\Users\MARKEI~1\AppData\Local\Temp\asyprev_tvowmnov\r_aa8284233228.asy: 1.1: syntax error:  error: could not load module 'C:\Users\MARKEI~1\AppData\Local\Temp\asyprev_tvowmnov\r_aa8284233228.asy' 
16bf2d05-407c-4f4a-86e9-33ab5eb01632	fb9a6665b413	;[asy]  ^ C:\Users\MARKEI~1\AppData\Local\Temp\asyprev_tvowmnov\r_fb9a6665b413.asy: 1.2: syntax error:  error: could not load module 'C:\Users\MARKEI~1\AppData\Local\Temp\asyprev_tvowmnov\r_fb9a6665b413.asy' 
3a9f9b47-f929-4178-9aa7-e3bf268b9449	8bf97e36712e	;[asy]  ^ C:\Users\MARKEI~1\AppData\Local\Temp\asyprev_tvowmnov\r_8bf97e36712e.asy: 1.2: syntax error:  error: could not load module 'C:\Users\MARKEI~1\AppData\Local\Temp\asyprev_tvowmnov\r_8bf97e36712e.asy' 
43c931c6-98bc-47e2-95df-d7d46048c50e	0b1f915572da	;[asy]  ^ C:\Users\MARKEI~1\AppData\Local\Temp\asyprev_tvowmnov\r_0b1f915572da.asy: 1.2: syntax error:  error: could not load module 'C:\Users\MARKEI~1\AppData\Local\Temp\asyprev_tvowmnov\r_0b1f915572da.asy' 
538b241d-8939-427f-bdbe-ff3a4c4520b0	42d9603c52b3	;[asy]  ^ C:\Users\MARKEI~1\AppData\Local\Temp\asyprev_tvowmnov\r_42d9603c52b3.asy: 1.2: syntax error:  error: could not load module 'C:\Users\MARKEI~1\AppData\Local\Temp\asyprev_tvowmnov\r_42d9603c52b3.asy' 
626d1b39-549b-468b-9a0e-b4bcc4918dc6	eec6db55f885	;[asy]  ^ C:\Users\MARKEI~1\AppData\Local\Temp\asyprev_tvowmnov\r_eec6db55f885.asy: 1.2: syntax error:  error: could not load module 'C:\Users\MARKEI~1\AppData\Local\Temp\asyprev_tvowmnov\r_eec6db55f885.asy' 
63b8b443-465a-4831-8905-5901e8abe3bd	ea973ec098ed	;[asy]  ^ C:\Users\MARKEI~1\AppData\Local\Temp\asyprev_tvowmnov\r_ea973ec098ed.asy: 1.2: syntax error:  error: could not load module 'C:\Users\MARKEI~1\AppData\Local\Temp\asyprev_tvowmnov\r_ea973ec098ed.asy' 
80bcb07b-7458-4edf-9593-f5b61ac00ad8	4a93e4380326	;[asy]  ^ C:\Users\MARKEI~1\AppData\Local\Temp\asyprev_tvowmnov\r_4a93e4380326.asy: 1.2: syntax error:  error: could not load module 'C:\Users\MARKEI~1\AppData\Local\Temp\asyprev_tvowmnov\r_4a93e4380326.asy' 
9be91ed1-803b-4b88-b87d-9e148c664827	c3a2e3cbd2c8	;[asy]  ^ C:\Users\MARKEI~1\AppData\Local\Temp\asyprev_tvowmnov\r_c3a2e3cbd2c8.asy: 1.2: syntax error:  error: could not load module 'C:\Users\MARKEI~1\AppData\Local\Temp\asyprev_tvowmnov\r_c3a2e3cbd2c8.asy' 
9ea4cfc1-da8c-4340-8042-3242be26ff8e	44cb9e14d42e	;[asy]  ^ C:\Users\MARKEI~1\AppData\Local\Temp\asyprev_tvowmnov\r_44cb9e14d42e.asy: 1.2: syntax error:  error: could not load module 'C:\Users\MARKEI~1\AppData\Local\Temp\asyprev_tvowmnov\r_44cb9e14d42e.asy' 
a2d28839-c3c5-4857-bca0-e44e4defa200	e7942f91406b	[asy] ^ C:\Users\MARKEI~1\AppData\Local\Temp\asyprev_tvowmnov\r_e7942f91406b.asy: 1.1: syntax error:  error: could not load module 'C:\Users\MARKEI~1\AppData\Local\Temp\asyprev_tvowmnov\r_e7942f91406b.asy' 
d1580769-153e-4938-8bec-bc8929dd7dda	783418bfa12e	 ;[asy]   ^ C:\Users\MARKEI~1\AppData\Local\Temp\asyprev_tvowmnov\r_783418bfa12e.asy: 1.3: syntax error:  error: could not load module 'C:\Users\MARKEI~1\AppData\Local\Temp\asyprev_tvowmnov\r_783418bfa12e.asy' 
e7919303-42f9-4a77-aa27-04c7eda05f1d	590ec0bd666a	;[asy]  ^ C:\Users\MARKEI~1\AppData\Local\Temp\asyprev_tvowmnov\r_590ec0bd666a.asy: 1.2: syntax error:  error: could not load module 'C:\Users\MARKEI~1\AppData\Local\Temp\asyprev_tvowmnov\r_590ec0bd666a.asy' 
ed5b81f6-63c8-4ac1-9dc6-a881b30ea6b2	9400a35958b7	;[asy]  ^ C:\Users\MARKEI~1\AppData\Local\Temp\asyprev_tvowmnov\r_9400a35958b7.asy: 1.2: syntax error:  error: could not load module 'C:\Users\MARKEI~1\AppData\Local\Temp\asyprev_tvowmnov\r_9400a35958b7.asy' 
f41e0643-1706-4d39-b9f7-e6fa7e0b616f	886d03a7dcc9	;[asy]  ^ C:\Users\MARKEI~1\AppData\Local\Temp\asyprev_tvowmnov\r_886d03a7dcc9.asy: 1.2: syntax error:  error: could not load module 'C:\Users\MARKEI~1\AppData\Local\Temp\asyprev_tvowmnov\r_886d03a7dcc9.asy' 
ee380506-f829-4acd-addc-0ff34d5f4264	f660910772b2	;[asy]  ^ C:\Users\MARKEI~1\AppData\Local\Temp\asyprev_tvowmnov\r_f660910772b2.asy: 1.2: syntax error:  error: could not load module 'C:\Users\MARKEI~1\AppData\Local\Temp\asyprev_tvowmnov\r_f660910772b2.asy' 
f7f1d8d0-a873-453f-aa31-3544ceab78b5	d1a1458c0174	;[asy]  ^ C:\Users\MARKEI~1\AppData\Local\Temp\asyprev_tvowmnov\r_d1a1458c0174.asy: 1.2: syntax error:  error: could not load module 'C:\Users\MARKEI~1\AppData\Local\Temp\asyprev_tvowmnov\r_d1a1458c0174.asy' 
01a45edf-2d14-4786-b28e-31c247143d79	b14b91b95edd	;[asy]  ^ C:\Users\MARKEI~1\AppData\Local\Temp\asyprev_tvowmnov\r_b14b91b95edd.asy: 1.2: syntax error:  error: could not load module 'C:\Users\MARKEI~1\AppData\Local\Temp\asyprev_tvowmnov\r_b14b91b95edd.asy' 
059dfe6a-afbc-4eaa-b410-7c1c96fbdb0a	83c7f9cca2b2	;[asy]  ^ C:\Users\MARKEI~1\AppData\Local\Temp\asyprev_tvowmnov\r_83c7f9cca2b2.asy: 1.2: syntax error:  error: could not load module 'C:\Users\MARKEI~1\AppData\Local\Temp\asyprev_tvowmnov\r_83c7f9cca2b2.asy' 
0cac6f5b-a2b6-4f59-95d6-25a9068bc23f	feb36a1c1eaa	;[asy]  ^ C:\Users\MARKEI~1\AppData\Local\Temp\asyprev_tvowmnov\r_feb36a1c1eaa.asy: 1.2: syntax error:  error: could not load module 'C:\Users\MARKEI~1\AppData\Local\Temp\asyprev_tvowmnov\r_feb36a1c1eaa.asy' 
1196bf40-2d57-4aa9-8491-70c6d923610c	8cc298470a68	;[asy]  ^ C:\Users\MARKEI~1\AppData\Local\Temp\asyprev_tvowmnov\r_8cc298470a68.asy: 1.2: syntax error:  error: could not load module 'C:\Users\MARKEI~1\AppData\Local\Temp\asyprev_tvowmnov\r_8cc298470a68.asy' 
3e220ad0-cabc-4502-bb3f-010c6e16cde7	13b0204ed2b5	;[asy]  ^ C:\Users\MARKEI~1\AppData\Local\Temp\asyprev_tvowmnov\r_13b0204ed2b5.asy: 1.2: syntax error:  error: could not load module 'C:\Users\MARKEI~1\AppData\Local\Temp\asyprev_tvowmnov\r_13b0204ed2b5.asy' 
44c0bf46-b44a-48b0-9b7e-ff6f5a1467e8	751acd316ac7	;[asy]  ^ C:\Users\MARKEI~1\AppData\Local\Temp\asyprev_tvowmnov\r_751acd316ac7.asy: 1.2: syntax error:  error: could not load module 'C:\Users\MARKEI~1\AppData\Local\Temp\asyprev_tvowmnov\r_751acd316ac7.asy' 
4e8bc6ad-abb4-4429-b105-d594e318a2a5	589b1ddd62b6	;[asy]  ^ C:\Users\MARKEI~1\AppData\Local\Temp\asyprev_tvowmnov\r_589b1ddd62b6.asy: 1.2: syntax error:  error: could not load module 'C:\Users\MARKEI~1\AppData\Local\Temp\asyprev_tvowmnov\r_589b1ddd62b6.asy' 
495e7ad8-6fa2-4a80-940a-509a4e6871f4	de1fb93354cd	;[asy]  ^ C:\Users\MARKEI~1\AppData\Local\Temp\asyprev_tvowmnov\r_de1fb93354cd.asy: 1.2: syntax error:  error: could not load module 'C:\Users\MARKEI~1\AppData\Local\Temp\asyprev_tvowmnov\r_de1fb93354cd.asy' 
4a76db91-d85a-4446-a9d7-5a7a31f36756	16e479427bba	;[asy]  ^ C:\Users\MARKEI~1\AppData\Local\Temp\asyprev_tvowmnov\r_16e479427bba.asy: 1.2: syntax error:  error: could not load module 'C:\Users\MARKEI~1\AppData\Local\Temp\asyprev_tvowmnov\r_16e479427bba.asy' 
506fea22-5347-4572-a3d9-2fabdfe0af43	88efe9b7ea67	;[asy]  ^ C:\Users\MARKEI~1\AppData\Local\Temp\asyprev_tvowmnov\r_88efe9b7ea67.asy: 1.2: syntax error:  error: could not load module 'C:\Users\MARKEI~1\AppData\Local\Temp\asyprev_tvowmnov\r_88efe9b7ea67.asy' 
509d1e2c-f676-4592-9689-2ca36e1b54cb	81ec7cc6f1ce	;[asy]  ^ C:\Users\MARKEI~1\AppData\Local\Temp\asyprev_tvowmnov\r_81ec7cc6f1ce.asy: 1.2: syntax error:  error: could not load module 'C:\Users\MARKEI~1\AppData\Local\Temp\asyprev_tvowmnov\r_81ec7cc6f1ce.asy' 
5f44f27c-e94e-4520-b640-dc7a610c241c	4b5393fd4a1f	;[asy]  ^ C:\Users\MARKEI~1\AppData\Local\Temp\asyprev_tvowmnov\r_4b5393fd4a1f.asy: 1.2: syntax error:  error: could not load module 'C:\Users\MARKEI~1\AppData\Local\Temp\asyprev_tvowmnov\r_4b5393fd4a1f.asy' 
7926e932-e296-4c42-aab2-8faf8aae42c5	726bc344281f	;[asy]  ^ C:\Users\MARKEI~1\AppData\Local\Temp\asyprev_tvowmnov\r_726bc344281f.asy: 1.2: syntax error:  error: could not load module 'C:\Users\MARKEI~1\AppData\Local\Temp\asyprev_tvowmnov\r_726bc344281f.asy' 
829fe384-33f1-440c-ad09-75954e1582d3	25a92d875c74	;[asy]  ^ C:\Users\MARKEI~1\AppData\Local\Temp\asyprev_tvowmnov\r_25a92d875c74.asy: 1.2: syntax error:  error: could not load module 'C:\Users\MARKEI~1\AppData\Local\Temp\asyprev_tvowmnov\r_25a92d875c74.asy' 
7f9d7910-1b3f-4c41-bb5c-9295c72ecbf2	f16648b48d95	;[asy]  ^ C:\Users\MARKEI~1\AppData\Local\Temp\asyprev_tvowmnov\r_f16648b48d95.asy: 1.2: syntax error:  error: could not load module 'C:\Users\MARKEI~1\AppData\Local\Temp\asyprev_tvowmnov\r_f16648b48d95.asy' 
930594c2-ba34-4e0e-81ff-3609222e12fe	816bf2352e67	;[asy]  ^ C:\Users\MARKEI~1\AppData\Local\Temp\asyprev_tvowmnov\r_816bf2352e67.asy: 1.2: syntax error:  error: could not load module 'C:\Users\MARKEI~1\AppData\Local\Temp\asyprev_tvowmnov\r_816bf2352e67.asy' 
93334dd1-e387-4011-b296-480d2f1c3019	5e83e9aa054f	;[asy]  ^ C:\Users\MARKEI~1\AppData\Local\Temp\asyprev_tvowmnov\r_5e83e9aa054f.asy: 1.2: syntax error:  error: could not load module 'C:\Users\MARKEI~1\AppData\Local\Temp\asyprev_tvowmnov\r_5e83e9aa054f.asy' 
971cfd3e-9574-4869-9342-4910684be8ec	974676a2077e	;[asy]  ^ C:\Users\MARKEI~1\AppData\Local\Temp\asyprev_tvowmnov\r_974676a2077e.asy: 1.2: syntax error:  error: could not load module 'C:\Users\MARKEI~1\AppData\Local\Temp\asyprev_tvowmnov\r_974676a2077e.asy' 
9d142669-5aa9-471a-ac85-d742bc13f618	616667713ec1	;[asy]  ^ C:\Users\MARKEI~1\AppData\Local\Temp\asyprev_tvowmnov\r_616667713ec1.asy: 1.2: syntax error:  error: could not load module 'C:\Users\MARKEI~1\AppData\Local\Temp\asyprev_tvowmnov\r_616667713ec1.asy' 
a9ad8e8e-4e3c-4ca2-8da8-12e2adddc325	626774e52af6	;[asy]  ^ C:\Users\MARKEI~1\AppData\Local\Temp\asyprev_tvowmnov\r_626774e52af6.asy: 1.2: syntax error:  error: could not load module 'C:\Users\MARKEI~1\AppData\Local\Temp\asyprev_tvowmnov\r_626774e52af6.asy' 
b5336f38-5745-4cef-8db5-09fbe928e1ba	768254c3804d	;[asy]  ^ C:\Users\MARKEI~1\AppData\Local\Temp\asyprev_tvowmnov\r_768254c3804d.asy: 1.2: syntax error:  error: could not load module 'C:\Users\MARKEI~1\AppData\Local\Temp\asyprev_tvowmnov\r_768254c3804d.asy' 
b755f33e-3dc8-4759-9c5b-e9a3966788a5	5f7d46647bcf	;[asy]  ^ C:\Users\MARKEI~1\AppData\Local\Temp\asyprev_tvowmnov\r_5f7d46647bcf.asy: 1.2: syntax error:  error: could not load module 'C:\Users\MARKEI~1\AppData\Local\Temp\asyprev_tvowmnov\r_5f7d46647bcf.asy' 
c292c924-3860-4192-a64c-5cd6df5d4614	80bf92256aad	;[asy]  ^ C:\Users\MARKEI~1\AppData\Local\Temp\asyprev_tvowmnov\r_80bf92256aad.asy: 1.2: syntax error:  error: could not load module 'C:\Users\MARKEI~1\AppData\Local\Temp\asyprev_tvowmnov\r_80bf92256aad.asy' 
d2732e1b-eecc-4e88-9096-823bd7910409	3a770640702a	;[asy]  ^ C:\Users\MARKEI~1\AppData\Local\Temp\asyprev_tvowmnov\r_3a770640702a.asy: 1.2: syntax error:  error: could not load module 'C:\Users\MARKEI~1\AppData\Local\Temp\asyprev_tvowmnov\r_3a770640702a.asy' 
ea1817d0-b5aa-4e52-8443-4e64a8d729bf	959d5232080e	;[asy]  ^ C:\Users\MARKEI~1\AppData\Local\Temp\asyprev_tvowmnov\r_959d5232080e.asy: 1.2: syntax error:  error: could not load module 'C:\Users\MARKEI~1\AppData\Local\Temp\asyprev_tvowmnov\r_959d5232080e.asy' 
ec13dc88-f904-4f7a-868d-ed1af700450e	2fc6dc0423b5	;[asy]  ^ C:\Users\MARKEI~1\AppData\Local\Temp\asyprev_tvowmnov\r_2fc6dc0423b5.asy: 1.2: syntax error:  error: could not load module 'C:\Users\MARKEI~1\AppData\Local\Temp\asyprev_tvowmnov\r_2fc6dc0423b5.asy' 
f2b484db-8dca-4478-90cc-80b23d2557ba	221d85c8f1e9	;[asy]  ^ C:\Users\MARKEI~1\AppData\Local\Temp\asyprev_tvowmnov\r_221d85c8f1e9.asy: 1.2: syntax error:  error: could not load module 'C:\Users\MARKEI~1\AppData\Local\Temp\asyprev_tvowmnov\r_221d85c8f1e9.asy' 
ff94c249-9269-4381-bab8-77f7c90773a5	7245ed6b1c37	;[asy]  ^ C:\Users\MARKEI~1\AppData\Local\Temp\asyprev_tvowmnov\r_7245ed6b1c37.asy: 1.2: syntax error:  error: could not load module 'C:\Users\MARKEI~1\AppData\Local\Temp\asyprev_tvowmnov\r_7245ed6b1c37.asy' 
029d6f11-7b14-4f48-9cdb-86e058f84ea1	8194e06e11f5	;[asy]  ^ C:\Users\MARKEI~1\AppData\Local\Temp\asyprev_tvowmnov\r_8194e06e11f5.asy: 1.2: syntax error:  error: could not load module 'C:\Users\MARKEI~1\AppData\Local\Temp\asyprev_tvowmnov\r_8194e06e11f5.asy' 
1b8a7c5e-2ec3-476e-9db6-60336147039e	7a9b1c84b21e	;[asy]  ^ C:\Users\MARKEI~1\AppData\Local\Temp\asyprev_tvowmnov\r_7a9b1c84b21e.asy: 1.2: syntax error:  error: could not load module 'C:\Users\MARKEI~1\AppData\Local\Temp\asyprev_tvowmnov\r_7a9b1c84b21e.asy' 
219c205d-4a26-4a13-9b45-205df1c82a27	818c9e7d1f0e	;[asy]  ^ C:\Users\MARKEI~1\AppData\Local\Temp\asyprev_tvowmnov\r_818c9e7d1f0e.asy: 1.2: syntax error:  error: could not load module 'C:\Users\MARKEI~1\AppData\Local\Temp\asyprev_tvowmnov\r_818c9e7d1f0e.asy' 
29725888-38dc-482f-9271-78fca0f12b0d	4837f64ce2bf	;[asy]  ^ C:\Users\MARKEI~1\AppData\Local\Temp\asyprev_tvowmnov\r_4837f64ce2bf.asy: 1.2: syntax error:  error: could not load module 'C:\Users\MARKEI~1\AppData\Local\Temp\asyprev_tvowmnov\r_4837f64ce2bf.asy' 
2c11ada3-55c2-4848-89d5-9afba9d6ada1	212fa97eac62	[asy] ^ C:\Users\MARKEI~1\AppData\Local\Temp\asyprev_tvowmnov\r_212fa97eac62.asy: 1.1: syntax error:  error: could not load module 'C:\Users\MARKEI~1\AppData\Local\Temp\asyprev_tvowmnov\r_212fa97eac62.asy' 
34cd9222-c110-476a-ad8d-19968973dbcc	de23dbb832e4	;[asy]  ^ C:\Users\MARKEI~1\AppData\Local\Temp\asyprev_tvowmnov\r_de23dbb832e4.asy: 1.2: syntax error:  error: could not load module 'C:\Users\MARKEI~1\AppData\Local\Temp\asyprev_tvowmnov\r_de23dbb832e4.asy' 
3a3717ca-25b7-4941-b7ff-1b16f71990e2	1d576936a143	;[asy]  ^ C:\Users\MARKEI~1\AppData\Local\Temp\asyprev_tvowmnov\r_1d576936a143.asy: 1.2: syntax error:  error: could not load module 'C:\Users\MARKEI~1\AppData\Local\Temp\asyprev_tvowmnov\r_1d576936a143.asy' 
3d69998b-9eb2-4994-9b2b-599cee44a4d4	5fb42ff521a9	;[asy]  ^ C:\Users\MARKEI~1\AppData\Local\Temp\asyprev_tvowmnov\r_5fb42ff521a9.asy: 1.2: syntax error:  error: could not load module 'C:\Users\MARKEI~1\AppData\Local\Temp\asyprev_tvowmnov\r_5fb42ff521a9.asy' 
42378e8e-173e-45d6-87a9-4209da2b5aaf	39bbb21512b8	;[asy]  ^ C:\Users\MARKEI~1\AppData\Local\Temp\asyprev_tvowmnov\r_39bbb21512b8.asy: 1.2: syntax error:  error: could not load module 'C:\Users\MARKEI~1\AppData\Local\Temp\asyprev_tvowmnov\r_39bbb21512b8.asy' 
4cbc28ab-2226-4399-a0ca-805e2c9aa32e	0080c8f57d22	;[asy]  ^ C:\Users\MARKEI~1\AppData\Local\Temp\asyprev_tvowmnov\r_0080c8f57d22.asy: 1.2: syntax error:  error: could not load module 'C:\Users\MARKEI~1\AppData\Local\Temp\asyprev_tvowmnov\r_0080c8f57d22.asy' 
4d920be0-aafe-4a7c-ad98-9f6c8de7e6c7	67b87b04dd6f	;[asy]  ^ C:\Users\MARKEI~1\AppData\Local\Temp\asyprev_tvowmnov\r_67b87b04dd6f.asy: 1.2: syntax error:  error: could not load module 'C:\Users\MARKEI~1\AppData\Local\Temp\asyprev_tvowmnov\r_67b87b04dd6f.asy' 
524c3e90-4d92-4413-af44-3882011f6c5d	58dc4ce4898e	;[asy]  ^ C:\Users\MARKEI~1\AppData\Local\Temp\asyprev_tvowmnov\r_58dc4ce4898e.asy: 1.2: syntax error:  error: could not load module 'C:\Users\MARKEI~1\AppData\Local\Temp\asyprev_tvowmnov\r_58dc4ce4898e.asy' 
53df039f-7086-4537-98d8-0464de558803	c97373ae6d4f	;[asy]  ^ C:\Users\MARKEI~1\AppData\Local\Temp\asyprev_tvowmnov\r_c97373ae6d4f.asy: 1.2: syntax error:  error: could not load module 'C:\Users\MARKEI~1\AppData\Local\Temp\asyprev_tvowmnov\r_c97373ae6d4f.asy' 
54649a78-f965-4058-bf2b-f354aa98a4d9	f4ba1958a9df	;[asy]  ^ C:\Users\MARKEI~1\AppData\Local\Temp\asyprev_tvowmnov\r_f4ba1958a9df.asy: 1.2: syntax error:  error: could not load module 'C:\Users\MARKEI~1\AppData\Local\Temp\asyprev_tvowmnov\r_f4ba1958a9df.asy' 
5f36854f-366a-495f-85f5-28dc85f966bb	efa8efb6a061	;[asy]  ^ C:\Users\MARKEI~1\AppData\Local\Temp\asyprev_tvowmnov\r_efa8efb6a061.asy: 1.2: syntax error:  error: could not load module 'C:\Users\MARKEI~1\AppData\Local\Temp\asyprev_tvowmnov\r_efa8efb6a061.asy' 
6629435f-9050-4bcc-a7ff-d77cf9e56dd9	f5231e460748	;[asy]  ^ C:\Users\MARKEI~1\AppData\Local\Temp\asyprev_tvowmnov\r_f5231e460748.asy: 1.2: syntax error:  error: could not load module 'C:\Users\MARKEI~1\AppData\Local\Temp\asyprev_tvowmnov\r_f5231e460748.asy' 
741e4229-0778-4f53-a037-a5b98ad72d69	7ea6d6f08b5f	;[asy]  ^ C:\Users\MARKEI~1\AppData\Local\Temp\asyprev_tvowmnov\r_7ea6d6f08b5f.asy: 1.2: syntax error:  error: could not load module 'C:\Users\MARKEI~1\AppData\Local\Temp\asyprev_tvowmnov\r_7ea6d6f08b5f.asy' 
78a94b08-b7e9-4c1a-b2ef-ba3424cd6b3e	ff3ff3b8b5f6	;[asy]  ^ C:\Users\MARKEI~1\AppData\Local\Temp\asyprev_tvowmnov\r_ff3ff3b8b5f6.asy: 1.2: syntax error:  error: could not load module 'C:\Users\MARKEI~1\AppData\Local\Temp\asyprev_tvowmnov\r_ff3ff3b8b5f6.asy' 
7abee5b9-cbf3-4b43-a6e3-39d2777b345a	10ad38cb0395	;[asy]  ^ C:\Users\MARKEI~1\AppData\Local\Temp\asyprev_tvowmnov\r_10ad38cb0395.asy: 1.2: syntax error:  error: could not load module 'C:\Users\MARKEI~1\AppData\Local\Temp\asyprev_tvowmnov\r_10ad38cb0395.asy' 
7dd3b0dd-d852-49dc-bb00-d37dabe6518e	57ff3858df6a	;[asy]  ^ C:\Users\MARKEI~1\AppData\Local\Temp\asyprev_tvowmnov\r_57ff3858df6a.asy: 1.2: syntax error:  error: could not load module 'C:\Users\MARKEI~1\AppData\Local\Temp\asyprev_tvowmnov\r_57ff3858df6a.asy' 
7ee35bca-304d-4f6e-83d7-07b2ad9fb9b1	a21e9df4b311	;[asy]  ^ C:\Users\MARKEI~1\AppData\Local\Temp\asyprev_tvowmnov\r_a21e9df4b311.asy: 1.2: syntax error:  error: could not load module 'C:\Users\MARKEI~1\AppData\Local\Temp\asyprev_tvowmnov\r_a21e9df4b311.asy' 
81de665c-d622-4209-907c-23651ca65029	c420ba8bd01f	;[asy]  ^ C:\Users\MARKEI~1\AppData\Local\Temp\asyprev_tvowmnov\r_c420ba8bd01f.asy: 1.2: syntax error:  error: could not load module 'C:\Users\MARKEI~1\AppData\Local\Temp\asyprev_tvowmnov\r_c420ba8bd01f.asy' 
880480eb-aff1-451b-8234-86bdf59bd2b7	a63a0f8a2dbd	;[asy]  ^ C:\Users\MARKEI~1\AppData\Local\Temp\asyprev_tvowmnov\r_a63a0f8a2dbd.asy: 1.2: syntax error:  error: could not load module 'C:\Users\MARKEI~1\AppData\Local\Temp\asyprev_tvowmnov\r_a63a0f8a2dbd.asy' 
8b4af9bb-fed2-4509-86c9-a1aa0653b42c	3344a80751ff	;[asy]  ^ C:\Users\MARKEI~1\AppData\Local\Temp\asyprev_tvowmnov\r_3344a80751ff.asy: 1.2: syntax error:  error: could not load module 'C:\Users\MARKEI~1\AppData\Local\Temp\asyprev_tvowmnov\r_3344a80751ff.asy' 
8f568681-cad9-4d65-80f8-6ac06fe9eaef	24ce05aea7d9	;[asy]  ^ C:\Users\MARKEI~1\AppData\Local\Temp\asyprev_tvowmnov\r_24ce05aea7d9.asy: 1.2: syntax error:  error: could not load module 'C:\Users\MARKEI~1\AppData\Local\Temp\asyprev_tvowmnov\r_24ce05aea7d9.asy' 
941f785e-1872-410b-a163-db474c85883e	d67c9dfb6bbe	;[asy]  ^ C:\Users\MARKEI~1\AppData\Local\Temp\asyprev_tvowmnov\r_d67c9dfb6bbe.asy: 1.2: syntax error:  error: could not load module 'C:\Users\MARKEI~1\AppData\Local\Temp\asyprev_tvowmnov\r_d67c9dfb6bbe.asy' 
936e269e-a641-4a7f-8380-a9e80f106208	c93cd415c8b2	;[asy]  ^ C:\Users\MARKEI~1\AppData\Local\Temp\asyprev_tvowmnov\r_c93cd415c8b2.asy: 1.2: syntax error:  error: could not load module 'C:\Users\MARKEI~1\AppData\Local\Temp\asyprev_tvowmnov\r_c93cd415c8b2.asy' 
9b9045c1-8b97-47a4-8924-845abc581b09	8c80bd30a707	;[asy]  ^ C:\Users\MARKEI~1\AppData\Local\Temp\asyprev_tvowmnov\r_8c80bd30a707.asy: 1.2: syntax error:  error: could not load module 'C:\Users\MARKEI~1\AppData\Local\Temp\asyprev_tvowmnov\r_8c80bd30a707.asy' 
a2ee6fe9-a306-4d67-a999-6cfd863b034f	ec1ccbdbbd29	;[asy]  ^ C:\Users\MARKEI~1\AppData\Local\Temp\asyprev_tvowmnov\r_ec1ccbdbbd29.asy: 1.2: syntax error:  error: could not load module 'C:\Users\MARKEI~1\AppData\Local\Temp\asyprev_tvowmnov\r_ec1ccbdbbd29.asy' 
a35be401-ee6e-430f-8081-79d54dd03f11	39e5881f0daf	;[asy]  ^ C:\Users\MARKEI~1\AppData\Local\Temp\asyprev_tvowmnov\r_39e5881f0daf.asy: 1.2: syntax error:  error: could not load module 'C:\Users\MARKEI~1\AppData\Local\Temp\asyprev_tvowmnov\r_39e5881f0daf.asy' 
a619cbcd-11ed-4370-bbce-f11987b8a9b3	1e551f9e8d13	;[asy]  ^ C:\Users\MARKEI~1\AppData\Local\Temp\asyprev_tvowmnov\r_1e551f9e8d13.asy: 1.2: syntax error:  error: could not load module 'C:\Users\MARKEI~1\AppData\Local\Temp\asyprev_tvowmnov\r_1e551f9e8d13.asy' 
b57fb265-bec7-4527-b598-d958758117f7	86c00a06b15f	;[asy]  ^ C:\Users\MARKEI~1\AppData\Local\Temp\asyprev_tvowmnov\r_86c00a06b15f.asy: 1.2: syntax error:  error: could not load module 'C:\Users\MARKEI~1\AppData\Local\Temp\asyprev_tvowmnov\r_86c00a06b15f.asy' 
d06f20b2-c139-4fec-a6cb-bae150f6e7c8	354fc1f35f54	;[asy]  ^ C:\Users\MARKEI~1\AppData\Local\Temp\asyprev_tvowmnov\r_354fc1f35f54.asy: 1.2: syntax error:  error: could not load module 'C:\Users\MARKEI~1\AppData\Local\Temp\asyprev_tvowmnov\r_354fc1f35f54.asy' 
e0fc68ff-be21-4cde-99b4-68199a9c6339	d1ce129520d5	[asy] ^ C:\Users\MARKEI~1\AppData\Local\Temp\asyprev_tvowmnov\r_d1ce129520d5.asy: 1.1: syntax error:  error: could not load module 'C:\Users\MARKEI~1\AppData\Local\Temp\asyprev_tvowmnov\r_d1ce129520d5.asy' 
e53b0e12-8f87-4d83-ac47-da4f6f6e372e	11addaba34ec	;[asy]  ^ C:\Users\MARKEI~1\AppData\Local\Temp\asyprev_tvowmnov\r_11addaba34ec.asy: 1.2: syntax error:  error: could not load module 'C:\Users\MARKEI~1\AppData\Local\Temp\asyprev_tvowmnov\r_11addaba34ec.asy' 
e96fc040-17cd-4a0a-ae5f-2bf30de50ea0	749d4c26200c	;[asy]  ^ C:\Users\MARKEI~1\AppData\Local\Temp\asyprev_tvowmnov\r_749d4c26200c.asy: 1.2: syntax error:  error: could not load module 'C:\Users\MARKEI~1\AppData\Local\Temp\asyprev_tvowmnov\r_749d4c26200c.asy' 
ed98b7e0-f975-4479-898c-d7006712de2b	50a98f42717b	;[asy]  ^ C:\Users\MARKEI~1\AppData\Local\Temp\asyprev_tvowmnov\r_50a98f42717b.asy: 1.2: syntax error:  error: could not load module 'C:\Users\MARKEI~1\AppData\Local\Temp\asyprev_tvowmnov\r_50a98f42717b.asy' 
fab45915-71cf-41c2-a00a-d3078dd0994e	5aeebdfa342b	;[asy]  ^ C:\Users\MARKEI~1\AppData\Local\Temp\asyprev_tvowmnov\r_5aeebdfa342b.asy: 1.2: syntax error:  error: could not load module 'C:\Users\MARKEI~1\AppData\Local\Temp\asyprev_tvowmnov\r_5aeebdfa342b.asy' 
0bd0efde-482f-4690-af4a-fc8fbb2b0002	277c8dcf1d52	;[asy]  ^ C:\Users\MARKEI~1\AppData\Local\Temp\asyprev_tvowmnov\r_277c8dcf1d52.asy: 1.2: syntax error:  error: could not load module 'C:\Users\MARKEI~1\AppData\Local\Temp\asyprev_tvowmnov\r_277c8dcf1d52.asy' 
110e7681-19fc-476b-88f7-1fb31adcf207	790ddc9eb567	[asy] ^ C:\Users\MARKEI~1\AppData\Local\Temp\asyprev_tvowmnov\r_790ddc9eb567.asy: 1.1: syntax error:  error: could not load module 'C:\Users\MARKEI~1\AppData\Local\Temp\asyprev_tvowmnov\r_790ddc9eb567.asy' 
122b0a54-8312-4ffd-8dfa-c2176ade5cde	cd2adfe7f6d0	;[asy]  ^ C:\Users\MARKEI~1\AppData\Local\Temp\asyprev_tvowmnov\r_cd2adfe7f6d0.asy: 1.2: syntax error:  error: could not load module 'C:\Users\MARKEI~1\AppData\Local\Temp\asyprev_tvowmnov\r_cd2adfe7f6d0.asy' 
131ee66f-81e7-4d63-9b77-8e5bd9fc9332	a32e49d726e5	;[asy]  ^ C:\Users\MARKEI~1\AppData\Local\Temp\asyprev_tvowmnov\r_a32e49d726e5.asy: 1.2: syntax error:  error: could not load module 'C:\Users\MARKEI~1\AppData\Local\Temp\asyprev_tvowmnov\r_a32e49d726e5.asy' 
140939b2-3e57-4331-82d4-37d4981c513a	323d64aaa0b6	[asy] ^ C:\Users\MARKEI~1\AppData\Local\Temp\asyprev_tvowmnov\r_323d64aaa0b6.asy: 1.1: syntax error:  error: could not load module 'C:\Users\MARKEI~1\AppData\Local\Temp\asyprev_tvowmnov\r_323d64aaa0b6.asy' 
15b82bf9-4b0f-461d-9c2b-f125ac54509d	5a8871c8a7f7	[asy] ^ C:\Users\MARKEI~1\AppData\Local\Temp\asyprev_tvowmnov\r_5a8871c8a7f7.asy: 1.1: syntax error:  error: could not load module 'C:\Users\MARKEI~1\AppData\Local\Temp\asyprev_tvowmnov\r_5a8871c8a7f7.asy' 
1f361e5a-a1db-4760-a3ce-3a20f20bd08a	a6236b423d7e	;[asy]  ^ C:\Users\MARKEI~1\AppData\Local\Temp\asyprev_tvowmnov\r_a6236b423d7e.asy: 1.2: syntax error:  error: could not load module 'C:\Users\MARKEI~1\AppData\Local\Temp\asyprev_tvowmnov\r_a6236b423d7e.asy' 
27b2e74a-ef00-4754-8dc9-d9ce6ef83093	1205b2fb37fc	[asy] ^ C:\Users\MARKEI~1\AppData\Local\Temp\asyprev_tvowmnov\r_1205b2fb37fc.asy: 1.1: syntax error:  error: could not load module 'C:\Users\MARKEI~1\AppData\Local\Temp\asyprev_tvowmnov\r_1205b2fb37fc.asy' 
2af24a5c-e678-49e2-8dad-2bfdd6566747	2d0fad241c53	;[asy]  ^ C:\Users\MARKEI~1\AppData\Local\Temp\asyprev_tvowmnov\r_2d0fad241c53.asy: 1.2: syntax error:  error: could not load module 'C:\Users\MARKEI~1\AppData\Local\Temp\asyprev_tvowmnov\r_2d0fad241c53.asy' 
402d3fd7-d93b-4522-8a11-b74243c876d6	26f1a2d5cab3	;[asy]  ^ C:\Users\MARKEI~1\AppData\Local\Temp\asyprev_tvowmnov\r_26f1a2d5cab3.asy: 1.2: syntax error:  error: could not load module 'C:\Users\MARKEI~1\AppData\Local\Temp\asyprev_tvowmnov\r_26f1a2d5cab3.asy' 
4bf4933c-8146-466c-9529-b2a5963218b1	19a0b477c6e5	;[asy]  ^ C:\Users\MARKEI~1\AppData\Local\Temp\asyprev_tvowmnov\r_19a0b477c6e5.asy: 1.2: syntax error:  error: could not load module 'C:\Users\MARKEI~1\AppData\Local\Temp\asyprev_tvowmnov\r_19a0b477c6e5.asy' 
4c158fa6-04dc-4e03-a37a-93666b876010	37e745bb9704	;[asy]  ^ C:\Users\MARKEI~1\AppData\Local\Temp\asyprev_tvowmnov\r_37e745bb9704.asy: 1.2: syntax error:  error: could not load module 'C:\Users\MARKEI~1\AppData\Local\Temp\asyprev_tvowmnov\r_37e745bb9704.asy' 
6111436a-20f6-400e-82e0-a1a7af1f1751	169fda6d28e7	[asy] ^ C:\Users\MARKEI~1\AppData\Local\Temp\asyprev_tvowmnov\r_169fda6d28e7.asy: 1.1: syntax error:  error: could not load module 'C:\Users\MARKEI~1\AppData\Local\Temp\asyprev_tvowmnov\r_169fda6d28e7.asy' 
74d7373c-851d-46d3-9b52-80be1e476dcc	648bcf6a3e63	[asy] ^ C:\Users\MARKEI~1\AppData\Local\Temp\asyprev_tvowmnov\r_648bcf6a3e63.asy: 1.1: syntax error:  error: could not load module 'C:\Users\MARKEI~1\AppData\Local\Temp\asyprev_tvowmnov\r_648bcf6a3e63.asy' 
7adcb02a-9080-4fcc-b72d-e47b955bc436	af2c7044994b	;[asy]  ^ C:\Users\MARKEI~1\AppData\Local\Temp\asyprev_tvowmnov\r_af2c7044994b.asy: 1.2: syntax error:  error: could not load module 'C:\Users\MARKEI~1\AppData\Local\Temp\asyprev_tvowmnov\r_af2c7044994b.asy' 
804ad061-3cfd-475b-943e-890dc277ea19	f5dbff1eb146	[asy] ^ C:\Users\MARKEI~1\AppData\Local\Temp\asyprev_tvowmnov\r_f5dbff1eb146.asy: 1.1: syntax error:  error: could not load module 'C:\Users\MARKEI~1\AppData\Local\Temp\asyprev_tvowmnov\r_f5dbff1eb146.asy' 
81d7b773-9ed8-44b2-bceb-200a7ad14e96	8c96d73c4ce7	;[asy]  ^ C:\Users\MARKEI~1\AppData\Local\Temp\asyprev_tvowmnov\r_8c96d73c4ce7.asy: 1.2: syntax error:  error: could not load module 'C:\Users\MARKEI~1\AppData\Local\Temp\asyprev_tvowmnov\r_8c96d73c4ce7.asy' 
82fd66f4-313c-4fe8-9fca-f2a430805683	6d74675a1cb9	;[asy]  ^ C:\Users\MARKEI~1\AppData\Local\Temp\asyprev_tvowmnov\r_6d74675a1cb9.asy: 1.2: syntax error:  error: could not load module 'C:\Users\MARKEI~1\AppData\Local\Temp\asyprev_tvowmnov\r_6d74675a1cb9.asy' 
9977921e-30de-4a7d-9b94-ba79691a5f38	ffd8c5277919	;[asy]  ^ C:\Users\MARKEI~1\AppData\Local\Temp\asyprev_tvowmnov\r_ffd8c5277919.asy: 1.2: syntax error:  error: could not load module 'C:\Users\MARKEI~1\AppData\Local\Temp\asyprev_tvowmnov\r_ffd8c5277919.asy' 
ae65e8d3-7cdd-4f77-a505-2f7c6b82d9db	f9adc746cfb3	;[asy]  ^ C:\Users\MARKEI~1\AppData\Local\Temp\asyprev_tvowmnov\r_f9adc746cfb3.asy: 1.2: syntax error:  error: could not load module 'C:\Users\MARKEI~1\AppData\Local\Temp\asyprev_tvowmnov\r_f9adc746cfb3.asy' 
afeec7c0-f7d9-47fb-8f41-f322f9ec20a0	85c733760a24	[asy] ^ C:\Users\MARKEI~1\AppData\Local\Temp\asyprev_tvowmnov\r_85c733760a24.asy: 1.1: syntax error:  error: could not load module 'C:\Users\MARKEI~1\AppData\Local\Temp\asyprev_tvowmnov\r_85c733760a24.asy' 
b0a7ab64-5181-4877-a35f-82fef0f75252	96e3e78beff5	;[asy]  ^ C:\Users\MARKEI~1\AppData\Local\Temp\asyprev_tvowmnov\r_96e3e78beff5.asy: 1.2: syntax error:  error: could not load module 'C:\Users\MARKEI~1\AppData\Local\Temp\asyprev_tvowmnov\r_96e3e78beff5.asy' 
c8fd9b5c-315e-40c8-a851-d818394d07be	090170133024	;[asy]  ^ C:\Users\MARKEI~1\AppData\Local\Temp\asyprev_tvowmnov\r_090170133024.asy: 1.2: syntax error:  error: could not load module 'C:\Users\MARKEI~1\AppData\Local\Temp\asyprev_tvowmnov\r_090170133024.asy' 
c9ab5da1-7c31-4378-afa9-ddfc8ab15f8b	7d352613ad57	;[asy]  ^ C:\Users\MARKEI~1\AppData\Local\Temp\asyprev_tvowmnov\r_7d352613ad57.asy: 1.2: syntax error:  error: could not load module 'C:\Users\MARKEI~1\AppData\Local\Temp\asyprev_tvowmnov\r_7d352613ad57.asy' 
e7c3aadd-2038-4fc0-b5ff-753439413214	dda24f4f25f8	;[asy]  ^ C:\Users\MARKEI~1\AppData\Local\Temp\asyprev_tvowmnov\r_dda24f4f25f8.asy: 1.2: syntax error:  error: could not load module 'C:\Users\MARKEI~1\AppData\Local\Temp\asyprev_tvowmnov\r_dda24f4f25f8.asy' 
27d6fe41-0fe7-451c-bd90-c780320f9ee4	ab132c856723	[asy] ^ C:\Users\MARKEI~1\AppData\Local\Temp\asyprev_tvowmnov\r_ab132c856723.asy: 1.1: syntax error:  error: could not load module 'C:\Users\MARKEI~1\AppData\Local\Temp\asyprev_tvowmnov\r_ab132c856723.asy' 
304f604c-110c-442b-b899-3a62eaa50a7c	4e0d6225f5f0	;[asy]  ^ C:\Users\MARKEI~1\AppData\Local\Temp\asyprev_tvowmnov\r_4e0d6225f5f0.asy: 1.2: syntax error:  error: could not load module 'C:\Users\MARKEI~1\AppData\Local\Temp\asyprev_tvowmnov\r_4e0d6225f5f0.asy' 
69ce5375-ea1c-4360-b564-709e7b7f19fb	a9a6616d4b00	;[asy]  ^ C:\Users\MARKEI~1\AppData\Local\Temp\asyprev_tvowmnov\r_a9a6616d4b00.asy: 1.2: syntax error:  error: could not load module 'C:\Users\MARKEI~1\AppData\Local\Temp\asyprev_tvowmnov\r_a9a6616d4b00.asy' 
82ab85ab-82a8-48bb-87ad-37bd4c0316b0	42e01616311b	[asy] ^ C:\Users\MARKEI~1\AppData\Local\Temp\asyprev_tvowmnov\r_42e01616311b.asy: 1.1: syntax error:  error: could not load module 'C:\Users\MARKEI~1\AppData\Local\Temp\asyprev_tvowmnov\r_42e01616311b.asy' 
8b44710d-1d7b-41a4-a1e8-1233db9546cb	0072fe2dbb6e	;[asy]  ^ C:\Users\MARKEI~1\AppData\Local\Temp\asyprev_tvowmnov\r_0072fe2dbb6e.asy: 1.2: syntax error:  error: could not load module 'C:\Users\MARKEI~1\AppData\Local\Temp\asyprev_tvowmnov\r_0072fe2dbb6e.asy' 
bf65e2be-a85d-4431-9505-478619c4ea7d	02156ed5fb18	;[asy]  ^ C:\Users\MARKEI~1\AppData\Local\Temp\asyprev_tvowmnov\r_02156ed5fb18.asy: 1.2: syntax error:  error: could not load module 'C:\Users\MARKEI~1\AppData\Local\Temp\asyprev_tvowmnov\r_02156ed5fb18.asy' 
9c505d76-5771-4df4-8c98-c9b810830f17	c3f631e6bd75	;[asy]  ^ C:\Users\MARKEI~1\AppData\Local\Temp\asyprev_tvowmnov\r_c3f631e6bd75.asy: 1.2: syntax error:  error: could not load module 'C:\Users\MARKEI~1\AppData\Local\Temp\asyprev_tvowmnov\r_c3f631e6bd75.asy' 
d40334f5-c89c-4548-b422-17b0aa32241b	ca5f90a34396	;[asy]  ^ C:\Users\MARKEI~1\AppData\Local\Temp\asyprev_tvowmnov\r_ca5f90a34396.asy: 1.2: syntax error:  error: could not load module 'C:\Users\MARKEI~1\AppData\Local\Temp\asyprev_tvowmnov\r_ca5f90a34396.asy' 
fd7e6a2c-acac-4587-be4c-50b0b991a562	94593b4b8943	;[asy]  ^ C:\Users\MARKEI~1\AppData\Local\Temp\asyprev_tvowmnov\r_94593b4b8943.asy: 1.2: syntax error:  error: could not load module 'C:\Users\MARKEI~1\AppData\Local\Temp\asyprev_tvowmnov\r_94593b4b8943.asy' 
00778fe0-fb90-41f3-a2b9-044c2963f4f0	20c8187576e8	;[asy]  ^ C:\Users\MARKEI~1\AppData\Local\Temp\asyprev_tvowmnov\r_20c8187576e8.asy: 1.2: syntax error:  error: could not load module 'C:\Users\MARKEI~1\AppData\Local\Temp\asyprev_tvowmnov\r_20c8187576e8.asy' 
07519091-4fee-4586-87f6-c04061431527	44d4fa5d5df2	;[asy]  ^ C:\Users\MARKEI~1\AppData\Local\Temp\asyprev_tvowmnov\r_44d4fa5d5df2.asy: 1.2: syntax error:  error: could not load module 'C:\Users\MARKEI~1\AppData\Local\Temp\asyprev_tvowmnov\r_44d4fa5d5df2.asy' 
086b3741-f03a-4bc2-a61e-b03afd493a87	6fe1b4c8c4c0	;[asy]  ^ C:\Users\MARKEI~1\AppData\Local\Temp\asyprev_tvowmnov\r_6fe1b4c8c4c0.asy: 1.2: syntax error:  error: could not load module 'C:\Users\MARKEI~1\AppData\Local\Temp\asyprev_tvowmnov\r_6fe1b4c8c4c0.asy' 
0d717522-0024-4de0-b53b-2bd2d41e3e3a	1f3d2ce97ac2	[asy] ^ C:\Users\MARKEI~1\AppData\Local\Temp\asyprev_tvowmnov\r_1f3d2ce97ac2.asy: 1.1: syntax error:  error: could not load module 'C:\Users\MARKEI~1\AppData\Local\Temp\asyprev_tvowmnov\r_1f3d2ce97ac2.asy' 
0e94a664-9783-4cf0-8f81-4ea631eaf45b	c56068f1169e	[asy] ^ C:\Users\MARKEI~1\AppData\Local\Temp\asyprev_tvowmnov\r_c56068f1169e.asy: 1.1: syntax error:  error: could not load module 'C:\Users\MARKEI~1\AppData\Local\Temp\asyprev_tvowmnov\r_c56068f1169e.asy' 
145ade85-2987-4ebe-a355-57a60298beb7	de631d439730	;[asy]  ^ C:\Users\MARKEI~1\AppData\Local\Temp\asyprev_tvowmnov\r_de631d439730.asy: 1.2: syntax error:  error: could not load module 'C:\Users\MARKEI~1\AppData\Local\Temp\asyprev_tvowmnov\r_de631d439730.asy' 
1567fb63-7526-4e99-90b4-557cece8c251	6b9ac06fab37	;[asy]  ^ C:\Users\MARKEI~1\AppData\Local\Temp\asyprev_tvowmnov\r_6b9ac06fab37.asy: 1.2: syntax error:  error: could not load module 'C:\Users\MARKEI~1\AppData\Local\Temp\asyprev_tvowmnov\r_6b9ac06fab37.asy' 
1a78c66e-ef4d-4716-8b14-e05af00d5b9c	3c9bc5cb580f	;[asy]  ^ C:\Users\MARKEI~1\AppData\Local\Temp\asyprev_tvowmnov\r_3c9bc5cb580f.asy: 1.2: syntax error:  error: could not load module 'C:\Users\MARKEI~1\AppData\Local\Temp\asyprev_tvowmnov\r_3c9bc5cb580f.asy' 
1e31893c-d647-4a85-a519-7d49545c2cc8	51fe49af9175	;[asy]  ^ C:\Users\MARKEI~1\AppData\Local\Temp\asyprev_tvowmnov\r_51fe49af9175.asy: 1.2: syntax error:  error: could not load module 'C:\Users\MARKEI~1\AppData\Local\Temp\asyprev_tvowmnov\r_51fe49af9175.asy' 
20fe58cb-9fca-49c6-bf98-4f80bbb1ee47	4383da472b49	[asy] ^ C:\Users\MARKEI~1\AppData\Local\Temp\asyprev_tvowmnov\r_4383da472b49.asy: 1.1: syntax error:  error: could not load module 'C:\Users\MARKEI~1\AppData\Local\Temp\asyprev_tvowmnov\r_4383da472b49.asy' 
23e900d7-c300-4c8d-9a0a-b525af056213	703605adf864	;[asy]  ^ C:\Users\MARKEI~1\AppData\Local\Temp\asyprev_tvowmnov\r_703605adf864.asy: 1.2: syntax error:  error: could not load module 'C:\Users\MARKEI~1\AppData\Local\Temp\asyprev_tvowmnov\r_703605adf864.asy' 
258fa4e5-7082-433a-891c-84cd211f7596	4bc8dc10aa52	[asy] ^ C:\Users\MARKEI~1\AppData\Local\Temp\asyprev_tvowmnov\r_4bc8dc10aa52.asy: 1.1: syntax error:  error: could not load module 'C:\Users\MARKEI~1\AppData\Local\Temp\asyprev_tvowmnov\r_4bc8dc10aa52.asy' 
2ce56963-e1f3-4b11-a35c-6cf5f429630f	dda39f105242	;[asy]  ^ C:\Users\MARKEI~1\AppData\Local\Temp\asyprev_tvowmnov\r_dda39f105242.asy: 1.2: syntax error:  error: could not load module 'C:\Users\MARKEI~1\AppData\Local\Temp\asyprev_tvowmnov\r_dda39f105242.asy' 
43fb88d8-61a7-4f72-8bdb-1a39af21da7c	c322ae1880ff	;[asy]  ^ C:\Users\MARKEI~1\AppData\Local\Temp\asyprev_tvowmnov\r_c322ae1880ff.asy: 1.2: syntax error:  error: could not load module 'C:\Users\MARKEI~1\AppData\Local\Temp\asyprev_tvowmnov\r_c322ae1880ff.asy' 
46fff56d-e126-4fc7-a22b-f1e3960a33ea	e0e0b302cd94	[asy] ^ C:\Users\MARKEI~1\AppData\Local\Temp\asyprev_tvowmnov\r_e0e0b302cd94.asy: 1.1: syntax error:  error: could not load module 'C:\Users\MARKEI~1\AppData\Local\Temp\asyprev_tvowmnov\r_e0e0b302cd94.asy' 
47681088-06d0-434d-88d5-4ca529e2ffa7	694a0e035357	;[asy]unitsize(1inch);  ^ C:\Users\MARKEI~1\AppData\Local\Temp\asyprev_tvowmnov\r_694a0e035357.asy: 1.2: syntax error:  error: could not load module 'C:\Users\MARKEI~1\AppData\Local\Temp\asyprev_tvowmnov\r_694a0e035357.asy' 
488aae1f-d769-4beb-8ccc-24ba0190c75c	515dba54ad22	;[asy]  ^ C:\Users\MARKEI~1\AppData\Local\Temp\asyprev_tvowmnov\r_515dba54ad22.asy: 1.2: syntax error:  error: could not load module 'C:\Users\MARKEI~1\AppData\Local\Temp\asyprev_tvowmnov\r_515dba54ad22.asy' 
4a15be7f-b648-4af5-9fa1-ebb46fb30758	4547d27f0987	[asy] ^ C:\Users\MARKEI~1\AppData\Local\Temp\asyprev_tvowmnov\r_4547d27f0987.asy: 1.1: syntax error:  error: could not load module 'C:\Users\MARKEI~1\AppData\Local\Temp\asyprev_tvowmnov\r_4547d27f0987.asy' 
4b4416bc-9951-4b1f-949a-a4013887480d	91b8803c1574	;[asy]  ^ C:\Users\MARKEI~1\AppData\Local\Temp\asyprev_tvowmnov\r_91b8803c1574.asy: 1.2: syntax error:  error: could not load module 'C:\Users\MARKEI~1\AppData\Local\Temp\asyprev_tvowmnov\r_91b8803c1574.asy' 
53b75b7d-6170-4afb-ac5c-9fbba86d1b69	42941ae79f47	;[asy]  ^ C:\Users\MARKEI~1\AppData\Local\Temp\asyprev_tvowmnov\r_42941ae79f47.asy: 1.2: syntax error:  error: could not load module 'C:\Users\MARKEI~1\AppData\Local\Temp\asyprev_tvowmnov\r_42941ae79f47.asy' 
59c42cda-6063-492a-92af-7945902a2547	487fe4d8e8ed	[asy] ^ C:\Users\MARKEI~1\AppData\Local\Temp\asyprev_tvowmnov\r_487fe4d8e8ed.asy: 1.1: syntax error:  error: could not load module 'C:\Users\MARKEI~1\AppData\Local\Temp\asyprev_tvowmnov\r_487fe4d8e8ed.asy' 
63343a1f-c8a0-47c7-a7b1-22f541ef1dc2	70f5be6e5fac	[asy] ^ C:\Users\MARKEI~1\AppData\Local\Temp\asyprev_tvowmnov\r_70f5be6e5fac.asy: 1.1: syntax error:  error: could not load module 'C:\Users\MARKEI~1\AppData\Local\Temp\asyprev_tvowmnov\r_70f5be6e5fac.asy' 
6436a63f-6130-4b95-914a-8e173f363c97	94dfaa353f0d	;[asy]  ^ C:\Users\MARKEI~1\AppData\Local\Temp\asyprev_tvowmnov\r_94dfaa353f0d.asy: 1.2: syntax error:  error: could not load module 'C:\Users\MARKEI~1\AppData\Local\Temp\asyprev_tvowmnov\r_94dfaa353f0d.asy' 
669f9c23-4527-4927-8d38-b6cb11d907ee	04f1ecb91da4	;[asy]  ^ C:\Users\MARKEI~1\AppData\Local\Temp\asyprev_tvowmnov\r_04f1ecb91da4.asy: 1.2: syntax error:  error: could not load module 'C:\Users\MARKEI~1\AppData\Local\Temp\asyprev_tvowmnov\r_04f1ecb91da4.asy' 
66bdd65e-cc2c-42d7-a9de-3a85308485b9	996a87dd61bd	;[asy]  ^ C:\Users\MARKEI~1\AppData\Local\Temp\asyprev_tvowmnov\r_996a87dd61bd.asy: 1.2: syntax error:  error: could not load module 'C:\Users\MARKEI~1\AppData\Local\Temp\asyprev_tvowmnov\r_996a87dd61bd.asy' 
6e50f976-3e90-478e-93c9-21a0285d6d56	c0f4262ff234	[asy] ^ C:\Users\MARKEI~1\AppData\Local\Temp\asyprev_tvowmnov\r_c0f4262ff234.asy: 1.1: syntax error:  error: could not load module 'C:\Users\MARKEI~1\AppData\Local\Temp\asyprev_tvowmnov\r_c0f4262ff234.asy' 
6ecdd30f-a8cb-4571-aded-b87faf34857c	abf72a92ce76	[asy] ^ C:\Users\MARKEI~1\AppData\Local\Temp\asyprev_tvowmnov\r_abf72a92ce76.asy: 1.1: syntax error:  error: could not load module 'C:\Users\MARKEI~1\AppData\Local\Temp\asyprev_tvowmnov\r_abf72a92ce76.asy' 
73b1e636-0a32-475c-9256-cca41369946e	200d25e8f9f6	;[asy]  ^ C:\Users\MARKEI~1\AppData\Local\Temp\asyprev_tvowmnov\r_200d25e8f9f6.asy: 1.2: syntax error:  error: could not load module 'C:\Users\MARKEI~1\AppData\Local\Temp\asyprev_tvowmnov\r_200d25e8f9f6.asy' 
742b5bbf-a4e9-4180-b5e7-a2842a8b3fbc	40698249254a	[asy] ^ C:\Users\MARKEI~1\AppData\Local\Temp\asyprev_tvowmnov\r_40698249254a.asy: 1.1: syntax error:  error: could not load module 'C:\Users\MARKEI~1\AppData\Local\Temp\asyprev_tvowmnov\r_40698249254a.asy' 
7456e20d-0022-4e56-9d82-16a636919052	67330863c0df	;[asy]  ^ C:\Users\MARKEI~1\AppData\Local\Temp\asyprev_tvowmnov\r_67330863c0df.asy: 1.2: syntax error:  error: could not load module 'C:\Users\MARKEI~1\AppData\Local\Temp\asyprev_tvowmnov\r_67330863c0df.asy' 
74f8ba46-0124-4449-ad82-7bab79d3c5ad	62c1c4a25d28	;[asy]  ^ C:\Users\MARKEI~1\AppData\Local\Temp\asyprev_tvowmnov\r_62c1c4a25d28.asy: 1.2: syntax error:  error: could not load module 'C:\Users\MARKEI~1\AppData\Local\Temp\asyprev_tvowmnov\r_62c1c4a25d28.asy' 
762f2eca-d2e4-44cf-8051-0d319f3eac1b	32a5f16fcc5d	;[asy]  ^ C:\Users\MARKEI~1\AppData\Local\Temp\asyprev_tvowmnov\r_32a5f16fcc5d.asy: 1.2: syntax error:  error: could not load module 'C:\Users\MARKEI~1\AppData\Local\Temp\asyprev_tvowmnov\r_32a5f16fcc5d.asy' 
86b0bf3c-898e-4969-9df0-a604a36eada8	841e4673f1b6	;[asy]  ^ C:\Users\MARKEI~1\AppData\Local\Temp\asyprev_tvowmnov\r_841e4673f1b6.asy: 1.2: syntax error:  error: could not load module 'C:\Users\MARKEI~1\AppData\Local\Temp\asyprev_tvowmnov\r_841e4673f1b6.asy' 
86f2686d-ccee-4f53-aab9-f5d6a5e7a45f	1cba67f6faac	[asy] ^ C:\Users\MARKEI~1\AppData\Local\Temp\asyprev_tvowmnov\r_1cba67f6faac.asy: 1.1: syntax error:  error: could not load module 'C:\Users\MARKEI~1\AppData\Local\Temp\asyprev_tvowmnov\r_1cba67f6faac.asy' 
87488f98-740d-4258-8931-8b0deaf16439	0fd961982f49	;[asy]  ^ C:\Users\MARKEI~1\AppData\Local\Temp\asyprev_tvowmnov\r_0fd961982f49.asy: 1.2: syntax error:  error: could not load module 'C:\Users\MARKEI~1\AppData\Local\Temp\asyprev_tvowmnov\r_0fd961982f49.asy' 
8f2200e8-5de5-4cf6-b9fd-a6532ff005f7	59e062a0e323	;[asy]  ^ C:\Users\MARKEI~1\AppData\Local\Temp\asyprev_tvowmnov\r_59e062a0e323.asy: 1.2: syntax error:  error: could not load module 'C:\Users\MARKEI~1\AppData\Local\Temp\asyprev_tvowmnov\r_59e062a0e323.asy' 
90beae75-849c-4f66-8ae3-346ea8de1330	7d8d53a0a6a8	[asy] ^ C:\Users\MARKEI~1\AppData\Local\Temp\asyprev_tvowmnov\r_7d8d53a0a6a8.asy: 1.1: syntax error:  error: could not load module 'C:\Users\MARKEI~1\AppData\Local\Temp\asyprev_tvowmnov\r_7d8d53a0a6a8.asy' 
955d3ce1-186d-4639-9a2e-6a50a69ad490	125b365ac8b4	;[asy]  ^ C:\Users\MARKEI~1\AppData\Local\Temp\asyprev_tvowmnov\r_125b365ac8b4.asy: 1.2: syntax error:  error: could not load module 'C:\Users\MARKEI~1\AppData\Local\Temp\asyprev_tvowmnov\r_125b365ac8b4.asy' 
968e0a10-d76c-4144-8877-30812d03e87e	04e58c43a3f5	;[asy]  ^ C:\Users\MARKEI~1\AppData\Local\Temp\asyprev_tvowmnov\r_04e58c43a3f5.asy: 1.2: syntax error:  error: could not load module 'C:\Users\MARKEI~1\AppData\Local\Temp\asyprev_tvowmnov\r_04e58c43a3f5.asy' 
96785609-6a6f-4b7d-8bec-3ea5d4b36ba3	f4b8967a8085	[asy] ^ C:\Users\MARKEI~1\AppData\Local\Temp\asyprev_tvowmnov\r_f4b8967a8085.asy: 1.1: syntax error:  error: could not load module 'C:\Users\MARKEI~1\AppData\Local\Temp\asyprev_tvowmnov\r_f4b8967a8085.asy' 
9a4fa9e9-2c4b-4f76-b23f-e38565079b96	a97b7efd13f0	;[asy]  ^ C:\Users\MARKEI~1\AppData\Local\Temp\asyprev_tvowmnov\r_a97b7efd13f0.asy: 1.2: syntax error:  error: could not load module 'C:\Users\MARKEI~1\AppData\Local\Temp\asyprev_tvowmnov\r_a97b7efd13f0.asy' 
97ac192e-ade1-4f4d-8c18-2e7d79ae582b	fc8449ff38de	;[asy]  ^ C:\Users\MARKEI~1\AppData\Local\Temp\asyprev_tvowmnov\r_fc8449ff38de.asy: 1.2: syntax error:  error: could not load module 'C:\Users\MARKEI~1\AppData\Local\Temp\asyprev_tvowmnov\r_fc8449ff38de.asy' 
aad3e499-e9fb-4d3a-a2cc-3ff51d07ef2d	45a5f60b0226	;[asy]  ^ C:\Users\MARKEI~1\AppData\Local\Temp\asyprev_tvowmnov\r_45a5f60b0226.asy: 1.2: syntax error:  error: could not load module 'C:\Users\MARKEI~1\AppData\Local\Temp\asyprev_tvowmnov\r_45a5f60b0226.asy' 
b5984aa6-eb4c-4bcb-9436-b78d52aae7fd	6289a4ba5446	;[asy]  ^ C:\Users\MARKEI~1\AppData\Local\Temp\asyprev_tvowmnov\r_6289a4ba5446.asy: 1.2: syntax error:  error: could not load module 'C:\Users\MARKEI~1\AppData\Local\Temp\asyprev_tvowmnov\r_6289a4ba5446.asy' 
d1af2711-ada9-4403-8128-3c4f0603fc14	a6e1ad7a29eb	[asy] ^ C:\Users\MARKEI~1\AppData\Local\Temp\asyprev_tvowmnov\r_a6e1ad7a29eb.asy: 1.1: syntax error:  error: could not load module 'C:\Users\MARKEI~1\AppData\Local\Temp\asyprev_tvowmnov\r_a6e1ad7a29eb.asy' 
d60c1bad-e6c7-4a48-b149-c83fd0edd865	f2eccde2cb4d	;[asy]  ^ C:\Users\MARKEI~1\AppData\Local\Temp\asyprev_tvowmnov\r_f2eccde2cb4d.asy: 1.2: syntax error:  error: could not load module 'C:\Users\MARKEI~1\AppData\Local\Temp\asyprev_tvowmnov\r_f2eccde2cb4d.asy' 
bcaa504e-0b47-40c2-8e78-5674270b25eb	425ba571db70	;[asy]  ^ C:\Users\MARKEI~1\AppData\Local\Temp\asyprev_tvowmnov\r_425ba571db70.asy: 1.2: syntax error:  error: could not load module 'C:\Users\MARKEI~1\AppData\Local\Temp\asyprev_tvowmnov\r_425ba571db70.asy' 
d7be4e34-d0d7-4108-9d30-d22d2abba96a	2b801a551533	[asy] ^ C:\Users\MARKEI~1\AppData\Local\Temp\asyprev_tvowmnov\r_2b801a551533.asy: 1.1: syntax error:  error: could not load module 'C:\Users\MARKEI~1\AppData\Local\Temp\asyprev_tvowmnov\r_2b801a551533.asy' 
ebe026bd-2983-4e73-905f-e77e65376c95	3fe94dde5202	;[asy]  ^ C:\Users\MARKEI~1\AppData\Local\Temp\asyprev_tvowmnov\r_3fe94dde5202.asy: 1.2: syntax error:  error: could not load module 'C:\Users\MARKEI~1\AppData\Local\Temp\asyprev_tvowmnov\r_3fe94dde5202.asy' 
ff0dec7b-462d-4e43-ba45-77b565867d69	6d39dc769c17	[asy] ^ C:\Users\MARKEI~1\AppData\Local\Temp\asyprev_tvowmnov\r_6d39dc769c17.asy: 1.1: syntax error:  error: could not load module 'C:\Users\MARKEI~1\AppData\Local\Temp\asyprev_tvowmnov\r_6d39dc769c17.asy' 
f41f244e-08a8-49de-8b31-7fa14bb66b46	af382478d93f	;[asy]  ^ C:\Users\MARKEI~1\AppData\Local\Temp\asyprev_tvowmnov\r_af382478d93f.asy: 1.2: syntax error:  error: could not load module 'C:\Users\MARKEI~1\AppData\Local\Temp\asyprev_tvowmnov\r_af382478d93f.asy' 
f7b3ac4c-1aca-4eb9-a1cf-c67e407b33f6	01433e6638a0	;[asy]  ^ C:\Users\MARKEI~1\AppData\Local\Temp\asyprev_tvowmnov\r_01433e6638a0.asy: 1.2: syntax error:  error: could not load module 'C:\Users\MARKEI~1\AppData\Local\Temp\asyprev_tvowmnov\r_01433e6638a0.asy' 
02e01dfe-b59b-4ffa-a00f-541ae737baa3	800d99a58019	;[asy]  ^ C:\Users\MARKEI~1\AppData\Local\Temp\asyprev_tvowmnov\r_800d99a58019.asy: 1.2: syntax error:  error: could not load module 'C:\Users\MARKEI~1\AppData\Local\Temp\asyprev_tvowmnov\r_800d99a58019.asy' 
027fc734-9216-432c-adb4-ecadc99bb7e8	f6e6ab922723	;[asy]  ^ C:\Users\MARKEI~1\AppData\Local\Temp\asyprev_tvowmnov\r_f6e6ab922723.asy: 1.2: syntax error:  error: could not load module 'C:\Users\MARKEI~1\AppData\Local\Temp\asyprev_tvowmnov\r_f6e6ab922723.asy' 
06e3e8f2-9f66-45bf-b8b1-61c85dabee54	dcdcee6d2caa	;[asy]  ^ C:\Users\MARKEI~1\AppData\Local\Temp\asyprev_tvowmnov\r_dcdcee6d2caa.asy: 1.2: syntax error:  error: could not load module 'C:\Users\MARKEI~1\AppData\Local\Temp\asyprev_tvowmnov\r_dcdcee6d2caa.asy' 
050e4d71-6f2f-47ea-a7ed-c15ff430fe07	042fb4a1aa67	;[asy]  ^ C:\Users\MARKEI~1\AppData\Local\Temp\asyprev_tvowmnov\r_042fb4a1aa67.asy: 1.2: syntax error:  error: could not load module 'C:\Users\MARKEI~1\AppData\Local\Temp\asyprev_tvowmnov\r_042fb4a1aa67.asy' 
09468d52-0c3c-43bc-b66d-6132925cda9d	b6e45738bcae	;[asy]  ^ C:\Users\MARKEI~1\AppData\Local\Temp\asyprev_tvowmnov\r_b6e45738bcae.asy: 1.2: syntax error:  error: could not load module 'C:\Users\MARKEI~1\AppData\Local\Temp\asyprev_tvowmnov\r_b6e45738bcae.asy' 
09690ab7-d6f3-44bc-96a5-cedc70878b8a	421a507df70a	;[asy]  ^ C:\Users\MARKEI~1\AppData\Local\Temp\asyprev_tvowmnov\r_421a507df70a.asy: 1.2: syntax error:  error: could not load module 'C:\Users\MARKEI~1\AppData\Local\Temp\asyprev_tvowmnov\r_421a507df70a.asy' 
19152790-60a5-4be2-8f51-6ad506d4f028	e5359d80a16d	;[asy]  ^ C:\Users\MARKEI~1\AppData\Local\Temp\asyprev_tvowmnov\r_e5359d80a16d.asy: 1.2: syntax error:  error: could not load module 'C:\Users\MARKEI~1\AppData\Local\Temp\asyprev_tvowmnov\r_e5359d80a16d.asy' 
21305c7c-b93e-4aea-b37b-1b99e6581794	321b8aa10433	;[asy]  ^ C:\Users\MARKEI~1\AppData\Local\Temp\asyprev_tvowmnov\r_321b8aa10433.asy: 1.2: syntax error:  error: could not load module 'C:\Users\MARKEI~1\AppData\Local\Temp\asyprev_tvowmnov\r_321b8aa10433.asy' 
293c003e-9b97-478d-92ed-b31ed2fa6293	5a88541f995a	;[asy]  ^ C:\Users\MARKEI~1\AppData\Local\Temp\asyprev_tvowmnov\r_5a88541f995a.asy: 1.2: syntax error:  error: could not load module 'C:\Users\MARKEI~1\AppData\Local\Temp\asyprev_tvowmnov\r_5a88541f995a.asy' 
49f886c8-08fa-4ce0-855c-7b578146d982	984b4ced4213	;[asy]  ^ C:\Users\MARKEI~1\AppData\Local\Temp\asyprev_tvowmnov\r_984b4ced4213.asy: 1.2: syntax error:  error: could not load module 'C:\Users\MARKEI~1\AppData\Local\Temp\asyprev_tvowmnov\r_984b4ced4213.asy' 
4aa1f2b0-71d8-4a99-9b8f-206fd71b33b4	c9eeb88418b1	;[asy]  ^ C:\Users\MARKEI~1\AppData\Local\Temp\asyprev_tvowmnov\r_c9eeb88418b1.asy: 1.2: syntax error:  error: could not load module 'C:\Users\MARKEI~1\AppData\Local\Temp\asyprev_tvowmnov\r_c9eeb88418b1.asy' 
4d175ebc-d0bd-46ae-b58b-840b70962df3	8c05bd30eae9	;[asy]  ^ C:\Users\MARKEI~1\AppData\Local\Temp\asyprev_tvowmnov\r_8c05bd30eae9.asy: 1.2: syntax error:  error: could not load module 'C:\Users\MARKEI~1\AppData\Local\Temp\asyprev_tvowmnov\r_8c05bd30eae9.asy' 
50ef607d-7e51-4939-9224-611ef27d219b	0ba63a8c7844	;[asy]  ^ C:\Users\MARKEI~1\AppData\Local\Temp\asyprev_tvowmnov\r_0ba63a8c7844.asy: 1.2: syntax error:  error: could not load module 'C:\Users\MARKEI~1\AppData\Local\Temp\asyprev_tvowmnov\r_0ba63a8c7844.asy' 
532054a5-43fb-439b-ac6f-a247777903cc	de9729ac2f6b	;[asy]  ^ C:\Users\MARKEI~1\AppData\Local\Temp\asyprev_tvowmnov\r_de9729ac2f6b.asy: 1.2: syntax error:  error: could not load module 'C:\Users\MARKEI~1\AppData\Local\Temp\asyprev_tvowmnov\r_de9729ac2f6b.asy' 
5ac57518-aac5-4483-aae8-d96436d56e65	53825279af76	;[asy]  ^ C:\Users\MARKEI~1\AppData\Local\Temp\asyprev_tvowmnov\r_53825279af76.asy: 1.2: syntax error:  error: could not load module 'C:\Users\MARKEI~1\AppData\Local\Temp\asyprev_tvowmnov\r_53825279af76.asy' 
5ce58f8a-6629-433d-97e4-14ba7b2612b7	84cecbacaceb	;[asy]  ^ C:\Users\MARKEI~1\AppData\Local\Temp\asyprev_tvowmnov\r_84cecbacaceb.asy: 1.2: syntax error:  error: could not load module 'C:\Users\MARKEI~1\AppData\Local\Temp\asyprev_tvowmnov\r_84cecbacaceb.asy' 
6a8d44f1-e3e1-439a-bb18-0818fe7fa718	566a4bae3ee1	;[asy]  ^ C:\Users\MARKEI~1\AppData\Local\Temp\asyprev_tvowmnov\r_566a4bae3ee1.asy: 1.2: syntax error:  error: could not load module 'C:\Users\MARKEI~1\AppData\Local\Temp\asyprev_tvowmnov\r_566a4bae3ee1.asy' 
63fd0b67-2362-4e2a-b490-f9008421c1f1	727c01f4453c	[asy] ^ C:\Users\MARKEI~1\AppData\Local\Temp\asyprev_tvowmnov\r_727c01f4453c.asy: 1.1: syntax error:  error: could not load module 'C:\Users\MARKEI~1\AppData\Local\Temp\asyprev_tvowmnov\r_727c01f4453c.asy' 
6d6f7bc0-90a2-4cb0-aabc-cd42b3b5bb0a	9c8df2cd3b71	;[asy]  ^ C:\Users\MARKEI~1\AppData\Local\Temp\asyprev_tvowmnov\r_9c8df2cd3b71.asy: 1.2: syntax error:  error: could not load module 'C:\Users\MARKEI~1\AppData\Local\Temp\asyprev_tvowmnov\r_9c8df2cd3b71.asy' 
7bf1991e-9eb2-405a-a693-8fe82c5b1729	849abe517307	;[asy]  ^ C:\Users\MARKEI~1\AppData\Local\Temp\asyprev_tvowmnov\r_849abe517307.asy: 1.2: syntax error:  error: could not load module 'C:\Users\MARKEI~1\AppData\Local\Temp\asyprev_tvowmnov\r_849abe517307.asy' 
7eb99ba6-675b-4157-817a-1d76ec11119e	7c6d02dccac0	;[asy]  ^ C:\Users\MARKEI~1\AppData\Local\Temp\asyprev_tvowmnov\r_7c6d02dccac0.asy: 1.2: syntax error:  error: could not load module 'C:\Users\MARKEI~1\AppData\Local\Temp\asyprev_tvowmnov\r_7c6d02dccac0.asy' 
8036d48b-dc56-418b-a52b-8091e0131dc9	6b71db4262df	;[asy]  ^ C:\Users\MARKEI~1\AppData\Local\Temp\asyprev_tvowmnov\r_6b71db4262df.asy: 1.2: syntax error:  error: could not load module 'C:\Users\MARKEI~1\AppData\Local\Temp\asyprev_tvowmnov\r_6b71db4262df.asy' 
8c198883-a95f-460b-bd12-f3ed75a6dcba	3659283a2c20	;[asy]  ^ C:\Users\MARKEI~1\AppData\Local\Temp\asyprev_tvowmnov\r_3659283a2c20.asy: 1.2: syntax error:  error: could not load module 'C:\Users\MARKEI~1\AppData\Local\Temp\asyprev_tvowmnov\r_3659283a2c20.asy' 
9a313dd1-922d-4c61-a8d7-337bdd155048	f5760ca4bb1d	;[asy]  ^ C:\Users\MARKEI~1\AppData\Local\Temp\asyprev_tvowmnov\r_f5760ca4bb1d.asy: 1.2: syntax error:  error: could not load module 'C:\Users\MARKEI~1\AppData\Local\Temp\asyprev_tvowmnov\r_f5760ca4bb1d.asy' 
98c0c7fb-5235-4637-b4da-706318b005d2	745fa2446d0c	;[asy]  ^ C:\Users\MARKEI~1\AppData\Local\Temp\asyprev_tvowmnov\r_745fa2446d0c.asy: 1.2: syntax error:  error: could not load module 'C:\Users\MARKEI~1\AppData\Local\Temp\asyprev_tvowmnov\r_745fa2446d0c.asy' 
9d3b559a-59d5-42c7-87d8-11715d87ed54	c7451604e117	;[asy]  ^ C:\Users\MARKEI~1\AppData\Local\Temp\asyprev_tvowmnov\r_c7451604e117.asy: 1.2: syntax error:  error: could not load module 'C:\Users\MARKEI~1\AppData\Local\Temp\asyprev_tvowmnov\r_c7451604e117.asy' 
9e91eb1b-2abe-4f96-ae1f-334b4ebb29ad	4b48f36461af	;[asy]  ^ C:\Users\MARKEI~1\AppData\Local\Temp\asyprev_tvowmnov\r_4b48f36461af.asy: 1.2: syntax error:  error: could not load module 'C:\Users\MARKEI~1\AppData\Local\Temp\asyprev_tvowmnov\r_4b48f36461af.asy' 
a0946e24-af78-42ff-b620-6e01691eb8d2	962294d3b48a	;[asy]  ^ C:\Users\MARKEI~1\AppData\Local\Temp\asyprev_tvowmnov\r_962294d3b48a.asy: 1.2: syntax error:  error: could not load module 'C:\Users\MARKEI~1\AppData\Local\Temp\asyprev_tvowmnov\r_962294d3b48a.asy' 
a3eb68b0-0573-4dae-af4d-250bb0695c36	27574341bb79	;[asy]  ^ C:\Users\MARKEI~1\AppData\Local\Temp\asyprev_tvowmnov\r_27574341bb79.asy: 1.2: syntax error:  error: could not load module 'C:\Users\MARKEI~1\AppData\Local\Temp\asyprev_tvowmnov\r_27574341bb79.asy' 
a6b6c224-9a81-4255-a37a-2dec4835e618	3ad90c264573	;[asy]  ^ C:\Users\MARKEI~1\AppData\Local\Temp\asyprev_tvowmnov\r_3ad90c264573.asy: 1.2: syntax error:  error: could not load module 'C:\Users\MARKEI~1\AppData\Local\Temp\asyprev_tvowmnov\r_3ad90c264573.asy' 
afe5cf21-7cd5-4bdd-826c-f648d3d93192	a3fd66c50000	;[asy]  ^ C:\Users\MARKEI~1\AppData\Local\Temp\asyprev_tvowmnov\r_a3fd66c50000.asy: 1.2: syntax error:  error: could not load module 'C:\Users\MARKEI~1\AppData\Local\Temp\asyprev_tvowmnov\r_a3fd66c50000.asy' 
b08c337e-0ce2-42f8-b778-422432b23e22	51c9cf29c5d6	;[asy]  ^ C:\Users\MARKEI~1\AppData\Local\Temp\asyprev_tvowmnov\r_51c9cf29c5d6.asy: 1.2: syntax error:  error: could not load module 'C:\Users\MARKEI~1\AppData\Local\Temp\asyprev_tvowmnov\r_51c9cf29c5d6.asy' 
bba152c4-fa5b-46c0-b02b-1098d53ef526	0c461160d1eb	;[asy]  ^ C:\Users\MARKEI~1\AppData\Local\Temp\asyprev_tvowmnov\r_0c461160d1eb.asy: 1.2: syntax error:  error: could not load module 'C:\Users\MARKEI~1\AppData\Local\Temp\asyprev_tvowmnov\r_0c461160d1eb.asy' 
bc0d1871-5753-4c50-b4a7-34d04329060f	17c8a4884f9c	;[asy]  ^ C:\Users\MARKEI~1\AppData\Local\Temp\asyprev_tvowmnov\r_17c8a4884f9c.asy: 1.2: syntax error:  error: could not load module 'C:\Users\MARKEI~1\AppData\Local\Temp\asyprev_tvowmnov\r_17c8a4884f9c.asy' 
c1805e98-7dec-4995-9f4f-f5ed87dbbb69	f958910f716d	;[asy]  ^ C:\Users\MARKEI~1\AppData\Local\Temp\asyprev_tvowmnov\r_f958910f716d.asy: 1.2: syntax error:  error: could not load module 'C:\Users\MARKEI~1\AppData\Local\Temp\asyprev_tvowmnov\r_f958910f716d.asy' 
ca22cfff-ba62-418b-b09e-a65070899f0f	25e74908c857	;[asy]  ^ C:\Users\MARKEI~1\AppData\Local\Temp\asyprev_tvowmnov\r_25e74908c857.asy: 1.2: syntax error:  error: could not load module 'C:\Users\MARKEI~1\AppData\Local\Temp\asyprev_tvowmnov\r_25e74908c857.asy' 
cb542081-a99d-4e71-a7cb-272f1d05c840	8ca464df3134	;[asy]  ^ C:\Users\MARKEI~1\AppData\Local\Temp\asyprev_tvowmnov\r_8ca464df3134.asy: 1.2: syntax error:  error: could not load module 'C:\Users\MARKEI~1\AppData\Local\Temp\asyprev_tvowmnov\r_8ca464df3134.asy' 
d20e36fd-c678-4a1d-a405-f459ed888800	cded4dc8cbbd	;[asy]  ^ C:\Users\MARKEI~1\AppData\Local\Temp\asyprev_tvowmnov\r_cded4dc8cbbd.asy: 1.2: syntax error:  error: could not load module 'C:\Users\MARKEI~1\AppData\Local\Temp\asyprev_tvowmnov\r_cded4dc8cbbd.asy' 
d4c66dfc-542a-4f8b-9fbb-7aeef46815dd	279de2cf7731	;[asy]  ^ C:\Users\MARKEI~1\AppData\Local\Temp\asyprev_tvowmnov\r_279de2cf7731.asy: 1.2: syntax error:  error: could not load module 'C:\Users\MARKEI~1\AppData\Local\Temp\asyprev_tvowmnov\r_279de2cf7731.asy' 
d7a7e9c7-530e-4612-a33b-f792ac3a2a4d	c210ab1b2778	;[asy]  ^ C:\Users\MARKEI~1\AppData\Local\Temp\asyprev_tvowmnov\r_c210ab1b2778.asy: 1.2: syntax error:  error: could not load module 'C:\Users\MARKEI~1\AppData\Local\Temp\asyprev_tvowmnov\r_c210ab1b2778.asy' 
de7fe578-de9b-43f5-9ab9-b2aa1b0810ba	5a79b43e3560	;[asy]  ^ C:\Users\MARKEI~1\AppData\Local\Temp\asyprev_tvowmnov\r_5a79b43e3560.asy: 1.2: syntax error:  error: could not load module 'C:\Users\MARKEI~1\AppData\Local\Temp\asyprev_tvowmnov\r_5a79b43e3560.asy' 
eb3a936b-857f-4eb2-b7ca-4dfea94d2a35	772eff8e5fed	;[asy]  ^ C:\Users\MARKEI~1\AppData\Local\Temp\asyprev_tvowmnov\r_772eff8e5fed.asy: 1.2: syntax error:  error: could not load module 'C:\Users\MARKEI~1\AppData\Local\Temp\asyprev_tvowmnov\r_772eff8e5fed.asy' 
f946002f-cd66-4287-a2c0-bde5a71e2d0c	a70480976642	;[asy]  ^ C:\Users\MARKEI~1\AppData\Local\Temp\asyprev_tvowmnov\r_a70480976642.asy: 1.2: syntax error:  error: could not load module 'C:\Users\MARKEI~1\AppData\Local\Temp\asyprev_tvowmnov\r_a70480976642.asy' 
0c566708-5ccb-4fcd-a984-59aad69e9832	55ad8246eceb	;[asy]  ^ C:\Users\MARKEI~1\AppData\Local\Temp\asyprev_tvowmnov\r_55ad8246eceb.asy: 1.2: syntax error:  error: could not load module 'C:\Users\MARKEI~1\AppData\Local\Temp\asyprev_tvowmnov\r_55ad8246eceb.asy' 
3a6d3a46-55cf-4e5b-b018-6f9d6b8a4533	40f94758483c	;[asy]  ^ C:\Users\MARKEI~1\AppData\Local\Temp\asyprev_tvowmnov\r_40f94758483c.asy: 1.2: syntax error:  error: could not load module 'C:\Users\MARKEI~1\AppData\Local\Temp\asyprev_tvowmnov\r_40f94758483c.asy' 
2aa6eb92-c3ae-4b54-af72-3d891ca95e35	54c9d6ab9078	[asy] ^ C:\Users\MARKEI~1\AppData\Local\Temp\asyprev_tvowmnov\r_54c9d6ab9078.asy: 1.1: syntax error:  error: could not load module 'C:\Users\MARKEI~1\AppData\Local\Temp\asyprev_tvowmnov\r_54c9d6ab9078.asy' 
42bd9bca-583d-4b30-ab1f-b7895ca67dcf	c3a61dbe0c44	;[asy]  ^ C:\Users\MARKEI~1\AppData\Local\Temp\asyprev_tvowmnov\r_c3a61dbe0c44.asy: 1.2: syntax error:  error: could not load module 'C:\Users\MARKEI~1\AppData\Local\Temp\asyprev_tvowmnov\r_c3a61dbe0c44.asy' 
459c1ca1-c26e-4f40-8e00-28fe10900843	3549658cde06	;[asy]  ^ C:\Users\MARKEI~1\AppData\Local\Temp\asyprev_tvowmnov\r_3549658cde06.asy: 1.2: syntax error:  error: could not load module 'C:\Users\MARKEI~1\AppData\Local\Temp\asyprev_tvowmnov\r_3549658cde06.asy' 
4c6654f0-4f97-4fc3-8f17-a219f49ec5f1	eacd6bd4709c	;[asy]  ^ C:\Users\MARKEI~1\AppData\Local\Temp\asyprev_tvowmnov\r_eacd6bd4709c.asy: 1.2: syntax error:  error: could not load module 'C:\Users\MARKEI~1\AppData\Local\Temp\asyprev_tvowmnov\r_eacd6bd4709c.asy' 
70fc0970-fbc9-44c2-98ea-5606aef68131	fbb90e6c6ca9	;[asy]  ^ C:\Users\MARKEI~1\AppData\Local\Temp\asyprev_tvowmnov\r_fbb90e6c6ca9.asy: 1.2: syntax error:  error: could not load module 'C:\Users\MARKEI~1\AppData\Local\Temp\asyprev_tvowmnov\r_fbb90e6c6ca9.asy' 
73c0e37e-c89f-4f02-aa82-716612e7b363	ea1b0574ac5b	[asy] ^ C:\Users\MARKEI~1\AppData\Local\Temp\asyprev_tvowmnov\r_ea1b0574ac5b.asy: 1.1: syntax error:  error: could not load module 'C:\Users\MARKEI~1\AppData\Local\Temp\asyprev_tvowmnov\r_ea1b0574ac5b.asy' 
883eb89a-9d04-4b97-a769-ccdf7984ea3a	5a21af3dd710	;[asy]  ^ C:\Users\MARKEI~1\AppData\Local\Temp\asyprev_tvowmnov\r_5a21af3dd710.asy: 1.2: syntax error:  error: could not load module 'C:\Users\MARKEI~1\AppData\Local\Temp\asyprev_tvowmnov\r_5a21af3dd710.asy' 
934cbb69-235d-4738-ac67-293ea223819b	f5b3547a3934	;[asy]  ^ C:\Users\MARKEI~1\AppData\Local\Temp\asyprev_tvowmnov\r_f5b3547a3934.asy: 1.2: syntax error:  error: could not load module 'C:\Users\MARKEI~1\AppData\Local\Temp\asyprev_tvowmnov\r_f5b3547a3934.asy' 
94bb8d76-4e53-4a65-aeba-dfd1634033cc	7ab483487a53	;[asy]  ^ C:\Users\MARKEI~1\AppData\Local\Temp\asyprev_tvowmnov\r_7ab483487a53.asy: 1.2: syntax error:  error: could not load module 'C:\Users\MARKEI~1\AppData\Local\Temp\asyprev_tvowmnov\r_7ab483487a53.asy' 
a18bfd88-230b-44fd-aea9-138fa85dce07	586c364b336a	;[asy]  ^ C:\Users\MARKEI~1\AppData\Local\Temp\asyprev_tvowmnov\r_586c364b336a.asy: 1.2: syntax error:  error: could not load module 'C:\Users\MARKEI~1\AppData\Local\Temp\asyprev_tvowmnov\r_586c364b336a.asy' 
c3b009e4-7be6-4469-a3a0-7b590ecdeb08	a09f221a17cd	;[asy]  ^ C:\Users\MARKEI~1\AppData\Local\Temp\asyprev_tvowmnov\r_a09f221a17cd.asy: 1.2: syntax error:  error: could not load module 'C:\Users\MARKEI~1\AppData\Local\Temp\asyprev_tvowmnov\r_a09f221a17cd.asy' 
dbd4b056-78a5-4e53-b4c0-52ee7bc72e9b	a642262803a5	;[asy]  ^ C:\Users\MARKEI~1\AppData\Local\Temp\asyprev_tvowmnov\r_a642262803a5.asy: 1.2: syntax error:  error: could not load module 'C:\Users\MARKEI~1\AppData\Local\Temp\asyprev_tvowmnov\r_a642262803a5.asy' 
02cb1125-cce9-4b75-8ec3-dd5672c7b45c	00fed27d3456	[asy] ^ C:\Users\MARKEI~1\AppData\Local\Temp\asyprev_tvowmnov\r_00fed27d3456.asy: 1.1: syntax error:  error: could not load module 'C:\Users\MARKEI~1\AppData\Local\Temp\asyprev_tvowmnov\r_00fed27d3456.asy' 
12a8669c-345d-4284-9fb9-86da45c9d543	b86cb69d0c1c	;[asy]  ^ C:\Users\MARKEI~1\AppData\Local\Temp\asyprev_tvowmnov\r_b86cb69d0c1c.asy: 1.2: syntax error:  error: could not load module 'C:\Users\MARKEI~1\AppData\Local\Temp\asyprev_tvowmnov\r_b86cb69d0c1c.asy' 
142af50e-4c8a-41fa-8c1d-1b669a9bf96b	edb98c90ad59	;[asy]  ^ C:\Users\MARKEI~1\AppData\Local\Temp\asyprev_tvowmnov\r_edb98c90ad59.asy: 1.2: syntax error:  error: could not load module 'C:\Users\MARKEI~1\AppData\Local\Temp\asyprev_tvowmnov\r_edb98c90ad59.asy' 
209ef7d0-c910-4ae3-9ee0-9ca7fc3c1d16	81f8bdd2acbc	;[asy]  ^ C:\Users\MARKEI~1\AppData\Local\Temp\asyprev_tvowmnov\r_81f8bdd2acbc.asy: 1.2: syntax error:  error: could not load module 'C:\Users\MARKEI~1\AppData\Local\Temp\asyprev_tvowmnov\r_81f8bdd2acbc.asy' 
5c74892c-e2a6-4867-9929-355492fef684	636a3dbe9c1a	;[asy]  ^ C:\Users\MARKEI~1\AppData\Local\Temp\asyprev_tvowmnov\r_636a3dbe9c1a.asy: 1.2: syntax error:  error: could not load module 'C:\Users\MARKEI~1\AppData\Local\Temp\asyprev_tvowmnov\r_636a3dbe9c1a.asy' 
7d2679e0-1443-4e3d-91ee-60418e61fe8c	f7f4a6e2980a	;[asy]  ^ C:\Users\MARKEI~1\AppData\Local\Temp\asyprev_tvowmnov\r_f7f4a6e2980a.asy: 1.2: syntax error:  error: could not load module 'C:\Users\MARKEI~1\AppData\Local\Temp\asyprev_tvowmnov\r_f7f4a6e2980a.asy' 
7e30e2a9-4777-4d96-9632-62a52691c0dd	1d7dfb8430fd	;[asy]  ^ C:\Users\MARKEI~1\AppData\Local\Temp\asyprev_tvowmnov\r_1d7dfb8430fd.asy: 1.2: syntax error:  error: could not load module 'C:\Users\MARKEI~1\AppData\Local\Temp\asyprev_tvowmnov\r_1d7dfb8430fd.asy' 
86532a1f-fff3-4bb2-94af-0969c59951da	83cfb061883d	;[asy]  ^ C:\Users\MARKEI~1\AppData\Local\Temp\asyprev_tvowmnov\r_83cfb061883d.asy: 1.2: syntax error:  error: could not load module 'C:\Users\MARKEI~1\AppData\Local\Temp\asyprev_tvowmnov\r_83cfb061883d.asy' 
b33b3822-88a6-47a1-afd7-1fd67b266a8b	6ce1654ea0c2	;[asy]  ^ C:\Users\MARKEI~1\AppData\Local\Temp\asyprev_tvowmnov\r_6ce1654ea0c2.asy: 1.2: syntax error:  error: could not load module 'C:\Users\MARKEI~1\AppData\Local\Temp\asyprev_tvowmnov\r_6ce1654ea0c2.asy' 
bdb18605-7592-40c3-86a9-39d47fd81f27	bc2c952c323b	;[asy]  ^ C:\Users\MARKEI~1\AppData\Local\Temp\asyprev_tvowmnov\r_bc2c952c323b.asy: 1.2: syntax error:  error: could not load module 'C:\Users\MARKEI~1\AppData\Local\Temp\asyprev_tvowmnov\r_bc2c952c323b.asy' 
d038fbd6-e2c4-4de3-87b0-9df92523ec0f	7340e8adbd55	;[asy]  ^ C:\Users\MARKEI~1\AppData\Local\Temp\asyprev_tvowmnov\r_7340e8adbd55.asy: 1.2: syntax error:  error: could not load module 'C:\Users\MARKEI~1\AppData\Local\Temp\asyprev_tvowmnov\r_7340e8adbd55.asy' 
ef669f0c-644c-4dbb-a845-05cd4f2dab6c	fcb33691d2e9	;[asy]  ^ C:\Users\MARKEI~1\AppData\Local\Temp\asyprev_tvowmnov\r_fcb33691d2e9.asy: 1.2: syntax error:  error: could not load module 'C:\Users\MARKEI~1\AppData\Local\Temp\asyprev_tvowmnov\r_fcb33691d2e9.asy' 
620d8715-8f2d-45fc-9db5-e5fc92966cee	ddfa6d24eb62	[asy] ^ C:\Users\MARKEI~1\AppData\Local\Temp\asyprev_tvowmnov\r_ddfa6d24eb62.asy: 1.1: syntax error:  error: could not load module 'C:\Users\MARKEI~1\AppData\Local\Temp\asyprev_tvowmnov\r_ddfa6d24eb62.asy' 
6990827c-17f9-478b-ad4b-e3d0b8ce5720	24a6fcce5c8b	[asy] ^ C:\Users\MARKEI~1\AppData\Local\Temp\asyprev_tvowmnov\r_24a6fcce5c8b.asy: 1.1: syntax error:  error: could not load module 'C:\Users\MARKEI~1\AppData\Local\Temp\asyprev_tvowmnov\r_24a6fcce5c8b.asy' 
6ed3732a-e7ff-40ed-9088-6776b788f5b2	d589497bef3f	;[asy]  ^ C:\Users\MARKEI~1\AppData\Local\Temp\asyprev_tvowmnov\r_d589497bef3f.asy: 1.2: syntax error:  error: could not load module 'C:\Users\MARKEI~1\AppData\Local\Temp\asyprev_tvowmnov\r_d589497bef3f.asy' 
78fb712b-01f5-42ae-8705-3cfa5cf1351b	4404cc6a36f9	;[asy]  ^ C:\Users\MARKEI~1\AppData\Local\Temp\asyprev_tvowmnov\r_4404cc6a36f9.asy: 1.2: syntax error:  error: could not load module 'C:\Users\MARKEI~1\AppData\Local\Temp\asyprev_tvowmnov\r_4404cc6a36f9.asy' 
8ea82548-3c51-4f98-ab58-1b0037cdac61	97368b43d5db	;[asy]  ^ C:\Users\MARKEI~1\AppData\Local\Temp\asyprev_tvowmnov\r_97368b43d5db.asy: 1.2: syntax error:  error: could not load module 'C:\Users\MARKEI~1\AppData\Local\Temp\asyprev_tvowmnov\r_97368b43d5db.asy' 
a5862da7-f6bb-4e57-8b82-27c12274de8f	139e1f6d7139	;[asy]  ^ C:\Users\MARKEI~1\AppData\Local\Temp\asyprev_tvowmnov\r_139e1f6d7139.asy: 1.2: syntax error:  error: could not load module 'C:\Users\MARKEI~1\AppData\Local\Temp\asyprev_tvowmnov\r_139e1f6d7139.asy' 
abafe759-0d01-442c-b3af-b111765d10a4	5bec4c6d7ff3	;[asy]  ^ C:\Users\MARKEI~1\AppData\Local\Temp\asyprev_tvowmnov\r_5bec4c6d7ff3.asy: 1.2: syntax error:  error: could not load module 'C:\Users\MARKEI~1\AppData\Local\Temp\asyprev_tvowmnov\r_5bec4c6d7ff3.asy' 
04eaf8c1-bbc4-4d68-a95a-be742bce9ba0	e37691af8b23	;[asy]  ^ C:\Users\MARKEI~1\AppData\Local\Temp\asyprev_tvowmnov\r_e37691af8b23.asy: 1.2: syntax error:  error: could not load module 'C:\Users\MARKEI~1\AppData\Local\Temp\asyprev_tvowmnov\r_e37691af8b23.asy' 
0dec13b5-7343-4361-a954-d8a74ba6d208	36ff08e32b78	;[asy]  ^ C:\Users\MARKEI~1\AppData\Local\Temp\asyprev_tvowmnov\r_36ff08e32b78.asy: 1.2: syntax error:  error: could not load module 'C:\Users\MARKEI~1\AppData\Local\Temp\asyprev_tvowmnov\r_36ff08e32b78.asy' 
26d5364e-4f77-48f4-a799-8fb47aa64743	c56b379eee81	;[asy]  ^ C:\Users\MARKEI~1\AppData\Local\Temp\asyprev_tvowmnov\r_c56b379eee81.asy: 1.2: syntax error:  error: could not load module 'C:\Users\MARKEI~1\AppData\Local\Temp\asyprev_tvowmnov\r_c56b379eee81.asy' 
29748ef7-2c5e-457e-975d-a9ff4d631280	eb467b065c71	;[asy]  ^ C:\Users\MARKEI~1\AppData\Local\Temp\asyprev_tvowmnov\r_eb467b065c71.asy: 1.2: syntax error:  error: could not load module 'C:\Users\MARKEI~1\AppData\Local\Temp\asyprev_tvowmnov\r_eb467b065c71.asy' 
31c12bf9-9175-43d0-83a5-03e01114f09f	d5fbd5e171db	;[asy]  ^ C:\Users\MARKEI~1\AppData\Local\Temp\asyprev_tvowmnov\r_d5fbd5e171db.asy: 1.2: syntax error:  error: could not load module 'C:\Users\MARKEI~1\AppData\Local\Temp\asyprev_tvowmnov\r_d5fbd5e171db.asy' 
3e2d78c0-02e4-4a86-9943-8a09d681efa1	fe3ee04882a0	;[asy]  ^ C:\Users\MARKEI~1\AppData\Local\Temp\asyprev_tvowmnov\r_fe3ee04882a0.asy: 1.2: syntax error:  error: could not load module 'C:\Users\MARKEI~1\AppData\Local\Temp\asyprev_tvowmnov\r_fe3ee04882a0.asy' 
3faa88c8-fb35-4610-9782-bb8557d335d6	1addb5df29f2	;[asy]  ^ C:\Users\MARKEI~1\AppData\Local\Temp\asyprev_tvowmnov\r_1addb5df29f2.asy: 1.2: syntax error:  error: could not load module 'C:\Users\MARKEI~1\AppData\Local\Temp\asyprev_tvowmnov\r_1addb5df29f2.asy' 
4f5180d1-05b4-4c1e-9d37-68e08d26969f	cae681982251	;[asy]  ^ C:\Users\MARKEI~1\AppData\Local\Temp\asyprev_tvowmnov\r_cae681982251.asy: 1.2: syntax error:  error: could not load module 'C:\Users\MARKEI~1\AppData\Local\Temp\asyprev_tvowmnov\r_cae681982251.asy' 
5430878a-c89e-4a81-a3cc-e490dcabca94	ad282b35b30d	;[asy]  ^ C:\Users\MARKEI~1\AppData\Local\Temp\asyprev_tvowmnov\r_ad282b35b30d.asy: 1.2: syntax error:  error: could not load module 'C:\Users\MARKEI~1\AppData\Local\Temp\asyprev_tvowmnov\r_ad282b35b30d.asy' 
5f409142-b45c-474d-b067-a8b2c823ccb9	38efd6eeb5a8	[asy] ^ C:\Users\MARKEI~1\AppData\Local\Temp\asyprev_tvowmnov\r_38efd6eeb5a8.asy: 1.1: syntax error:  error: could not load module 'C:\Users\MARKEI~1\AppData\Local\Temp\asyprev_tvowmnov\r_38efd6eeb5a8.asy' 
60e72346-7eff-4831-8f9c-e46e9b585cab	c4efedd4d389	;[asy]  ^ C:\Users\MARKEI~1\AppData\Local\Temp\asyprev_tvowmnov\r_c4efedd4d389.asy: 1.2: syntax error:  error: could not load module 'C:\Users\MARKEI~1\AppData\Local\Temp\asyprev_tvowmnov\r_c4efedd4d389.asy' 
671afbee-348f-49df-9829-e47815fcb3a5	aeb22c19a86e	;[asy]  ^ C:\Users\MARKEI~1\AppData\Local\Temp\asyprev_tvowmnov\r_aeb22c19a86e.asy: 1.2: syntax error:  error: could not load module 'C:\Users\MARKEI~1\AppData\Local\Temp\asyprev_tvowmnov\r_aeb22c19a86e.asy' 
6f0bb6dc-d73f-426a-86ea-8bebf4d8c8fd	3ab06b496756	[asy] ^ C:\Users\MARKEI~1\AppData\Local\Temp\asyprev_tvowmnov\r_3ab06b496756.asy: 1.1: syntax error:  error: could not load module 'C:\Users\MARKEI~1\AppData\Local\Temp\asyprev_tvowmnov\r_3ab06b496756.asy' 
77c0242a-eb19-4352-a5f8-94ba891995c9	66c06e480a9d	;[asy]  ^ C:\Users\MARKEI~1\AppData\Local\Temp\asyprev_tvowmnov\r_66c06e480a9d.asy: 1.2: syntax error:  error: could not load module 'C:\Users\MARKEI~1\AppData\Local\Temp\asyprev_tvowmnov\r_66c06e480a9d.asy' 
785f252f-fb47-4f43-a062-385dc56300a9	250fd7a85159	;[asy]  ^ C:\Users\MARKEI~1\AppData\Local\Temp\asyprev_tvowmnov\r_250fd7a85159.asy: 1.2: syntax error:  error: could not load module 'C:\Users\MARKEI~1\AppData\Local\Temp\asyprev_tvowmnov\r_250fd7a85159.asy' 
7ef7a675-acb5-4a14-9af2-2416015172c7	36d129fbbd57	;[asy]  ^ C:\Users\MARKEI~1\AppData\Local\Temp\asyprev_tvowmnov\r_36d129fbbd57.asy: 1.2: syntax error:  error: could not load module 'C:\Users\MARKEI~1\AppData\Local\Temp\asyprev_tvowmnov\r_36d129fbbd57.asy' 
8a6d405e-a524-4998-9bfa-446ea921129a	f550b1ae3692	;[asy]  ^ C:\Users\MARKEI~1\AppData\Local\Temp\asyprev_tvowmnov\r_f550b1ae3692.asy: 1.2: syntax error:  error: could not load module 'C:\Users\MARKEI~1\AppData\Local\Temp\asyprev_tvowmnov\r_f550b1ae3692.asy' 
8c14a2bb-e57f-400f-bbea-84765ce5362a	64b1da9e433e	[asy] ^ C:\Users\MARKEI~1\AppData\Local\Temp\asyprev_tvowmnov\r_64b1da9e433e.asy: 1.1: syntax error:  error: could not load module 'C:\Users\MARKEI~1\AppData\Local\Temp\asyprev_tvowmnov\r_64b1da9e433e.asy' 
9b7ca956-89d6-472b-a046-f2ebf613ea55	af5f1f10e1ad	;[asy]  ^ C:\Users\MARKEI~1\AppData\Local\Temp\asyprev_tvowmnov\r_af5f1f10e1ad.asy: 1.2: syntax error:  error: could not load module 'C:\Users\MARKEI~1\AppData\Local\Temp\asyprev_tvowmnov\r_af5f1f10e1ad.asy' 
a4fb8ebc-341e-4f3f-8a61-6a5cf22b337d	b03e4504869d	;[asy]  ^ C:\Users\MARKEI~1\AppData\Local\Temp\asyprev_tvowmnov\r_b03e4504869d.asy: 1.2: syntax error:  error: could not load module 'C:\Users\MARKEI~1\AppData\Local\Temp\asyprev_tvowmnov\r_b03e4504869d.asy' 
ac4c7f08-9106-4b63-9e8c-bb442317fb57	fd2cfb5c6cc9	;[asy]  ^ C:\Users\MARKEI~1\AppData\Local\Temp\asyprev_tvowmnov\r_fd2cfb5c6cc9.asy: 1.2: syntax error:  error: could not load module 'C:\Users\MARKEI~1\AppData\Local\Temp\asyprev_tvowmnov\r_fd2cfb5c6cc9.asy' 
beb5de82-551d-4f80-9c6f-687aec315d06	02e9a8d28a02	[asy] ^ C:\Users\MARKEI~1\AppData\Local\Temp\asyprev_tvowmnov\r_02e9a8d28a02.asy: 1.1: syntax error:  error: could not load module 'C:\Users\MARKEI~1\AppData\Local\Temp\asyprev_tvowmnov\r_02e9a8d28a02.asy' 
bfd03872-05de-4f91-bf3b-420112ae1eed	7b2ae19afe5f	;[asy]  ^ C:\Users\MARKEI~1\AppData\Local\Temp\asyprev_tvowmnov\r_7b2ae19afe5f.asy: 1.2: syntax error:  error: could not load module 'C:\Users\MARKEI~1\AppData\Local\Temp\asyprev_tvowmnov\r_7b2ae19afe5f.asy' 
f6c75eb3-6058-40fe-9d0f-722487801f4d	83b50876e2cf	;[asy]  ^ C:\Users\MARKEI~1\AppData\Local\Temp\asyprev_tvowmnov\r_83b50876e2cf.asy: 1.2: syntax error:  error: could not load module 'C:\Users\MARKEI~1\AppData\Local\Temp\asyprev_tvowmnov\r_83b50876e2cf.asy' 
04105414-9d35-4b18-8daa-5e4ab2e5e7d1	6e49d8375d6d	;[asy]  ^ C:\Users\MARKEI~1\AppData\Local\Temp\asyprev_tvowmnov\r_6e49d8375d6d.asy: 1.2: syntax error:  error: could not load module 'C:\Users\MARKEI~1\AppData\Local\Temp\asyprev_tvowmnov\r_6e49d8375d6d.asy' 
15f29ccb-4c55-47fd-839b-4542f4bca4ea	1aca0991bead	[asy] ^ C:\Users\MARKEI~1\AppData\Local\Temp\asyprev_tvowmnov\r_1aca0991bead.asy: 1.1: syntax error:  error: could not load module 'C:\Users\MARKEI~1\AppData\Local\Temp\asyprev_tvowmnov\r_1aca0991bead.asy' 
1d90d2eb-9c8f-4d4f-92b0-f1ef7329e8dc	62912bfe8fd8	[asy] ^ C:\Users\MARKEI~1\AppData\Local\Temp\asyprev_tvowmnov\r_62912bfe8fd8.asy: 1.1: syntax error:  error: could not load module 'C:\Users\MARKEI~1\AppData\Local\Temp\asyprev_tvowmnov\r_62912bfe8fd8.asy' 
2886894c-3e4c-46c1-8d31-39f4a2dc1404	f1330bd34c64	[asy] ^ C:\Users\MARKEI~1\AppData\Local\Temp\asyprev_tvowmnov\r_f1330bd34c64.asy: 1.1: syntax error:  error: could not load module 'C:\Users\MARKEI~1\AppData\Local\Temp\asyprev_tvowmnov\r_f1330bd34c64.asy' 
2b849d3b-042e-4025-b7d2-36b7be2036de	cb4b30b529e1	;[asy]  ^ C:\Users\MARKEI~1\AppData\Local\Temp\asyprev_tvowmnov\r_cb4b30b529e1.asy: 1.2: syntax error:  error: could not load module 'C:\Users\MARKEI~1\AppData\Local\Temp\asyprev_tvowmnov\r_cb4b30b529e1.asy' 
302c98cf-ae14-48f3-b209-908126088860	a0beb9853b46	;[asy]  ^ C:\Users\MARKEI~1\AppData\Local\Temp\asyprev_tvowmnov\r_a0beb9853b46.asy: 1.2: syntax error:  error: could not load module 'C:\Users\MARKEI~1\AppData\Local\Temp\asyprev_tvowmnov\r_a0beb9853b46.asy' 
324b1630-47d3-4f9b-9a94-3bca374637b1	e1019ef05403	[asy] ^ C:\Users\MARKEI~1\AppData\Local\Temp\asyprev_tvowmnov\r_e1019ef05403.asy: 1.1: syntax error:  error: could not load module 'C:\Users\MARKEI~1\AppData\Local\Temp\asyprev_tvowmnov\r_e1019ef05403.asy' 
3c769b4c-b478-4904-80b9-5a149741499e	e601ea21f6a9	[asy] ^ C:\Users\MARKEI~1\AppData\Local\Temp\asyprev_tvowmnov\r_e601ea21f6a9.asy: 1.1: syntax error:  error: could not load module 'C:\Users\MARKEI~1\AppData\Local\Temp\asyprev_tvowmnov\r_e601ea21f6a9.asy' 
3f03970e-bdd3-4f9b-87c7-25885afeb6ff	1c1a1d6cf807	;[asy]  ^ C:\Users\MARKEI~1\AppData\Local\Temp\asyprev_tvowmnov\r_1c1a1d6cf807.asy: 1.2: syntax error:  error: could not load module 'C:\Users\MARKEI~1\AppData\Local\Temp\asyprev_tvowmnov\r_1c1a1d6cf807.asy' 
440ede7a-3631-41ba-a4d7-29160f1c5d31	41eee1142c4f	[asy] ^ C:\Users\MARKEI~1\AppData\Local\Temp\asyprev_tvowmnov\r_41eee1142c4f.asy: 1.1: syntax error:  error: could not load module 'C:\Users\MARKEI~1\AppData\Local\Temp\asyprev_tvowmnov\r_41eee1142c4f.asy' 
49798e5f-98ff-4d91-bfaf-761b34e47f45	1a0f4f20300a	;[asy]  ^ C:\Users\MARKEI~1\AppData\Local\Temp\asyprev_tvowmnov\r_1a0f4f20300a.asy: 1.2: syntax error:  error: could not load module 'C:\Users\MARKEI~1\AppData\Local\Temp\asyprev_tvowmnov\r_1a0f4f20300a.asy' 
4a67c8e9-aad9-4b26-98e3-c863c405af58	0e15a4d459fd	;[asy]  ^ C:\Users\MARKEI~1\AppData\Local\Temp\asyprev_tvowmnov\r_0e15a4d459fd.asy: 1.2: syntax error:  error: could not load module 'C:\Users\MARKEI~1\AppData\Local\Temp\asyprev_tvowmnov\r_0e15a4d459fd.asy' 
5298c027-2ae9-471c-94fc-d512389e7843	2e4cad20cf6c	[asy] ^ C:\Users\MARKEI~1\AppData\Local\Temp\asyprev_tvowmnov\r_2e4cad20cf6c.asy: 1.1: syntax error:  error: could not load module 'C:\Users\MARKEI~1\AppData\Local\Temp\asyprev_tvowmnov\r_2e4cad20cf6c.asy' 
53ca5ea5-8b61-46f4-ac5a-cb81995ec748	dd7ab24ab1d3	;[asy]  ^ C:\Users\MARKEI~1\AppData\Local\Temp\asyprev_tvowmnov\r_dd7ab24ab1d3.asy: 1.2: syntax error:  error: could not load module 'C:\Users\MARKEI~1\AppData\Local\Temp\asyprev_tvowmnov\r_dd7ab24ab1d3.asy' 
53dbd91a-f550-4b5e-a681-74c4935270de	01a5b286e685	;[asy]  ^ C:\Users\MARKEI~1\AppData\Local\Temp\asyprev_tvowmnov\r_01a5b286e685.asy: 1.2: syntax error:  error: could not load module 'C:\Users\MARKEI~1\AppData\Local\Temp\asyprev_tvowmnov\r_01a5b286e685.asy' 
582e2d2a-786e-4bc6-a14c-a896bde53315	c530bce94de4	;[asy]  ^ C:\Users\MARKEI~1\AppData\Local\Temp\asyprev_tvowmnov\r_c530bce94de4.asy: 1.2: syntax error:  error: could not load module 'C:\Users\MARKEI~1\AppData\Local\Temp\asyprev_tvowmnov\r_c530bce94de4.asy' 
5d1207bc-ad2a-49c6-9fc4-ea6da992c6b6	8e1ede87ea74	;[asy]  ^ C:\Users\MARKEI~1\AppData\Local\Temp\asyprev_tvowmnov\r_8e1ede87ea74.asy: 1.2: syntax error:  error: could not load module 'C:\Users\MARKEI~1\AppData\Local\Temp\asyprev_tvowmnov\r_8e1ede87ea74.asy' 
5fe65753-895d-4a29-8135-ae01ffe9759a	f3882deb7310	;[asy]  ^ C:\Users\MARKEI~1\AppData\Local\Temp\asyprev_tvowmnov\r_f3882deb7310.asy: 1.2: syntax error:  error: could not load module 'C:\Users\MARKEI~1\AppData\Local\Temp\asyprev_tvowmnov\r_f3882deb7310.asy' 
5fff7aa8-467f-45b7-a059-6ac2ff009920	b2224a9580e9	;[asy]  ^ C:\Users\MARKEI~1\AppData\Local\Temp\asyprev_tvowmnov\r_b2224a9580e9.asy: 1.2: syntax error:  error: could not load module 'C:\Users\MARKEI~1\AppData\Local\Temp\asyprev_tvowmnov\r_b2224a9580e9.asy' 
666cd2f5-a5fb-4305-b6ce-a7e58a0e7bc8	8754d4cdf09b	[asy] ^ C:\Users\MARKEI~1\AppData\Local\Temp\asyprev_tvowmnov\r_8754d4cdf09b.asy: 1.1: syntax error:  error: could not load module 'C:\Users\MARKEI~1\AppData\Local\Temp\asyprev_tvowmnov\r_8754d4cdf09b.asy' 
642c1f3c-b311-4b68-8087-fc07bb46bd35	e42dc71115de	;[asy]  ^ C:\Users\MARKEI~1\AppData\Local\Temp\asyprev_tvowmnov\r_e42dc71115de.asy: 1.2: syntax error:  error: could not load module 'C:\Users\MARKEI~1\AppData\Local\Temp\asyprev_tvowmnov\r_e42dc71115de.asy' 
67f7e15c-19c1-4d6f-b164-53dacff8aff5	3f567f012157	;[asy]  ^ C:\Users\MARKEI~1\AppData\Local\Temp\asyprev_tvowmnov\r_3f567f012157.asy: 1.2: syntax error:  error: could not load module 'C:\Users\MARKEI~1\AppData\Local\Temp\asyprev_tvowmnov\r_3f567f012157.asy' 
6860df0e-e90e-4553-bb4b-23ecf5eb0b27	72392f3f5b91	[asy] ^ C:\Users\MARKEI~1\AppData\Local\Temp\asyprev_tvowmnov\r_72392f3f5b91.asy: 1.1: syntax error:  error: could not load module 'C:\Users\MARKEI~1\AppData\Local\Temp\asyprev_tvowmnov\r_72392f3f5b91.asy' 
6dddd54a-b5e9-44b0-9c43-46381aa1ac01	5b025724ec4c	[asy] ^ C:\Users\MARKEI~1\AppData\Local\Temp\asyprev_tvowmnov\r_5b025724ec4c.asy: 1.1: syntax error:  error: could not load module 'C:\Users\MARKEI~1\AppData\Local\Temp\asyprev_tvowmnov\r_5b025724ec4c.asy' 
6ec86905-d317-4213-b33e-daf57cbf9f26	63a6790ae3ee	[asy] ^ C:\Users\MARKEI~1\AppData\Local\Temp\asyprev_tvowmnov\r_63a6790ae3ee.asy: 1.1: syntax error:  error: could not load module 'C:\Users\MARKEI~1\AppData\Local\Temp\asyprev_tvowmnov\r_63a6790ae3ee.asy' 
78de743b-593a-436a-b350-df4b38f13bd9	84e9fbc10d92	;[asy]  ^ C:\Users\MARKEI~1\AppData\Local\Temp\asyprev_tvowmnov\r_84e9fbc10d92.asy: 1.2: syntax error:  error: could not load module 'C:\Users\MARKEI~1\AppData\Local\Temp\asyprev_tvowmnov\r_84e9fbc10d92.asy' 
8940f656-4823-4d73-b270-4cbfe45c5051	c00e8c714d95	;[asy]  ^ C:\Users\MARKEI~1\AppData\Local\Temp\asyprev_tvowmnov\r_c00e8c714d95.asy: 1.2: syntax error:  error: could not load module 'C:\Users\MARKEI~1\AppData\Local\Temp\asyprev_tvowmnov\r_c00e8c714d95.asy' 
8aaf96a6-d504-45d9-bf9f-2f6fd7ef9ace	38d0e1dcd398	;[asy]  ^ C:\Users\MARKEI~1\AppData\Local\Temp\asyprev_tvowmnov\r_38d0e1dcd398.asy: 1.2: syntax error:  error: could not load module 'C:\Users\MARKEI~1\AppData\Local\Temp\asyprev_tvowmnov\r_38d0e1dcd398.asy' 
8ed02b2d-5aa1-4a5f-bd83-7505a543166a	4f0a42433b4b	;[asy]  ^ C:\Users\MARKEI~1\AppData\Local\Temp\asyprev_tvowmnov\r_4f0a42433b4b.asy: 1.2: syntax error:  error: could not load module 'C:\Users\MARKEI~1\AppData\Local\Temp\asyprev_tvowmnov\r_4f0a42433b4b.asy' 
9cb92082-ac85-4cb0-8f5f-2933ee6488a6	0febb84e3964	;[asy]  ^ C:\Users\MARKEI~1\AppData\Local\Temp\asyprev_tvowmnov\r_0febb84e3964.asy: 1.2: syntax error:  error: could not load module 'C:\Users\MARKEI~1\AppData\Local\Temp\asyprev_tvowmnov\r_0febb84e3964.asy' 
9e586b1f-2163-412e-adb2-b0a10d5570a8	d3d60723d0ed	;[asy]  ^ C:\Users\MARKEI~1\AppData\Local\Temp\asyprev_tvowmnov\r_d3d60723d0ed.asy: 1.2: syntax error:  error: could not load module 'C:\Users\MARKEI~1\AppData\Local\Temp\asyprev_tvowmnov\r_d3d60723d0ed.asy' 
b0f2fb04-340c-450a-b301-a6dcced47e5a	ac7b4f8dc09e	;[asy]  ^ C:\Users\MARKEI~1\AppData\Local\Temp\asyprev_tvowmnov\r_ac7b4f8dc09e.asy: 1.2: syntax error:  error: could not load module 'C:\Users\MARKEI~1\AppData\Local\Temp\asyprev_tvowmnov\r_ac7b4f8dc09e.asy' 
b0f41a27-10a0-4b54-b8c5-6a30c4532bf7	e975d0dbd79a	;[asy]  ^ C:\Users\MARKEI~1\AppData\Local\Temp\asyprev_tvowmnov\r_e975d0dbd79a.asy: 1.2: syntax error:  error: could not load module 'C:\Users\MARKEI~1\AppData\Local\Temp\asyprev_tvowmnov\r_e975d0dbd79a.asy' 
bbdabbc0-bb76-44bc-a181-666cf31cd1f8	fe979b96dccc	[asy] ^ C:\Users\MARKEI~1\AppData\Local\Temp\asyprev_tvowmnov\r_fe979b96dccc.asy: 1.1: syntax error:  error: could not load module 'C:\Users\MARKEI~1\AppData\Local\Temp\asyprev_tvowmnov\r_fe979b96dccc.asy' 
dc65a40b-3ef7-4c79-9fc8-a5dd19f637ea	60594bb81bca	;[asy]  ^ C:\Users\MARKEI~1\AppData\Local\Temp\asyprev_tvowmnov\r_60594bb81bca.asy: 1.2: syntax error:  error: could not load module 'C:\Users\MARKEI~1\AppData\Local\Temp\asyprev_tvowmnov\r_60594bb81bca.asy' 
e422d5c6-75d8-434a-8e3f-9a8af2e55ed3	5aacc5c21bd8	;[asy]  ^ C:\Users\MARKEI~1\AppData\Local\Temp\asyprev_tvowmnov\r_5aacc5c21bd8.asy: 1.2: syntax error:  error: could not load module 'C:\Users\MARKEI~1\AppData\Local\Temp\asyprev_tvowmnov\r_5aacc5c21bd8.asy' 
e648aa10-536f-4f6f-b008-f556f5718892	463463d2e23b	;[asy]  ^ C:\Users\MARKEI~1\AppData\Local\Temp\asyprev_tvowmnov\r_463463d2e23b.asy: 1.2: syntax error:  error: could not load module 'C:\Users\MARKEI~1\AppData\Local\Temp\asyprev_tvowmnov\r_463463d2e23b.asy' 
eeedea6d-10eb-4d41-9a00-3317c8adc0ae	047e7e50acf8	;[asy]  ^ C:\Users\MARKEI~1\AppData\Local\Temp\asyprev_tvowmnov\r_047e7e50acf8.asy: 1.2: syntax error:  error: could not load module 'C:\Users\MARKEI~1\AppData\Local\Temp\asyprev_tvowmnov\r_047e7e50acf8.asy' 
1c4497f0-f593-422a-a5e0-9cd2fa0fc155	6b921ab2cc6a	;[asy]  ^ C:\Users\MARKEI~1\AppData\Local\Temp\asyprev_tvowmnov\r_6b921ab2cc6a.asy: 1.2: syntax error:  error: could not load module 'C:\Users\MARKEI~1\AppData\Local\Temp\asyprev_tvowmnov\r_6b921ab2cc6a.asy' 
36b88056-29e2-4f0f-a305-8b3e4ccfd16f	ffb4626a1ef3	;[asy]  ^ C:\Users\MARKEI~1\AppData\Local\Temp\asyprev_tvowmnov\r_ffb4626a1ef3.asy: 1.2: syntax error:  error: could not load module 'C:\Users\MARKEI~1\AppData\Local\Temp\asyprev_tvowmnov\r_ffb4626a1ef3.asy' 
48a0b178-dde6-4561-a93e-103e299b77cb	3758a611d3bc	[asy] ^ C:\Users\MARKEI~1\AppData\Local\Temp\asyprev_tvowmnov\r_3758a611d3bc.asy: 1.1: syntax error:  error: could not load module 'C:\Users\MARKEI~1\AppData\Local\Temp\asyprev_tvowmnov\r_3758a611d3bc.asy' 
4d8b8b01-b70b-49fe-95b5-89d41961bd3c	5c59f98b5b9d	;[asy]  ^ C:\Users\MARKEI~1\AppData\Local\Temp\asyprev_tvowmnov\r_5c59f98b5b9d.asy: 1.2: syntax error:  error: could not load module 'C:\Users\MARKEI~1\AppData\Local\Temp\asyprev_tvowmnov\r_5c59f98b5b9d.asy' 
5922673e-0cde-44e3-85fe-e4f73a753c55	3ee31cb08f76	;[asy]  ^ C:\Users\MARKEI~1\AppData\Local\Temp\asyprev_tvowmnov\r_3ee31cb08f76.asy: 1.2: syntax error:  error: could not load module 'C:\Users\MARKEI~1\AppData\Local\Temp\asyprev_tvowmnov\r_3ee31cb08f76.asy' 
7188d3f8-e58f-4014-b142-131f3fb1302f	a9e5309660f2	[asy] ^ C:\Users\MARKEI~1\AppData\Local\Temp\asyprev_tvowmnov\r_a9e5309660f2.asy: 1.1: syntax error:  error: could not load module 'C:\Users\MARKEI~1\AppData\Local\Temp\asyprev_tvowmnov\r_a9e5309660f2.asy' 
7cb04fde-6a46-4632-830f-89393946c71e	fa21fd0a0a92	;[asy]  ^ C:\Users\MARKEI~1\AppData\Local\Temp\asyprev_tvowmnov\r_fa21fd0a0a92.asy: 1.2: syntax error:  error: could not load module 'C:\Users\MARKEI~1\AppData\Local\Temp\asyprev_tvowmnov\r_fa21fd0a0a92.asy' 
9131febf-8bdf-4710-9bb6-a378606e12bd	2f32a04b6762	;[asy]  ^ C:\Users\MARKEI~1\AppData\Local\Temp\asyprev_tvowmnov\r_2f32a04b6762.asy: 1.2: syntax error:  error: could not load module 'C:\Users\MARKEI~1\AppData\Local\Temp\asyprev_tvowmnov\r_2f32a04b6762.asy' 
982e06f0-33b9-422f-9132-5f332ade09db	d380f73137f3	;[asy]  ^ C:\Users\MARKEI~1\AppData\Local\Temp\asyprev_tvowmnov\r_d380f73137f3.asy: 1.2: syntax error:  error: could not load module 'C:\Users\MARKEI~1\AppData\Local\Temp\asyprev_tvowmnov\r_d380f73137f3.asy' 
a452f94a-9f69-4f0f-87bc-725f03b8cc6c	1df1752d01b8	;[asy]  ^ C:\Users\MARKEI~1\AppData\Local\Temp\asyprev_tvowmnov\r_1df1752d01b8.asy: 1.2: syntax error:  error: could not load module 'C:\Users\MARKEI~1\AppData\Local\Temp\asyprev_tvowmnov\r_1df1752d01b8.asy' 
b7bfb5f6-340e-4855-8e37-2c7fe9b78e98	9042eaab3dfa	;[asy]  ^ C:\Users\MARKEI~1\AppData\Local\Temp\asyprev_tvowmnov\r_9042eaab3dfa.asy: 1.2: syntax error:  error: could not load module 'C:\Users\MARKEI~1\AppData\Local\Temp\asyprev_tvowmnov\r_9042eaab3dfa.asy' 
bbd1beba-1ba7-456f-9065-8466b58f623d	b1a12aa82360	[asy] ^ C:\Users\MARKEI~1\AppData\Local\Temp\asyprev_tvowmnov\r_b1a12aa82360.asy: 1.1: syntax error:  error: could not load module 'C:\Users\MARKEI~1\AppData\Local\Temp\asyprev_tvowmnov\r_b1a12aa82360.asy' 
bee66805-45e1-4ea4-947e-4f3ac584af04	a9c5924833f7	;[asy]  ^ C:\Users\MARKEI~1\AppData\Local\Temp\asyprev_tvowmnov\r_a9c5924833f7.asy: 1.2: syntax error:  error: could not load module 'C:\Users\MARKEI~1\AppData\Local\Temp\asyprev_tvowmnov\r_a9c5924833f7.asy' 
c61a363a-7379-4672-996f-188af58aa7c0	df95127134b0	;[asy]  ^ C:\Users\MARKEI~1\AppData\Local\Temp\asyprev_tvowmnov\r_df95127134b0.asy: 1.2: syntax error:  error: could not load module 'C:\Users\MARKEI~1\AppData\Local\Temp\asyprev_tvowmnov\r_df95127134b0.asy' 
d4660696-3992-42ba-be09-da18578fe6e2	f1a8527c1bc2	;[asy]  ^ C:\Users\MARKEI~1\AppData\Local\Temp\asyprev_tvowmnov\r_f1a8527c1bc2.asy: 1.2: syntax error:  error: could not load module 'C:\Users\MARKEI~1\AppData\Local\Temp\asyprev_tvowmnov\r_f1a8527c1bc2.asy' 
e92eb1ab-e36e-43d9-83f5-13926d5326e8	a16a8fe9efb2	;[asy]  ^ C:\Users\MARKEI~1\AppData\Local\Temp\asyprev_tvowmnov\r_a16a8fe9efb2.asy: 1.2: syntax error:  error: could not load module 'C:\Users\MARKEI~1\AppData\Local\Temp\asyprev_tvowmnov\r_a16a8fe9efb2.asy' 
f8d8412a-59a7-4462-b316-8e0891c11dd6	a067e4ca3ec8	;[asy]  ^ C:\Users\MARKEI~1\AppData\Local\Temp\asyprev_tvowmnov\r_a067e4ca3ec8.asy: 1.2: syntax error:  error: could not load module 'C:\Users\MARKEI~1\AppData\Local\Temp\asyprev_tvowmnov\r_a067e4ca3ec8.asy' 
094d3792-e785-4af5-9445-baa88268415c	7d374522870f	[asy] ^ C:\Users\MARKEI~1\AppData\Local\Temp\asyprev_tvowmnov\r_7d374522870f.asy: 1.1: syntax error:  error: could not load module 'C:\Users\MARKEI~1\AppData\Local\Temp\asyprev_tvowmnov\r_7d374522870f.asy' 
1343ed54-9ce2-493c-b009-9a96cb8ffdb4	df257a8499b6	;[asy]  ^ C:\Users\MARKEI~1\AppData\Local\Temp\asyprev_tvowmnov\r_df257a8499b6.asy: 1.2: syntax error:  error: could not load module 'C:\Users\MARKEI~1\AppData\Local\Temp\asyprev_tvowmnov\r_df257a8499b6.asy' 
180a99b4-47c5-4991-b56e-bbbf9b88d197	c0fbdcfba037	;[asy]  ^ C:\Users\MARKEI~1\AppData\Local\Temp\asyprev_tvowmnov\r_c0fbdcfba037.asy: 1.2: syntax error:  error: could not load module 'C:\Users\MARKEI~1\AppData\Local\Temp\asyprev_tvowmnov\r_c0fbdcfba037.asy' 
20fee941-83a0-4015-861f-c5455f22b91d	96b04ee4c1a4	[asy] ^ C:\Users\MARKEI~1\AppData\Local\Temp\asyprev_tvowmnov\r_96b04ee4c1a4.asy: 1.1: syntax error:  error: could not load module 'C:\Users\MARKEI~1\AppData\Local\Temp\asyprev_tvowmnov\r_96b04ee4c1a4.asy' 
2e2acb8f-c4e5-4182-937b-6b9f89a40695	c41b7a145ba3	;[asy]  ^ C:\Users\MARKEI~1\AppData\Local\Temp\asyprev_tvowmnov\r_c41b7a145ba3.asy: 1.2: syntax error:  error: could not load module 'C:\Users\MARKEI~1\AppData\Local\Temp\asyprev_tvowmnov\r_c41b7a145ba3.asy' 
33a937ba-b908-47bd-8ac9-7efdf036bc6e	f31573ec56e5	;[asy]  ^ C:\Users\MARKEI~1\AppData\Local\Temp\asyprev_tvowmnov\r_f31573ec56e5.asy: 1.2: syntax error:  error: could not load module 'C:\Users\MARKEI~1\AppData\Local\Temp\asyprev_tvowmnov\r_f31573ec56e5.asy' 
49192be6-00e1-4f3d-9843-2bd30f18f244	4bd145de3de0	[asy] ^ C:\Users\MARKEI~1\AppData\Local\Temp\asyprev_tvowmnov\r_4bd145de3de0.asy: 1.1: syntax error:  error: could not load module 'C:\Users\MARKEI~1\AppData\Local\Temp\asyprev_tvowmnov\r_4bd145de3de0.asy' 
4bbd4556-4f29-4bbb-9d57-c4dbfae84244	6941f8e99705	;[asy]  ^ C:\Users\MARKEI~1\AppData\Local\Temp\asyprev_tvowmnov\r_6941f8e99705.asy: 1.2: syntax error:  error: could not load module 'C:\Users\MARKEI~1\AppData\Local\Temp\asyprev_tvowmnov\r_6941f8e99705.asy' 
4e5a87cb-0c8e-4849-8a3c-35a88c576cf5	c4e585a461cb	[asy] ^ C:\Users\MARKEI~1\AppData\Local\Temp\asyprev_tvowmnov\r_c4e585a461cb.asy: 1.1: syntax error:  error: could not load module 'C:\Users\MARKEI~1\AppData\Local\Temp\asyprev_tvowmnov\r_c4e585a461cb.asy' 
69af814d-6af5-4cba-b32d-6b268b15c64c	dfe43feeb359	;[asy]  ^ C:\Users\MARKEI~1\AppData\Local\Temp\asyprev_tvowmnov\r_dfe43feeb359.asy: 1.2: syntax error:  error: could not load module 'C:\Users\MARKEI~1\AppData\Local\Temp\asyprev_tvowmnov\r_dfe43feeb359.asy' 
6fa5fbcf-d361-429a-8afa-c4827a6da998	0d421a0e126a	[asy] ^ C:\Users\MARKEI~1\AppData\Local\Temp\asyprev_tvowmnov\r_0d421a0e126a.asy: 1.1: syntax error:  error: could not load module 'C:\Users\MARKEI~1\AppData\Local\Temp\asyprev_tvowmnov\r_0d421a0e126a.asy' 
9dba19d0-6d0d-44b2-b46d-0d0aeebf0a21	b7b2a93a1e2b	;[asy]  ^ C:\Users\MARKEI~1\AppData\Local\Temp\asyprev_tvowmnov\r_b7b2a93a1e2b.asy: 1.2: syntax error:  error: could not load module 'C:\Users\MARKEI~1\AppData\Local\Temp\asyprev_tvowmnov\r_b7b2a93a1e2b.asy' 
bc214fc9-ef7f-4031-ad3f-78ba43dcf6e7	a4939eb60af0	[asy] ^ C:\Users\MARKEI~1\AppData\Local\Temp\asyprev_tvowmnov\r_a4939eb60af0.asy: 1.1: syntax error:  error: could not load module 'C:\Users\MARKEI~1\AppData\Local\Temp\asyprev_tvowmnov\r_a4939eb60af0.asy' 
ca3dbce4-58fb-43d9-ba52-4b6e7ef3b8ed	438f74a20b88	;[asy]  ^ C:\Users\MARKEI~1\AppData\Local\Temp\asyprev_tvowmnov\r_438f74a20b88.asy: 1.2: syntax error:  error: could not load module 'C:\Users\MARKEI~1\AppData\Local\Temp\asyprev_tvowmnov\r_438f74a20b88.asy' 
e6fdbccf-d83f-44b5-b616-dc8332cd3fe4	da06bdee9f71	;[asy]  ^ C:\Users\MARKEI~1\AppData\Local\Temp\asyprev_tvowmnov\r_da06bdee9f71.asy: 1.2: syntax error:  error: could not load module 'C:\Users\MARKEI~1\AppData\Local\Temp\asyprev_tvowmnov\r_da06bdee9f71.asy' 
3051998c-a70f-474f-9ab6-d4fccc029c3f	09942f9d2664	;[asy]  ^ C:\Users\MARKEI~1\AppData\Local\Temp\asyprev_tvowmnov\r_09942f9d2664.asy: 1.2: syntax error:  error: could not load module 'C:\Users\MARKEI~1\AppData\Local\Temp\asyprev_tvowmnov\r_09942f9d2664.asy' 
49e0ccb6-94ec-4179-b55e-134c8de7e7cf	9862c15f19dd	[asy] ^ C:\Users\MARKEI~1\AppData\Local\Temp\asyprev_tvowmnov\r_9862c15f19dd.asy: 1.1: syntax error:  error: could not load module 'C:\Users\MARKEI~1\AppData\Local\Temp\asyprev_tvowmnov\r_9862c15f19dd.asy' 
510a0a3e-e3ac-458e-b543-dcdb6b5dda1b	e17f0a01f718	;[asy]  ^ C:\Users\MARKEI~1\AppData\Local\Temp\asyprev_tvowmnov\r_e17f0a01f718.asy: 1.2: syntax error:  error: could not load module 'C:\Users\MARKEI~1\AppData\Local\Temp\asyprev_tvowmnov\r_e17f0a01f718.asy' 
4eea7234-cbc6-456e-8165-95faaf96f597	e36a9e6a3e3c	;[asy]  ^ C:\Users\MARKEI~1\AppData\Local\Temp\asyprev_tvowmnov\r_e36a9e6a3e3c.asy: 1.2: syntax error:  error: could not load module 'C:\Users\MARKEI~1\AppData\Local\Temp\asyprev_tvowmnov\r_e36a9e6a3e3c.asy' 
839d49d5-6a0e-4994-8dad-42c5ee6fdf45	d556280d5626	;[asy]  ^ C:\Users\MARKEI~1\AppData\Local\Temp\asyprev_tvowmnov\r_d556280d5626.asy: 1.2: syntax error:  error: could not load module 'C:\Users\MARKEI~1\AppData\Local\Temp\asyprev_tvowmnov\r_d556280d5626.asy' 
84a8a86f-34a6-4fad-90f7-8266cfd9a587	4fc0c962a7e8	;[asy]  ^ C:\Users\MARKEI~1\AppData\Local\Temp\asyprev_tvowmnov\r_4fc0c962a7e8.asy: 1.2: syntax error:  error: could not load module 'C:\Users\MARKEI~1\AppData\Local\Temp\asyprev_tvowmnov\r_4fc0c962a7e8.asy' 
9b60782c-d6bb-4847-bcd0-9cb3d05946fe	320e0985fb8b	;[asy]  ^ C:\Users\MARKEI~1\AppData\Local\Temp\asyprev_tvowmnov\r_320e0985fb8b.asy: 1.2: syntax error:  error: could not load module 'C:\Users\MARKEI~1\AppData\Local\Temp\asyprev_tvowmnov\r_320e0985fb8b.asy' 
a2a7c500-9865-4714-9117-2b11567af459	7cd6b0e6aacc	;[asy]  ^ C:\Users\MARKEI~1\AppData\Local\Temp\asyprev_tvowmnov\r_7cd6b0e6aacc.asy: 1.2: syntax error:  error: could not load module 'C:\Users\MARKEI~1\AppData\Local\Temp\asyprev_tvowmnov\r_7cd6b0e6aacc.asy' 
a7ddf7d6-110a-4913-8c40-a045844b87c6	3c11d652322b	;[asy]  ^ C:\Users\MARKEI~1\AppData\Local\Temp\asyprev_tvowmnov\r_3c11d652322b.asy: 1.2: syntax error:  error: could not load module 'C:\Users\MARKEI~1\AppData\Local\Temp\asyprev_tvowmnov\r_3c11d652322b.asy' 
b18fe52c-e415-468f-a338-aa3b2fa838eb	ebefd95886cd	;[asy]  ^ C:\Users\MARKEI~1\AppData\Local\Temp\asyprev_tvowmnov\r_ebefd95886cd.asy: 1.2: syntax error:  error: could not load module 'C:\Users\MARKEI~1\AppData\Local\Temp\asyprev_tvowmnov\r_ebefd95886cd.asy' 
b7d2452c-657d-49ab-a95b-bf0d9c915152	d247668dab5e	;[asy]  ^ C:\Users\MARKEI~1\AppData\Local\Temp\asyprev_tvowmnov\r_d247668dab5e.asy: 1.2: syntax error:  error: could not load module 'C:\Users\MARKEI~1\AppData\Local\Temp\asyprev_tvowmnov\r_d247668dab5e.asy' 
c114be6d-842f-4261-afca-86c2e46083d2	cb64d2b34952	;[asy]  ^ C:\Users\MARKEI~1\AppData\Local\Temp\asyprev_tvowmnov\r_cb64d2b34952.asy: 1.2: syntax error:  error: could not load module 'C:\Users\MARKEI~1\AppData\Local\Temp\asyprev_tvowmnov\r_cb64d2b34952.asy' 
c1f3acbd-bfe2-48c0-ae7e-a9e4a38380ae	154c5a7e5534	;[asy]  ^ C:\Users\MARKEI~1\AppData\Local\Temp\asyprev_tvowmnov\r_154c5a7e5534.asy: 1.2: syntax error:  error: could not load module 'C:\Users\MARKEI~1\AppData\Local\Temp\asyprev_tvowmnov\r_154c5a7e5534.asy' 
c6008ef7-6f54-4f28-a37b-0e9effae820e	de89d78a9160	;[asy]  ^ C:\Users\MARKEI~1\AppData\Local\Temp\asyprev_tvowmnov\r_de89d78a9160.asy: 1.2: syntax error:  error: could not load module 'C:\Users\MARKEI~1\AppData\Local\Temp\asyprev_tvowmnov\r_de89d78a9160.asy' 
d463478e-9154-455b-bf1e-dc834d44d806	ce9a65621182	[asy] ^ C:\Users\MARKEI~1\AppData\Local\Temp\asyprev_tvowmnov\r_ce9a65621182.asy: 1.1: syntax error:  error: could not load module 'C:\Users\MARKEI~1\AppData\Local\Temp\asyprev_tvowmnov\r_ce9a65621182.asy' 
dd01a6a4-e0e3-42b9-bcf2-6102f80606cc	9b79f1dcbe6b	;[asy]  ^ C:\Users\MARKEI~1\AppData\Local\Temp\asyprev_tvowmnov\r_9b79f1dcbe6b.asy: 1.2: syntax error:  error: could not load module 'C:\Users\MARKEI~1\AppData\Local\Temp\asyprev_tvowmnov\r_9b79f1dcbe6b.asy' 
fe817eec-f77e-41da-94f1-629064a541c6	c67cc197f8ee	;[asy]  ^ C:\Users\MARKEI~1\AppData\Local\Temp\asyprev_tvowmnov\r_c67cc197f8ee.asy: 1.2: syntax error:  error: could not load module 'C:\Users\MARKEI~1\AppData\Local\Temp\asyprev_tvowmnov\r_c67cc197f8ee.asy' 
0499f384-fd7b-41b8-8578-c68ddb877168	7bc70302d8ea	;[asy]  ^ C:\Users\MARKEI~1\AppData\Local\Temp\asyprev_tvowmnov\r_7bc70302d8ea.asy: 1.2: syntax error:  error: could not load module 'C:\Users\MARKEI~1\AppData\Local\Temp\asyprev_tvowmnov\r_7bc70302d8ea.asy' 
0ac6fc41-1a6a-424d-827c-a5505e71a8af	cc87cd740934	[asy] ^ C:\Users\MARKEI~1\AppData\Local\Temp\asyprev_tvowmnov\r_cc87cd740934.asy: 1.1: syntax error:  error: could not load module 'C:\Users\MARKEI~1\AppData\Local\Temp\asyprev_tvowmnov\r_cc87cd740934.asy' 
0b5373c4-a78c-4731-9466-7592a41084d3	fc415d8972dc	;[asy]  ^ C:\Users\MARKEI~1\AppData\Local\Temp\asyprev_tvowmnov\r_fc415d8972dc.asy: 1.2: syntax error:  error: could not load module 'C:\Users\MARKEI~1\AppData\Local\Temp\asyprev_tvowmnov\r_fc415d8972dc.asy' 
17d6cf73-540f-48a3-9828-fa425de7ce23	b748d0fffc02	;[asy]  ^ C:\Users\MARKEI~1\AppData\Local\Temp\asyprev_tvowmnov\r_b748d0fffc02.asy: 1.2: syntax error:  error: could not load module 'C:\Users\MARKEI~1\AppData\Local\Temp\asyprev_tvowmnov\r_b748d0fffc02.asy' 
225ddabe-418e-40e5-853a-9b8aed517fd6	ccfb801c5d6f	;[asy]  ^ C:\Users\MARKEI~1\AppData\Local\Temp\asyprev_tvowmnov\r_ccfb801c5d6f.asy: 1.2: syntax error:  error: could not load module 'C:\Users\MARKEI~1\AppData\Local\Temp\asyprev_tvowmnov\r_ccfb801c5d6f.asy' 
244984f3-728b-45e4-b0b5-4ee0ff7ba612	0045af509cbd	;  [asy]    ^ C:\Users\MARKEI~1\AppData\Local\Temp\asyprev_tvowmnov\r_0045af509cbd.asy: 1.4: syntax error:  error: could not load module 'C:\Users\MARKEI~1\AppData\Local\Temp\asyprev_tvowmnov\r_0045af509cbd.asy' 
279aa442-58a3-47f8-8eb0-ffd2483c2df4	9987123f1dd3	;  [asy]    ^ C:\Users\MARKEI~1\AppData\Local\Temp\asyprev_tvowmnov\r_9987123f1dd3.asy: 1.4: syntax error:  error: could not load module 'C:\Users\MARKEI~1\AppData\Local\Temp\asyprev_tvowmnov\r_9987123f1dd3.asy' 
2a63fdb7-64ea-4b71-a2a6-2e311b3e57b6	10ad2e6712a2	;[asy]  ^ C:\Users\MARKEI~1\AppData\Local\Temp\asyprev_tvowmnov\r_10ad2e6712a2.asy: 1.2: syntax error:  error: could not load module 'C:\Users\MARKEI~1\AppData\Local\Temp\asyprev_tvowmnov\r_10ad2e6712a2.asy' 
2abddb2c-313f-4c50-9b6b-d2ab7bfac8a9	3d8337f805e8	;[asy]  ^ C:\Users\MARKEI~1\AppData\Local\Temp\asyprev_tvowmnov\r_3d8337f805e8.asy: 1.2: syntax error:  error: could not load module 'C:\Users\MARKEI~1\AppData\Local\Temp\asyprev_tvowmnov\r_3d8337f805e8.asy' 
2b77899e-3b2b-4a87-addc-97459c04709d	4f7384c09d0d	;[asy]  ^ C:\Users\MARKEI~1\AppData\Local\Temp\asyprev_tvowmnov\r_4f7384c09d0d.asy: 1.2: syntax error:  error: could not load module 'C:\Users\MARKEI~1\AppData\Local\Temp\asyprev_tvowmnov\r_4f7384c09d0d.asy' 
2c86350d-dbab-43a6-b128-84efc8ac49cb	f989047015d9	[asy] ^ C:\Users\MARKEI~1\AppData\Local\Temp\asyprev_tvowmnov\r_f989047015d9.asy: 1.1: syntax error:  error: could not load module 'C:\Users\MARKEI~1\AppData\Local\Temp\asyprev_tvowmnov\r_f989047015d9.asy' 
2e856a5e-7790-41d1-82d2-18f5c8a1e70a	747e8d2840e0	;[asy]  ^ C:\Users\MARKEI~1\AppData\Local\Temp\asyprev_tvowmnov\r_747e8d2840e0.asy: 1.2: syntax error:  error: could not load module 'C:\Users\MARKEI~1\AppData\Local\Temp\asyprev_tvowmnov\r_747e8d2840e0.asy' 
3b4ddcb7-aac2-4009-87e4-2d0ea8640d30	2843668cee9e	[asy] ^ C:\Users\MARKEI~1\AppData\Local\Temp\asyprev_tvowmnov\r_2843668cee9e.asy: 1.1: syntax error:  error: could not load module 'C:\Users\MARKEI~1\AppData\Local\Temp\asyprev_tvowmnov\r_2843668cee9e.asy' 
3bdd39a7-3691-4f16-a03a-bffcefc73775	16aadcfb4463	;[asy]  ^ C:\Users\MARKEI~1\AppData\Local\Temp\asyprev_tvowmnov\r_16aadcfb4463.asy: 1.2: syntax error:  error: could not load module 'C:\Users\MARKEI~1\AppData\Local\Temp\asyprev_tvowmnov\r_16aadcfb4463.asy' 
3bfd4522-9c17-4fb9-b5af-66c4f2f93855	438c76834f7a	;[asy]  ^ C:\Users\MARKEI~1\AppData\Local\Temp\asyprev_tvowmnov\r_438c76834f7a.asy: 1.2: syntax error:  error: could not load module 'C:\Users\MARKEI~1\AppData\Local\Temp\asyprev_tvowmnov\r_438c76834f7a.asy' 
433d11bf-296b-4fcf-a507-4c1809645fe8	e86f16849949	;  [asy]    ^ C:\Users\MARKEI~1\AppData\Local\Temp\asyprev_tvowmnov\r_e86f16849949.asy: 1.4: syntax error:  error: could not load module 'C:\Users\MARKEI~1\AppData\Local\Temp\asyprev_tvowmnov\r_e86f16849949.asy' 
4b3f7874-2136-4dd7-8a04-e1d0c2d9bf17	b5408dbff645	[asy] ^ C:\Users\MARKEI~1\AppData\Local\Temp\asyprev_tvowmnov\r_b5408dbff645.asy: 1.1: syntax error:  error: could not load module 'C:\Users\MARKEI~1\AppData\Local\Temp\asyprev_tvowmnov\r_b5408dbff645.asy' 
4c207d0c-66db-4a01-a303-e951d28baa07	7fa9e74b4b49	[asy] ^ C:\Users\MARKEI~1\AppData\Local\Temp\asyprev_tvowmnov\r_7fa9e74b4b49.asy: 1.1: syntax error:  error: could not load module 'C:\Users\MARKEI~1\AppData\Local\Temp\asyprev_tvowmnov\r_7fa9e74b4b49.asy' 
5077c191-df38-4a53-9aef-01ebd0a509d0	670aecfa849a	;[asy]  ^ C:\Users\MARKEI~1\AppData\Local\Temp\asyprev_tvowmnov\r_670aecfa849a.asy: 1.2: syntax error:  error: could not load module 'C:\Users\MARKEI~1\AppData\Local\Temp\asyprev_tvowmnov\r_670aecfa849a.asy' 
5991d9ab-7a44-4da2-b49b-d773419d177e	e80735bda3ed	;[asy]  ^ C:\Users\MARKEI~1\AppData\Local\Temp\asyprev_tvowmnov\r_e80735bda3ed.asy: 1.2: syntax error:  error: could not load module 'C:\Users\MARKEI~1\AppData\Local\Temp\asyprev_tvowmnov\r_e80735bda3ed.asy' 
5affe748-f299-4704-8e4d-342c0b62f898	6b584a79dc35	[asy] ^ C:\Users\MARKEI~1\AppData\Local\Temp\asyprev_tvowmnov\r_6b584a79dc35.asy: 1.1: syntax error:  error: could not load module 'C:\Users\MARKEI~1\AppData\Local\Temp\asyprev_tvowmnov\r_6b584a79dc35.asy' 
5b2f4ced-156e-40d6-af61-2f15d43f8758	fa71a423d6dc	;[asy]  ^ C:\Users\MARKEI~1\AppData\Local\Temp\asyprev_tvowmnov\r_fa71a423d6dc.asy: 1.2: syntax error:  error: could not load module 'C:\Users\MARKEI~1\AppData\Local\Temp\asyprev_tvowmnov\r_fa71a423d6dc.asy' 
5cd8909d-6d5b-4dd3-8056-7672f492fcc4	5cd1823e0a5f	;[asy]  ^ C:\Users\MARKEI~1\AppData\Local\Temp\asyprev_tvowmnov\r_5cd1823e0a5f.asy: 1.2: syntax error:  error: could not load module 'C:\Users\MARKEI~1\AppData\Local\Temp\asyprev_tvowmnov\r_5cd1823e0a5f.asy' 
60ff0005-df6b-4f16-a5f7-45896c37f202	821806abb60a	;[asy] unitsize(2cm);  ^ C:\Users\MARKEI~1\AppData\Local\Temp\asyprev_tvowmnov\r_821806abb60a.asy: 1.2: syntax error:  error: could not load module 'C:\Users\MARKEI~1\AppData\Local\Temp\asyprev_tvowmnov\r_821806abb60a.asy' 
5f05edab-5eb6-44ee-9774-9f6327891dfd	222d36536ccd	;[asy]  ^ C:\Users\MARKEI~1\AppData\Local\Temp\asyprev_tvowmnov\r_222d36536ccd.asy: 1.2: syntax error:  error: could not load module 'C:\Users\MARKEI~1\AppData\Local\Temp\asyprev_tvowmnov\r_222d36536ccd.asy' 
64d9ae0c-fa4e-43a3-9c76-61bc2ef05228	7b4647ec72fe	;[asy]  ^ C:\Users\MARKEI~1\AppData\Local\Temp\asyprev_tvowmnov\r_7b4647ec72fe.asy: 1.2: syntax error:  error: could not load module 'C:\Users\MARKEI~1\AppData\Local\Temp\asyprev_tvowmnov\r_7b4647ec72fe.asy' 
653734c6-49b0-4cef-8cdd-a41875952b5b	303698983601	;[asy]  ^ C:\Users\MARKEI~1\AppData\Local\Temp\asyprev_tvowmnov\r_303698983601.asy: 1.2: syntax error:  error: could not load module 'C:\Users\MARKEI~1\AppData\Local\Temp\asyprev_tvowmnov\r_303698983601.asy' 
65b9328e-a69d-43e8-9f7d-8861d540003b	0b3d10a13ca3	[asy] ^ C:\Users\MARKEI~1\AppData\Local\Temp\asyprev_tvowmnov\r_0b3d10a13ca3.asy: 1.1: syntax error:  error: could not load module 'C:\Users\MARKEI~1\AppData\Local\Temp\asyprev_tvowmnov\r_0b3d10a13ca3.asy' 
6827f367-235f-475e-a7fc-3e7013616395	4e4979741f4f	;[asy]  ^ C:\Users\MARKEI~1\AppData\Local\Temp\asyprev_tvowmnov\r_4e4979741f4f.asy: 1.2: syntax error:  error: could not load module 'C:\Users\MARKEI~1\AppData\Local\Temp\asyprev_tvowmnov\r_4e4979741f4f.asy' 
691e91b4-aafe-4f2c-9b1d-9c45cfd1e765	9da33074b0a0	;  [asy]    ^ C:\Users\MARKEI~1\AppData\Local\Temp\asyprev_tvowmnov\r_9da33074b0a0.asy: 1.4: syntax error:  error: could not load module 'C:\Users\MARKEI~1\AppData\Local\Temp\asyprev_tvowmnov\r_9da33074b0a0.asy' 
69602fc4-900b-4bec-b7b0-1a877f013f70	268002c4674e	;[asy]  ^ C:\Users\MARKEI~1\AppData\Local\Temp\asyprev_tvowmnov\r_268002c4674e.asy: 1.2: syntax error:  error: could not load module 'C:\Users\MARKEI~1\AppData\Local\Temp\asyprev_tvowmnov\r_268002c4674e.asy' 
6d38ed2b-b353-4cdd-8661-6e5d72cc42a0	7ddf768ea4f1	;[asy]  ^ C:\Users\MARKEI~1\AppData\Local\Temp\asyprev_tvowmnov\r_7ddf768ea4f1.asy: 1.2: syntax error:  error: could not load module 'C:\Users\MARKEI~1\AppData\Local\Temp\asyprev_tvowmnov\r_7ddf768ea4f1.asy' 
6ad98666-28bf-435d-b9d7-517db96178c0	566a92d83d6f	;[asy]  ^ C:\Users\MARKEI~1\AppData\Local\Temp\asyprev_tvowmnov\r_566a92d83d6f.asy: 1.2: syntax error:  error: could not load module 'C:\Users\MARKEI~1\AppData\Local\Temp\asyprev_tvowmnov\r_566a92d83d6f.asy' 
6feae292-2130-45f9-be7b-9ac4af826903	07bb13661402	;[asy]  ^ C:\Users\MARKEI~1\AppData\Local\Temp\asyprev_tvowmnov\r_07bb13661402.asy: 1.2: syntax error:  error: could not load module 'C:\Users\MARKEI~1\AppData\Local\Temp\asyprev_tvowmnov\r_07bb13661402.asy' 
70be6bcc-0254-454f-8a0d-3b4bc4c4a659	92f7413ab44c	;[asy]  ^ C:\Users\MARKEI~1\AppData\Local\Temp\asyprev_tvowmnov\r_92f7413ab44c.asy: 1.2: syntax error:  error: could not load module 'C:\Users\MARKEI~1\AppData\Local\Temp\asyprev_tvowmnov\r_92f7413ab44c.asy' 
7167ab42-4333-4429-a333-60180e5d2c47	7bda510eb655	;[asy]  ^ C:\Users\MARKEI~1\AppData\Local\Temp\asyprev_tvowmnov\r_7bda510eb655.asy: 1.2: syntax error:  error: could not load module 'C:\Users\MARKEI~1\AppData\Local\Temp\asyprev_tvowmnov\r_7bda510eb655.asy' 
7438b84e-f152-42f8-809a-e5314a32fecf	62eef5f5b739	[asy] ^ C:\Users\MARKEI~1\AppData\Local\Temp\asyprev_tvowmnov\r_62eef5f5b739.asy: 1.1: syntax error:  error: could not load module 'C:\Users\MARKEI~1\AppData\Local\Temp\asyprev_tvowmnov\r_62eef5f5b739.asy' 
7300fa29-e1fc-4bf9-a88d-e84c18a9532d	e3b8f67a4c8f	;[asy]  ^ C:\Users\MARKEI~1\AppData\Local\Temp\asyprev_tvowmnov\r_e3b8f67a4c8f.asy: 1.2: syntax error:  error: could not load module 'C:\Users\MARKEI~1\AppData\Local\Temp\asyprev_tvowmnov\r_e3b8f67a4c8f.asy' 
77151ac6-69de-4ae2-9d21-e970c431220c	1caa6c6ca9f2	;[asy]  ^ C:\Users\MARKEI~1\AppData\Local\Temp\asyprev_tvowmnov\r_1caa6c6ca9f2.asy: 1.2: syntax error:  error: could not load module 'C:\Users\MARKEI~1\AppData\Local\Temp\asyprev_tvowmnov\r_1caa6c6ca9f2.asy' 
72bd8c14-4f40-4633-8714-bd26bb31a0fd	8d4a32c061fc	;[asy]  ^ C:\Users\MARKEI~1\AppData\Local\Temp\asyprev_tvowmnov\r_8d4a32c061fc.asy: 1.2: syntax error:  error: could not load module 'C:\Users\MARKEI~1\AppData\Local\Temp\asyprev_tvowmnov\r_8d4a32c061fc.asy' 
7757f836-0df5-493c-a5a3-db606e3b4df2	2e89946c587a	;[asy]  ^ C:\Users\MARKEI~1\AppData\Local\Temp\asyprev_tvowmnov\r_2e89946c587a.asy: 1.2: syntax error:  error: could not load module 'C:\Users\MARKEI~1\AppData\Local\Temp\asyprev_tvowmnov\r_2e89946c587a.asy' 
7ca5032b-b05d-4f3f-9052-a5bcd2b27aa9	a82bf4f274c1	;[asy]  ^ C:\Users\MARKEI~1\AppData\Local\Temp\asyprev_tvowmnov\r_a82bf4f274c1.asy: 1.2: syntax error:  error: could not load module 'C:\Users\MARKEI~1\AppData\Local\Temp\asyprev_tvowmnov\r_a82bf4f274c1.asy' 
7b79c7fe-f831-4df2-84cd-ffc43aef76ee	c27e4c111c10	;[asy]  ^ C:\Users\MARKEI~1\AppData\Local\Temp\asyprev_tvowmnov\r_c27e4c111c10.asy: 1.2: syntax error:  error: could not load module 'C:\Users\MARKEI~1\AppData\Local\Temp\asyprev_tvowmnov\r_c27e4c111c10.asy' 
7a805530-4861-4508-b652-b10d185a1e86	6d20c1c7a0f9	;[asy]  ^ C:\Users\MARKEI~1\AppData\Local\Temp\asyprev_tvowmnov\r_6d20c1c7a0f9.asy: 1.2: syntax error:  error: could not load module 'C:\Users\MARKEI~1\AppData\Local\Temp\asyprev_tvowmnov\r_6d20c1c7a0f9.asy' 
7f1637e5-3b87-4c8a-9dea-a8ec985968a5	09f780482cf6	;  [asy]    ^ C:\Users\MARKEI~1\AppData\Local\Temp\asyprev_tvowmnov\r_09f780482cf6.asy: 1.4: syntax error:  error: could not load module 'C:\Users\MARKEI~1\AppData\Local\Temp\asyprev_tvowmnov\r_09f780482cf6.asy' 
81c7ccb2-4c90-4ced-8bc5-2a055105cb5a	33e7264fca28	;[asy]  ^ C:\Users\MARKEI~1\AppData\Local\Temp\asyprev_tvowmnov\r_33e7264fca28.asy: 1.2: syntax error:  error: could not load module 'C:\Users\MARKEI~1\AppData\Local\Temp\asyprev_tvowmnov\r_33e7264fca28.asy' 
80ff6b2a-bae7-490d-bc2f-b59a4039bb53	4e4d8de3c8d1	;  [asy]    ^ C:\Users\MARKEI~1\AppData\Local\Temp\asyprev_tvowmnov\r_4e4d8de3c8d1.asy: 1.4: syntax error:  error: could not load module 'C:\Users\MARKEI~1\AppData\Local\Temp\asyprev_tvowmnov\r_4e4d8de3c8d1.asy' 
878af312-18f7-4735-92ed-bc93c41cbb20	55ef0c0530ee	;[asy]  ^ C:\Users\MARKEI~1\AppData\Local\Temp\asyprev_tvowmnov\r_55ef0c0530ee.asy: 1.2: syntax error:  error: could not load module 'C:\Users\MARKEI~1\AppData\Local\Temp\asyprev_tvowmnov\r_55ef0c0530ee.asy' 
964042cb-fa74-4376-b823-b1996c049f48	34c62e6794d0	[asy] ^ C:\Users\MARKEI~1\AppData\Local\Temp\asyprev_tvowmnov\r_34c62e6794d0.asy: 1.1: syntax error:  error: could not load module 'C:\Users\MARKEI~1\AppData\Local\Temp\asyprev_tvowmnov\r_34c62e6794d0.asy' 
8807168f-eb29-477a-aa08-a0c86db1a045	ef193ce896ed	;[asy]  ^ C:\Users\MARKEI~1\AppData\Local\Temp\asyprev_tvowmnov\r_ef193ce896ed.asy: 1.2: syntax error:  error: could not load module 'C:\Users\MARKEI~1\AppData\Local\Temp\asyprev_tvowmnov\r_ef193ce896ed.asy' 
96dc6972-196b-4253-87d2-4a675ea83e3e	01af543c422d	[asy] ^ C:\Users\MARKEI~1\AppData\Local\Temp\asyprev_tvowmnov\r_01af543c422d.asy: 1.1: syntax error:  error: could not load module 'C:\Users\MARKEI~1\AppData\Local\Temp\asyprev_tvowmnov\r_01af543c422d.asy' 
98910d09-fb0b-4c0a-8fdf-4761cc42bc57	85b006ddb89f	[asy] ^ C:\Users\MARKEI~1\AppData\Local\Temp\asyprev_tvowmnov\r_85b006ddb89f.asy: 1.1: syntax error:  error: could not load module 'C:\Users\MARKEI~1\AppData\Local\Temp\asyprev_tvowmnov\r_85b006ddb89f.asy' 
a0c2abbc-f088-456d-bc90-b5ec366a6d8e	19fc4377847f	[asy] ^ C:\Users\MARKEI~1\AppData\Local\Temp\asyprev_tvowmnov\r_19fc4377847f.asy: 1.1: syntax error:  error: could not load module 'C:\Users\MARKEI~1\AppData\Local\Temp\asyprev_tvowmnov\r_19fc4377847f.asy' 
a370546c-9276-4109-bc27-5a80a8ab536f	2584139dd0f1	[asy] ^ C:\Users\MARKEI~1\AppData\Local\Temp\asyprev_tvowmnov\r_2584139dd0f1.asy: 1.1: syntax error:  error: could not load module 'C:\Users\MARKEI~1\AppData\Local\Temp\asyprev_tvowmnov\r_2584139dd0f1.asy' 
a79d0a3f-7a9d-4938-a308-11a36664b953	54462956a0f1	;[asy]  ^ C:\Users\MARKEI~1\AppData\Local\Temp\asyprev_tvowmnov\r_54462956a0f1.asy: 1.2: syntax error:  error: could not load module 'C:\Users\MARKEI~1\AppData\Local\Temp\asyprev_tvowmnov\r_54462956a0f1.asy' 
a6f51503-9733-43e9-9b11-55d7a1dff2cc	713373ffde89	[asy] ^ C:\Users\MARKEI~1\AppData\Local\Temp\asyprev_tvowmnov\r_713373ffde89.asy: 1.1: syntax error:  error: could not load module 'C:\Users\MARKEI~1\AppData\Local\Temp\asyprev_tvowmnov\r_713373ffde89.asy' 
aac8120d-0b30-4e76-9bd5-5e15c1655ecf	517f090abdc6	;[asy]  ^ C:\Users\MARKEI~1\AppData\Local\Temp\asyprev_tvowmnov\r_517f090abdc6.asy: 1.2: syntax error:  error: could not load module 'C:\Users\MARKEI~1\AppData\Local\Temp\asyprev_tvowmnov\r_517f090abdc6.asy' 
aebfc69b-a795-42a8-bc01-5078237b2ed0	1f078991b645	[asy] ^ C:\Users\MARKEI~1\AppData\Local\Temp\asyprev_tvowmnov\r_1f078991b645.asy: 1.1: syntax error:  error: could not load module 'C:\Users\MARKEI~1\AppData\Local\Temp\asyprev_tvowmnov\r_1f078991b645.asy' 
aefdda9f-d969-40e7-af07-e656cb552d45	24a7c86c6748	;[asy]  ^ C:\Users\MARKEI~1\AppData\Local\Temp\asyprev_tvowmnov\r_24a7c86c6748.asy: 1.2: syntax error:  error: could not load module 'C:\Users\MARKEI~1\AppData\Local\Temp\asyprev_tvowmnov\r_24a7c86c6748.asy' 
b16459fd-df9e-4412-884e-988adbc85ada	1d30df28da89	;[asy]  ^ C:\Users\MARKEI~1\AppData\Local\Temp\asyprev_tvowmnov\r_1d30df28da89.asy: 1.2: syntax error:  error: could not load module 'C:\Users\MARKEI~1\AppData\Local\Temp\asyprev_tvowmnov\r_1d30df28da89.asy' 
b1c1151b-aab0-4de6-9b27-0b0839b6c2f2	a677bad49013	;[asy]  ^ C:\Users\MARKEI~1\AppData\Local\Temp\asyprev_tvowmnov\r_a677bad49013.asy: 1.2: syntax error:  error: could not load module 'C:\Users\MARKEI~1\AppData\Local\Temp\asyprev_tvowmnov\r_a677bad49013.asy' 
b2fae2d8-87e4-4d01-b43c-c08230b67927	07f8fc8d64e4	;[asy]  ^ C:\Users\MARKEI~1\AppData\Local\Temp\asyprev_tvowmnov\r_07f8fc8d64e4.asy: 1.2: syntax error:  error: could not load module 'C:\Users\MARKEI~1\AppData\Local\Temp\asyprev_tvowmnov\r_07f8fc8d64e4.asy' 
b32cf82f-dd70-4112-a64b-96565031fb86	5594e581a1fb	;[asy]  ^ C:\Users\MARKEI~1\AppData\Local\Temp\asyprev_tvowmnov\r_5594e581a1fb.asy: 1.2: syntax error:  error: could not load module 'C:\Users\MARKEI~1\AppData\Local\Temp\asyprev_tvowmnov\r_5594e581a1fb.asy' 
b8cb6d16-84bc-43bb-ba95-f1e7fafbb973	8d7a07e43cff	;[asy]  ^ C:\Users\MARKEI~1\AppData\Local\Temp\asyprev_tvowmnov\r_8d7a07e43cff.asy: 1.2: syntax error:  error: could not load module 'C:\Users\MARKEI~1\AppData\Local\Temp\asyprev_tvowmnov\r_8d7a07e43cff.asy' 
bc330333-a698-41da-80fe-8667428b6b81	05cc5cdce49d	;[asy]  ^ C:\Users\MARKEI~1\AppData\Local\Temp\asyprev_tvowmnov\r_05cc5cdce49d.asy: 1.2: syntax error:  error: could not load module 'C:\Users\MARKEI~1\AppData\Local\Temp\asyprev_tvowmnov\r_05cc5cdce49d.asy' 
be41c88b-d915-4de2-9483-9b7d4e37dc3b	b19f63ce583f	;[asy]  ^ C:\Users\MARKEI~1\AppData\Local\Temp\asyprev_tvowmnov\r_b19f63ce583f.asy: 1.2: syntax error:  error: could not load module 'C:\Users\MARKEI~1\AppData\Local\Temp\asyprev_tvowmnov\r_b19f63ce583f.asy' 
c093d005-a3fe-4424-ba37-f77897025817	3147855e87ad	;[asy]  ^ C:\Users\MARKEI~1\AppData\Local\Temp\asyprev_tvowmnov\r_3147855e87ad.asy: 1.2: syntax error:  error: could not load module 'C:\Users\MARKEI~1\AppData\Local\Temp\asyprev_tvowmnov\r_3147855e87ad.asy' 
c37e95a1-74c1-48b1-a753-f15a0abe26d0	171d232a95d9	[asy] ^ C:\Users\MARKEI~1\AppData\Local\Temp\asyprev_tvowmnov\r_171d232a95d9.asy: 1.1: syntax error:  error: could not load module 'C:\Users\MARKEI~1\AppData\Local\Temp\asyprev_tvowmnov\r_171d232a95d9.asy' 
c4bf9122-d89f-4076-9e6c-178002a769bc	bc176185d6b3	;[asy]  ^ C:\Users\MARKEI~1\AppData\Local\Temp\asyprev_tvowmnov\r_bc176185d6b3.asy: 1.2: syntax error:  error: could not load module 'C:\Users\MARKEI~1\AppData\Local\Temp\asyprev_tvowmnov\r_bc176185d6b3.asy' 
cd0848ac-e9b8-44e0-850d-e6b0caf21586	19e4531b237d	;[asy]  ^ C:\Users\MARKEI~1\AppData\Local\Temp\asyprev_tvowmnov\r_19e4531b237d.asy: 1.2: syntax error:  error: could not load module 'C:\Users\MARKEI~1\AppData\Local\Temp\asyprev_tvowmnov\r_19e4531b237d.asy' 
cb7a55d0-c1aa-4311-8612-b70f8d1b6e3d	73b29602ab8c	;[asy]  ^ C:\Users\MARKEI~1\AppData\Local\Temp\asyprev_tvowmnov\r_73b29602ab8c.asy: 1.2: syntax error:  error: could not load module 'C:\Users\MARKEI~1\AppData\Local\Temp\asyprev_tvowmnov\r_73b29602ab8c.asy' 
d1d5bd52-0036-4de8-b863-80aced6c9358	c9d4d3715b4e	;[asy]  ^ C:\Users\MARKEI~1\AppData\Local\Temp\asyprev_tvowmnov\r_c9d4d3715b4e.asy: 1.2: syntax error:  error: could not load module 'C:\Users\MARKEI~1\AppData\Local\Temp\asyprev_tvowmnov\r_c9d4d3715b4e.asy' 
d39250a1-9a0f-480d-bd97-0f989cadeb43	919f6c7aa913	;[asy]  ^ C:\Users\MARKEI~1\AppData\Local\Temp\asyprev_tvowmnov\r_919f6c7aa913.asy: 1.2: syntax error:  error: could not load module 'C:\Users\MARKEI~1\AppData\Local\Temp\asyprev_tvowmnov\r_919f6c7aa913.asy' 
d80c5e15-5694-4302-a3ff-91e88aa39c16	362dfcf16104	;[asy]  ^ C:\Users\MARKEI~1\AppData\Local\Temp\asyprev_tvowmnov\r_362dfcf16104.asy: 1.2: syntax error:  error: could not load module 'C:\Users\MARKEI~1\AppData\Local\Temp\asyprev_tvowmnov\r_362dfcf16104.asy' 
d89f3921-d764-46bd-b813-944e7dad48c1	fea0f9f62589	;[asy]  ^ C:\Users\MARKEI~1\AppData\Local\Temp\asyprev_tvowmnov\r_fea0f9f62589.asy: 1.2: syntax error:  error: could not load module 'C:\Users\MARKEI~1\AppData\Local\Temp\asyprev_tvowmnov\r_fea0f9f62589.asy' 
dc4e901f-1172-4429-b123-586cc471562a	e7d31d01ad4c	;[asy]  ^ C:\Users\MARKEI~1\AppData\Local\Temp\asyprev_tvowmnov\r_e7d31d01ad4c.asy: 1.2: syntax error:  error: could not load module 'C:\Users\MARKEI~1\AppData\Local\Temp\asyprev_tvowmnov\r_e7d31d01ad4c.asy' 
d96fd822-c327-4751-ab38-5249536f8e8b	ef28a6e2c549	;[asy]  ^ C:\Users\MARKEI~1\AppData\Local\Temp\asyprev_tvowmnov\r_ef28a6e2c549.asy: 1.2: syntax error:  error: could not load module 'C:\Users\MARKEI~1\AppData\Local\Temp\asyprev_tvowmnov\r_ef28a6e2c549.asy' 
e47b55ab-bced-4833-bc1c-32917a80fe54	e5a386771726	[asy] ^ C:\Users\MARKEI~1\AppData\Local\Temp\asyprev_tvowmnov\r_e5a386771726.asy: 1.1: syntax error:  error: could not load module 'C:\Users\MARKEI~1\AppData\Local\Temp\asyprev_tvowmnov\r_e5a386771726.asy' 
eaead2f3-43e7-49d8-8da4-73e9eb3e2c22	601134c2deab	;[asy]  ^ C:\Users\MARKEI~1\AppData\Local\Temp\asyprev_tvowmnov\r_601134c2deab.asy: 1.2: syntax error:  error: could not load module 'C:\Users\MARKEI~1\AppData\Local\Temp\asyprev_tvowmnov\r_601134c2deab.asy' 
f34a0bd4-aec2-4820-a85e-3d11565805cf	fefe338e05bf	;[asy]  ^ C:\Users\MARKEI~1\AppData\Local\Temp\asyprev_tvowmnov\r_fefe338e05bf.asy: 1.2: syntax error:  error: could not load module 'C:\Users\MARKEI~1\AppData\Local\Temp\asyprev_tvowmnov\r_fefe338e05bf.asy' 
f1d6ef7d-6c4a-4cb1-8ec9-a9366b4c5b31	d9f6a171f3ba	;[asy]  ^ C:\Users\MARKEI~1\AppData\Local\Temp\asyprev_tvowmnov\r_d9f6a171f3ba.asy: 1.2: syntax error:  error: could not load module 'C:\Users\MARKEI~1\AppData\Local\Temp\asyprev_tvowmnov\r_d9f6a171f3ba.asy' 
fab25cb8-4eba-4d48-a893-b318d3e63555	0f7ba1dd6847	;[asy]  ^ C:\Users\MARKEI~1\AppData\Local\Temp\asyprev_tvowmnov\r_0f7ba1dd6847.asy: 1.2: syntax error:  error: could not load module 'C:\Users\MARKEI~1\AppData\Local\Temp\asyprev_tvowmnov\r_0f7ba1dd6847.asy' 
fd43b419-d57e-4472-a2ca-a5c539c9e665	958614d718b2	;[asy]  ^ C:\Users\MARKEI~1\AppData\Local\Temp\asyprev_tvowmnov\r_958614d718b2.asy: 1.2: syntax error:  error: could not load module 'C:\Users\MARKEI~1\AppData\Local\Temp\asyprev_tvowmnov\r_958614d718b2.asy' 
feddd53d-d8b3-41fb-a2f9-94c05864ae85	40729a7a1e72	;[asy]  ^ C:\Users\MARKEI~1\AppData\Local\Temp\asyprev_tvowmnov\r_40729a7a1e72.asy: 1.2: syntax error:  error: could not load module 'C:\Users\MARKEI~1\AppData\Local\Temp\asyprev_tvowmnov\r_40729a7a1e72.asy' 
0447aeac-6199-49cb-b09c-4272a09d4ca5	95b217cd5da6	;[asy]  ^ C:\Users\MARKEI~1\AppData\Local\Temp\asyprev_tvowmnov\r_95b217cd5da6.asy: 1.2: syntax error:  error: could not load module 'C:\Users\MARKEI~1\AppData\Local\Temp\asyprev_tvowmnov\r_95b217cd5da6.asy' 
15411f92-dadd-43f6-98c3-6792bed808a4	ad31f895b03c	;[asy]  ^ C:\Users\MARKEI~1\AppData\Local\Temp\asyprev_tvowmnov\r_ad31f895b03c.asy: 1.2: syntax error:  error: could not load module 'C:\Users\MARKEI~1\AppData\Local\Temp\asyprev_tvowmnov\r_ad31f895b03c.asy' 
21e35837-0f69-4e4d-b9a5-1c6066dd72fe	e593e38902c2	;[asy]  ^ C:\Users\MARKEI~1\AppData\Local\Temp\asyprev_tvowmnov\r_e593e38902c2.asy: 1.2: syntax error:  error: could not load module 'C:\Users\MARKEI~1\AppData\Local\Temp\asyprev_tvowmnov\r_e593e38902c2.asy' 
3bc50967-a041-4f55-b834-f14f46b8509d	0679146cc627	;[asy]  ^ C:\Users\MARKEI~1\AppData\Local\Temp\asyprev_tvowmnov\r_0679146cc627.asy: 1.2: syntax error:  error: could not load module 'C:\Users\MARKEI~1\AppData\Local\Temp\asyprev_tvowmnov\r_0679146cc627.asy' 
40aad6c5-5ec9-4928-a943-51e8cf731cd6	937fd72d7448	;[asy]  ^ C:\Users\MARKEI~1\AppData\Local\Temp\asyprev_tvowmnov\r_937fd72d7448.asy: 1.2: syntax error:  error: could not load module 'C:\Users\MARKEI~1\AppData\Local\Temp\asyprev_tvowmnov\r_937fd72d7448.asy' 
54eec4a3-16f2-4913-9490-9bb901a12ad1	3512e70949c1	;[asy]  ^ C:\Users\MARKEI~1\AppData\Local\Temp\asyprev_tvowmnov\r_3512e70949c1.asy: 1.2: syntax error:  error: could not load module 'C:\Users\MARKEI~1\AppData\Local\Temp\asyprev_tvowmnov\r_3512e70949c1.asy' 
58925314-6082-479b-9415-17b3d2f26bbb	2f0254fce811	;[asy]  ^ C:\Users\MARKEI~1\AppData\Local\Temp\asyprev_tvowmnov\r_2f0254fce811.asy: 1.2: syntax error:  error: could not load module 'C:\Users\MARKEI~1\AppData\Local\Temp\asyprev_tvowmnov\r_2f0254fce811.asy' 
5c2d495e-fb7b-414c-b94d-77d8a4e297d7	099b4da41689	;[asy]  ^ C:\Users\MARKEI~1\AppData\Local\Temp\asyprev_tvowmnov\r_099b4da41689.asy: 1.2: syntax error:  error: could not load module 'C:\Users\MARKEI~1\AppData\Local\Temp\asyprev_tvowmnov\r_099b4da41689.asy' 
6f7e67b4-dac2-432d-9560-8a5aeb34dfdd	eb1c42ce217f	;[asy]  ^ C:\Users\MARKEI~1\AppData\Local\Temp\asyprev_tvowmnov\r_eb1c42ce217f.asy: 1.2: syntax error:  error: could not load module 'C:\Users\MARKEI~1\AppData\Local\Temp\asyprev_tvowmnov\r_eb1c42ce217f.asy' 
86b4c115-39ae-494f-aadb-14346d8c3e7f	6a062b1a6979	;[asy]  ^ C:\Users\MARKEI~1\AppData\Local\Temp\asyprev_tvowmnov\r_6a062b1a6979.asy: 1.2: syntax error:  error: could not load module 'C:\Users\MARKEI~1\AppData\Local\Temp\asyprev_tvowmnov\r_6a062b1a6979.asy' 
9243dd1e-b5f5-47b5-91fe-0afa55de2066	8ed9754683ea	;[asy]  ^ C:\Users\MARKEI~1\AppData\Local\Temp\asyprev_tvowmnov\r_8ed9754683ea.asy: 1.2: syntax error:  error: could not load module 'C:\Users\MARKEI~1\AppData\Local\Temp\asyprev_tvowmnov\r_8ed9754683ea.asy' 
9e9c22dd-db4c-41a2-a0f2-a2ab86baa84e	815382db0b4f	[asy] ^ C:\Users\MARKEI~1\AppData\Local\Temp\asyprev_tvowmnov\r_815382db0b4f.asy: 1.1: syntax error:  error: could not load module 'C:\Users\MARKEI~1\AppData\Local\Temp\asyprev_tvowmnov\r_815382db0b4f.asy' 
aa6ad95b-a07e-483e-90c3-d5d10109b535	656e60e4a096	;[asy]  ^ C:\Users\MARKEI~1\AppData\Local\Temp\asyprev_tvowmnov\r_656e60e4a096.asy: 1.2: syntax error:  error: could not load module 'C:\Users\MARKEI~1\AppData\Local\Temp\asyprev_tvowmnov\r_656e60e4a096.asy' 
d6c714fe-4818-4106-8de1-a88b832ab18b	3064f4bae93b	;[asy]  ^ C:\Users\MARKEI~1\AppData\Local\Temp\asyprev_tvowmnov\r_3064f4bae93b.asy: 1.2: syntax error:  error: could not load module 'C:\Users\MARKEI~1\AppData\Local\Temp\asyprev_tvowmnov\r_3064f4bae93b.asy' 
dd2ddac4-eb57-45d7-9244-31129fa7155b	8bb6e42b2406	;[asy]  ^ C:\Users\MARKEI~1\AppData\Local\Temp\asyprev_tvowmnov\r_8bb6e42b2406.asy: 1.2: syntax error:  error: could not load module 'C:\Users\MARKEI~1\AppData\Local\Temp\asyprev_tvowmnov\r_8bb6e42b2406.asy' 
ef6462e5-fd3b-4dad-bf6f-0ac235e07040	8f9f70728e6d	;[asy]  ^ C:\Users\MARKEI~1\AppData\Local\Temp\asyprev_tvowmnov\r_8f9f70728e6d.asy: 1.2: syntax error:  error: could not load module 'C:\Users\MARKEI~1\AppData\Local\Temp\asyprev_tvowmnov\r_8f9f70728e6d.asy' 
fdd7de7f-82f1-4eda-b238-26f51537605a	42ed13a5bb8b	;[asy]  ^ C:\Users\MARKEI~1\AppData\Local\Temp\asyprev_tvowmnov\r_42ed13a5bb8b.asy: 1.2: syntax error:  error: could not load module 'C:\Users\MARKEI~1\AppData\Local\Temp\asyprev_tvowmnov\r_42ed13a5bb8b.asy' 
1eaf805f-b378-48a7-ad7c-66942f537997	cfabce0a9a13	;[asy]  ^ C:\Users\MARKEI~1\AppData\Local\Temp\asyprev_tvowmnov\r_cfabce0a9a13.asy: 1.2: syntax error:  error: could not load module 'C:\Users\MARKEI~1\AppData\Local\Temp\asyprev_tvowmnov\r_cfabce0a9a13.asy' 
234998b1-fe45-4aa3-911f-05a43e13fe10	fde98061119f	;[asy]  ^ C:\Users\MARKEI~1\AppData\Local\Temp\asyprev_tvowmnov\r_fde98061119f.asy: 1.2: syntax error:  error: could not load module 'C:\Users\MARKEI~1\AppData\Local\Temp\asyprev_tvowmnov\r_fde98061119f.asy' 
30d79bce-1e08-4a55-8ec2-ff71c8ff6ff6	8ad3deba511e	;[asy]  ^ C:\Users\MARKEI~1\AppData\Local\Temp\asyprev_tvowmnov\r_8ad3deba511e.asy: 1.2: syntax error:  error: could not load module 'C:\Users\MARKEI~1\AppData\Local\Temp\asyprev_tvowmnov\r_8ad3deba511e.asy' 
3400a96f-1186-4e82-83ea-c01f991f7ef8	f16fcee942ce	;[asy]  ^ C:\Users\MARKEI~1\AppData\Local\Temp\asyprev_tvowmnov\r_f16fcee942ce.asy: 1.2: syntax error:  error: could not load module 'C:\Users\MARKEI~1\AppData\Local\Temp\asyprev_tvowmnov\r_f16fcee942ce.asy' 
4464518c-96bc-4352-a2b8-775b77b8b4f4	958edf2e941a	;[asy]  ^ C:\Users\MARKEI~1\AppData\Local\Temp\asyprev_tvowmnov\r_958edf2e941a.asy: 1.2: syntax error:  error: could not load module 'C:\Users\MARKEI~1\AppData\Local\Temp\asyprev_tvowmnov\r_958edf2e941a.asy' 
4c7e181b-92e4-4536-95d3-9cf5ac98ae5d	d723cae5c955	;[asy]  ^ C:\Users\MARKEI~1\AppData\Local\Temp\asyprev_tvowmnov\r_d723cae5c955.asy: 1.2: syntax error:  error: could not load module 'C:\Users\MARKEI~1\AppData\Local\Temp\asyprev_tvowmnov\r_d723cae5c955.asy' 
508e5309-6e3f-4d75-ba2e-316bce5e2616	8c1604d5b837	;[asy]  ^ C:\Users\MARKEI~1\AppData\Local\Temp\asyprev_tvowmnov\r_8c1604d5b837.asy: 1.2: syntax error:  error: could not load module 'C:\Users\MARKEI~1\AppData\Local\Temp\asyprev_tvowmnov\r_8c1604d5b837.asy' 
5ec4560b-883b-457b-8a19-bc96cd0b3ea3	c0570c2865b9	;[asy]  ^ C:\Users\MARKEI~1\AppData\Local\Temp\asyprev_tvowmnov\r_c0570c2865b9.asy: 1.2: syntax error:  error: could not load module 'C:\Users\MARKEI~1\AppData\Local\Temp\asyprev_tvowmnov\r_c0570c2865b9.asy' 
6b84652e-b7f3-4bb0-8360-0ff2306a5cf4	9dc4ba69b97e	[asy] ^ C:\Users\MARKEI~1\AppData\Local\Temp\asyprev_tvowmnov\r_9dc4ba69b97e.asy: 1.1: syntax error:  error: could not load module 'C:\Users\MARKEI~1\AppData\Local\Temp\asyprev_tvowmnov\r_9dc4ba69b97e.asy' 
80a535ec-ee7d-4086-b7bb-ba88f42ecf91	c3580f9052f8	;[asy]  ^ C:\Users\MARKEI~1\AppData\Local\Temp\asyprev_tvowmnov\r_c3580f9052f8.asy: 1.2: syntax error:  error: could not load module 'C:\Users\MARKEI~1\AppData\Local\Temp\asyprev_tvowmnov\r_c3580f9052f8.asy' 
84438e24-0e1b-4b01-8497-94969cfd25ac	5b5ce6bbbbd3	;[asy]  ^ C:\Users\MARKEI~1\AppData\Local\Temp\asyprev_tvowmnov\r_5b5ce6bbbbd3.asy: 1.2: syntax error:  error: could not load module 'C:\Users\MARKEI~1\AppData\Local\Temp\asyprev_tvowmnov\r_5b5ce6bbbbd3.asy' 
a80b81ef-155d-4f86-b9d0-55a2cd86ea15	ab5953d17e93	;[asy]  ^ C:\Users\MARKEI~1\AppData\Local\Temp\asyprev_tvowmnov\r_ab5953d17e93.asy: 1.2: syntax error:  error: could not load module 'C:\Users\MARKEI~1\AppData\Local\Temp\asyprev_tvowmnov\r_ab5953d17e93.asy' 
a962a4c3-e72e-4cfd-a205-45556cdbf6a4	55a3dabf0603	;[asy]  ^ C:\Users\MARKEI~1\AppData\Local\Temp\asyprev_tvowmnov\r_55a3dabf0603.asy: 1.2: syntax error:  error: could not load module 'C:\Users\MARKEI~1\AppData\Local\Temp\asyprev_tvowmnov\r_55a3dabf0603.asy' 
cc28e129-bb92-4c71-932f-791084c672f9	2c3c114ff7ff	;[asy]  ^ C:\Users\MARKEI~1\AppData\Local\Temp\asyprev_tvowmnov\r_2c3c114ff7ff.asy: 1.2: syntax error:  error: could not load module 'C:\Users\MARKEI~1\AppData\Local\Temp\asyprev_tvowmnov\r_2c3c114ff7ff.asy' 
df34057b-735b-40dd-9078-561f6cb95fd4	2a3608f425ed	;[asy]  ^ C:\Users\MARKEI~1\AppData\Local\Temp\asyprev_tvowmnov\r_2a3608f425ed.asy: 1.2: syntax error:  error: could not load module 'C:\Users\MARKEI~1\AppData\Local\Temp\asyprev_tvowmnov\r_2a3608f425ed.asy' 
d10e9e28-76e9-4288-aaec-4c343ffad27c	97236a8d40aa	;[asy]  ^ C:\Users\MARKEI~1\AppData\Local\Temp\asyprev_tvowmnov\r_97236a8d40aa.asy: 1.2: syntax error:  error: could not load module 'C:\Users\MARKEI~1\AppData\Local\Temp\asyprev_tvowmnov\r_97236a8d40aa.asy' 
df96156d-fdc4-486e-b43f-a74579702a8c	24e8baea9423	;[asy]  ^ C:\Users\MARKEI~1\AppData\Local\Temp\asyprev_tvowmnov\r_24e8baea9423.asy: 1.2: syntax error:  error: could not load module 'C:\Users\MARKEI~1\AppData\Local\Temp\asyprev_tvowmnov\r_24e8baea9423.asy' 
e6523e74-73ad-44c4-92e7-c01eba2da38b	1d08c40102d4	;[asy]  ^ C:\Users\MARKEI~1\AppData\Local\Temp\asyprev_tvowmnov\r_1d08c40102d4.asy: 1.2: syntax error:  error: could not load module 'C:\Users\MARKEI~1\AppData\Local\Temp\asyprev_tvowmnov\r_1d08c40102d4.asy' 
e3f0c087-2e4f-43b9-8d2e-197f40e620d9	0f9b7d331ce2	;[asy]  ^ C:\Users\MARKEI~1\AppData\Local\Temp\asyprev_tvowmnov\r_0f9b7d331ce2.asy: 1.2: syntax error:  error: could not load module 'C:\Users\MARKEI~1\AppData\Local\Temp\asyprev_tvowmnov\r_0f9b7d331ce2.asy' 
e784fc68-92aa-4d79-82b5-83abaa79f944	595e94d3f581	;[asy]  ^ C:\Users\MARKEI~1\AppData\Local\Temp\asyprev_tvowmnov\r_595e94d3f581.asy: 1.2: syntax error:  error: could not load module 'C:\Users\MARKEI~1\AppData\Local\Temp\asyprev_tvowmnov\r_595e94d3f581.asy' 
eb32a6f2-e51b-4080-980e-b1df28516861	a219ef0f269a	;[asy]  ^ C:\Users\MARKEI~1\AppData\Local\Temp\asyprev_tvowmnov\r_a219ef0f269a.asy: 1.2: syntax error:  error: could not load module 'C:\Users\MARKEI~1\AppData\Local\Temp\asyprev_tvowmnov\r_a219ef0f269a.asy' 
ef3a8003-635b-422e-9b43-4ed1f852b630	e76e7512fc5c	;[asy]  ^ C:\Users\MARKEI~1\AppData\Local\Temp\asyprev_tvowmnov\r_e76e7512fc5c.asy: 1.2: syntax error:  error: could not load module 'C:\Users\MARKEI~1\AppData\Local\Temp\asyprev_tvowmnov\r_e76e7512fc5c.asy' 
fd0f1181-6259-482c-8523-57ed563d326d	41e1d2b4b6b9	;[asy]  ^ C:\Users\MARKEI~1\AppData\Local\Temp\asyprev_tvowmnov\r_41e1d2b4b6b9.asy: 1.2: syntax error:  error: could not load module 'C:\Users\MARKEI~1\AppData\Local\Temp\asyprev_tvowmnov\r_41e1d2b4b6b9.asy' 
0a917e37-4df9-4948-a473-c08cf4a17b2f	c3865f389abc	;[asy]  ^ C:\Users\MARKEI~1\AppData\Local\Temp\asyprev_tvowmnov\r_c3865f389abc.asy: 1.2: syntax error:  error: could not load module 'C:\Users\MARKEI~1\AppData\Local\Temp\asyprev_tvowmnov\r_c3865f389abc.asy' 
037168cc-1b1c-4058-b1f9-239db0f608b9	c3be7dff491d	;[asy]  ^ C:\Users\MARKEI~1\AppData\Local\Temp\asyprev_tvowmnov\r_c3be7dff491d.asy: 1.2: syntax error:  error: could not load module 'C:\Users\MARKEI~1\AppData\Local\Temp\asyprev_tvowmnov\r_c3be7dff491d.asy' 
11b833d1-c68b-4368-bc48-8baad793556c	3ee62b0cc987	[asy] ^ C:\Users\MARKEI~1\AppData\Local\Temp\asyprev_tvowmnov\r_3ee62b0cc987.asy: 1.1: syntax error:  error: could not load module 'C:\Users\MARKEI~1\AppData\Local\Temp\asyprev_tvowmnov\r_3ee62b0cc987.asy' 
1825046c-71a7-4b8b-b2a7-4b0bd9eb0c42	2cb965afb2b1	;[asy]  ^ C:\Users\MARKEI~1\AppData\Local\Temp\asyprev_tvowmnov\r_2cb965afb2b1.asy: 1.2: syntax error:  error: could not load module 'C:\Users\MARKEI~1\AppData\Local\Temp\asyprev_tvowmnov\r_2cb965afb2b1.asy' 
22b10c10-fb89-42b4-b5b2-64a00840607b	00113e666eec	[asy] ^ C:\Users\MARKEI~1\AppData\Local\Temp\asyprev_tvowmnov\r_00113e666eec.asy: 1.1: syntax error:  error: could not load module 'C:\Users\MARKEI~1\AppData\Local\Temp\asyprev_tvowmnov\r_00113e666eec.asy' 
3eee2ce3-f10a-4250-a160-d4288a51bba0	8fd7ffa91c13	;[asy]  ^ C:\Users\MARKEI~1\AppData\Local\Temp\asyprev_tvowmnov\r_8fd7ffa91c13.asy: 1.2: syntax error:  error: could not load module 'C:\Users\MARKEI~1\AppData\Local\Temp\asyprev_tvowmnov\r_8fd7ffa91c13.asy' 
50537d5b-a2c7-4658-b152-bc0451c728a1	16c19c8f16d0	;[asy]  ^ C:\Users\MARKEI~1\AppData\Local\Temp\asyprev_tvowmnov\r_16c19c8f16d0.asy: 1.2: syntax error:  error: could not load module 'C:\Users\MARKEI~1\AppData\Local\Temp\asyprev_tvowmnov\r_16c19c8f16d0.asy' 
50884dec-bf95-42cf-bf12-e6fdabe964e9	85a3920aad86	;[asy]  ^ C:\Users\MARKEI~1\AppData\Local\Temp\asyprev_tvowmnov\r_85a3920aad86.asy: 1.2: syntax error:  error: could not load module 'C:\Users\MARKEI~1\AppData\Local\Temp\asyprev_tvowmnov\r_85a3920aad86.asy' 
51176a03-96b3-4b21-a9d0-3e80886cbadf	1609c63a9a87	;[asy]  ^ C:\Users\MARKEI~1\AppData\Local\Temp\asyprev_tvowmnov\r_1609c63a9a87.asy: 1.2: syntax error:  error: could not load module 'C:\Users\MARKEI~1\AppData\Local\Temp\asyprev_tvowmnov\r_1609c63a9a87.asy' 
666769a3-10df-4659-bb74-a780d86d8955	66c174f06b0a	;[asy]  ^ C:\Users\MARKEI~1\AppData\Local\Temp\asyprev_tvowmnov\r_66c174f06b0a.asy: 1.2: syntax error:  error: could not load module 'C:\Users\MARKEI~1\AppData\Local\Temp\asyprev_tvowmnov\r_66c174f06b0a.asy' 
74ad7f50-2468-438d-b0ca-17a3d5afd1df	957829234fdb	;[asy]  ^ C:\Users\MARKEI~1\AppData\Local\Temp\asyprev_tvowmnov\r_957829234fdb.asy: 1.2: syntax error:  error: could not load module 'C:\Users\MARKEI~1\AppData\Local\Temp\asyprev_tvowmnov\r_957829234fdb.asy' 
74d94df9-50f0-4e8c-9260-190d96377146	db6adc509a6f	;[asy]  ^ C:\Users\MARKEI~1\AppData\Local\Temp\asyprev_tvowmnov\r_db6adc509a6f.asy: 1.2: syntax error:  error: could not load module 'C:\Users\MARKEI~1\AppData\Local\Temp\asyprev_tvowmnov\r_db6adc509a6f.asy' 
79afdbe8-fec1-4257-a2b9-16599da1235b	dac2f8b5cc7c	;[asy]  ^ C:\Users\MARKEI~1\AppData\Local\Temp\asyprev_tvowmnov\r_dac2f8b5cc7c.asy: 1.2: syntax error:  error: could not load module 'C:\Users\MARKEI~1\AppData\Local\Temp\asyprev_tvowmnov\r_dac2f8b5cc7c.asy' 
922b67cf-d7ba-4449-b0b7-aa5ec472d6b0	189b4a241333	;[asy]  ^ C:\Users\MARKEI~1\AppData\Local\Temp\asyprev_tvowmnov\r_189b4a241333.asy: 1.2: syntax error:  error: could not load module 'C:\Users\MARKEI~1\AppData\Local\Temp\asyprev_tvowmnov\r_189b4a241333.asy' 
994c11ff-c5f3-4836-a0d4-832eea59daec	6c14da08b8ab	;[asy]  ^ C:\Users\MARKEI~1\AppData\Local\Temp\asyprev_tvowmnov\r_6c14da08b8ab.asy: 1.2: syntax error:  error: could not load module 'C:\Users\MARKEI~1\AppData\Local\Temp\asyprev_tvowmnov\r_6c14da08b8ab.asy' 
b5a31dc7-6e56-4498-87dd-8d4601522d3a	ce009590b3fd	;[asy]  ^ C:\Users\MARKEI~1\AppData\Local\Temp\asyprev_tvowmnov\r_ce009590b3fd.asy: 1.2: syntax error:  error: could not load module 'C:\Users\MARKEI~1\AppData\Local\Temp\asyprev_tvowmnov\r_ce009590b3fd.asy' 
c075a4ee-2d9d-4a76-ab35-4e6234adf15e	bb4890854c1e	;[asy]  ^ C:\Users\MARKEI~1\AppData\Local\Temp\asyprev_tvowmnov\r_bb4890854c1e.asy: 1.2: syntax error:  error: could not load module 'C:\Users\MARKEI~1\AppData\Local\Temp\asyprev_tvowmnov\r_bb4890854c1e.asy' 
c5bd8f98-ebb2-42be-8c2e-6c71e4fb33f5	e8ffbdab0d30	;[asy]  ^ C:\Users\MARKEI~1\AppData\Local\Temp\asyprev_tvowmnov\r_e8ffbdab0d30.asy: 1.2: syntax error:  error: could not load module 'C:\Users\MARKEI~1\AppData\Local\Temp\asyprev_tvowmnov\r_e8ffbdab0d30.asy' 
c5d8acc0-c2be-4177-9a95-8ddee20b8cc2	3c4f48078a20	;[asy]  ^ C:\Users\MARKEI~1\AppData\Local\Temp\asyprev_tvowmnov\r_3c4f48078a20.asy: 1.2: syntax error:  error: could not load module 'C:\Users\MARKEI~1\AppData\Local\Temp\asyprev_tvowmnov\r_3c4f48078a20.asy' 
dfde91ae-b57a-44b1-83ac-768cf6ac15f1	4f3646c117a4	;[asy]  ^ C:\Users\MARKEI~1\AppData\Local\Temp\asyprev_tvowmnov\r_4f3646c117a4.asy: 1.2: syntax error:  error: could not load module 'C:\Users\MARKEI~1\AppData\Local\Temp\asyprev_tvowmnov\r_4f3646c117a4.asy' 
040a6040-61b5-4a93-b7f8-3441828c26de	61750191ff35	[asy] ^ C:\Users\MARKEI~1\AppData\Local\Temp\asyprev_tvowmnov\r_61750191ff35.asy: 1.1: syntax error:  error: could not load module 'C:\Users\MARKEI~1\AppData\Local\Temp\asyprev_tvowmnov\r_61750191ff35.asy' 
41246464-82a0-4a18-ae9e-151c00e857c9	14e99685c8b9	[asy] ^ C:\Users\MARKEI~1\AppData\Local\Temp\asyprev_tvowmnov\r_14e99685c8b9.asy: 1.1: syntax error:  error: could not load module 'C:\Users\MARKEI~1\AppData\Local\Temp\asyprev_tvowmnov\r_14e99685c8b9.asy' 
955500db-c888-46b6-b844-966418c120ef	d4228a2a6a17	;[asy]  ^ C:\Users\MARKEI~1\AppData\Local\Temp\asyprev_tvowmnov\r_d4228a2a6a17.asy: 1.2: syntax error:  error: could not load module 'C:\Users\MARKEI~1\AppData\Local\Temp\asyprev_tvowmnov\r_d4228a2a6a17.asy' 
b811f99a-72c5-447b-b5d5-d7c55eb276b0	d21ceaf82ba6	;[asy]  ^ C:\Users\MARKEI~1\AppData\Local\Temp\asyprev_tvowmnov\r_d21ceaf82ba6.asy: 1.2: syntax error:  error: could not load module 'C:\Users\MARKEI~1\AppData\Local\Temp\asyprev_tvowmnov\r_d21ceaf82ba6.asy' 
e720c769-ebf5-4850-b5e4-1dfbf8710964	864378fb669a	;[asy]  ^ C:\Users\MARKEI~1\AppData\Local\Temp\asyprev_tvowmnov\r_864378fb669a.asy: 1.2: syntax error:  error: could not load module 'C:\Users\MARKEI~1\AppData\Local\Temp\asyprev_tvowmnov\r_864378fb669a.asy' 
e9dc681f-4c8b-4b4d-8dde-ce4582bad8a1	6f46ce969633	;[asy]  ^ C:\Users\MARKEI~1\AppData\Local\Temp\asyprev_tvowmnov\r_6f46ce969633.asy: 1.2: syntax error:  error: could not load module 'C:\Users\MARKEI~1\AppData\Local\Temp\asyprev_tvowmnov\r_6f46ce969633.asy' 
f9a97226-27fd-4628-9273-250b2c4aaf4a	e9c0c0571e4f	;[asy]  ^ C:\Users\MARKEI~1\AppData\Local\Temp\asyprev_tvowmnov\r_e9c0c0571e4f.asy: 1.2: syntax error:  error: could not load module 'C:\Users\MARKEI~1\AppData\Local\Temp\asyprev_tvowmnov\r_e9c0c0571e4f.asy' 
ffeb9dd1-d6c3-40bd-b9a5-beb369d94f65	c82575bd3460	;[asy]  ^ C:\Users\MARKEI~1\AppData\Local\Temp\asyprev_tvowmnov\r_c82575bd3460.asy: 1.2: syntax error:  error: could not load module 'C:\Users\MARKEI~1\AppData\Local\Temp\asyprev_tvowmnov\r_c82575bd3460.asy' 
00bc8a76-9130-4c53-b44f-ec917ed1fc7b	9de7e79ba5d7	;[asy]  ^ C:\Users\MARKEI~1\AppData\Local\Temp\asyprev_tvowmnov\r_9de7e79ba5d7.asy: 1.2: syntax error:  error: could not load module 'C:\Users\MARKEI~1\AppData\Local\Temp\asyprev_tvowmnov\r_9de7e79ba5d7.asy' 
00f79b70-d07c-4917-8e4a-1d61ffc610ed	f5cf4c3fdf93	;[asy]  ^ C:\Users\MARKEI~1\AppData\Local\Temp\asyprev_tvowmnov\r_f5cf4c3fdf93.asy: 1.2: syntax error:  error: could not load module 'C:\Users\MARKEI~1\AppData\Local\Temp\asyprev_tvowmnov\r_f5cf4c3fdf93.asy' 
00fd2891-9007-4c65-9e7c-9d1083b9480d	1b9583b2000b	;[asy]  ^ C:\Users\MARKEI~1\AppData\Local\Temp\asyprev_tvowmnov\r_1b9583b2000b.asy: 1.2: syntax error:  error: could not load module 'C:\Users\MARKEI~1\AppData\Local\Temp\asyprev_tvowmnov\r_1b9583b2000b.asy' 
019ea149-827c-4009-a45e-8088cbada2e1	e5ec2e5aa341	;[asy]  ^ C:\Users\MARKEI~1\AppData\Local\Temp\asyprev_tvowmnov\r_e5ec2e5aa341.asy: 1.2: syntax error:  error: could not load module 'C:\Users\MARKEI~1\AppData\Local\Temp\asyprev_tvowmnov\r_e5ec2e5aa341.asy' 
0203cf5c-fe1c-48bc-a106-6a364e0acb93	286631be6bb9	;[asy]  ^ C:\Users\MARKEI~1\AppData\Local\Temp\asyprev_tvowmnov\r_286631be6bb9.asy: 1.2: syntax error:  error: could not load module 'C:\Users\MARKEI~1\AppData\Local\Temp\asyprev_tvowmnov\r_286631be6bb9.asy' 
01f1bf02-3c96-4c0a-ac0f-7ef3a9092f6c	e2e5b7d01b85	[asy] ^ C:\Users\MARKEI~1\AppData\Local\Temp\asyprev_tvowmnov\r_e2e5b7d01b85.asy: 1.1: syntax error:  error: could not load module 'C:\Users\MARKEI~1\AppData\Local\Temp\asyprev_tvowmnov\r_e2e5b7d01b85.asy' 
0314b4f4-fe25-4f2d-a305-02574c86e00d	5a11c3aabcf1	;[asy]  ^ C:\Users\MARKEI~1\AppData\Local\Temp\asyprev_tvowmnov\r_5a11c3aabcf1.asy: 1.2: syntax error:  error: could not load module 'C:\Users\MARKEI~1\AppData\Local\Temp\asyprev_tvowmnov\r_5a11c3aabcf1.asy' 
0205f4a3-beee-4c21-893e-c0fa6308521b	689e2522f286	[asy] ^ C:\Users\MARKEI~1\AppData\Local\Temp\asyprev_tvowmnov\r_689e2522f286.asy: 1.1: syntax error:  error: could not load module 'C:\Users\MARKEI~1\AppData\Local\Temp\asyprev_tvowmnov\r_689e2522f286.asy' 
03a3e5be-7565-4200-a607-7ba8a381b311	7541fabfe61e	;[asy]  ^ C:\Users\MARKEI~1\AppData\Local\Temp\asyprev_tvowmnov\r_7541fabfe61e.asy: 1.2: syntax error:  error: could not load module 'C:\Users\MARKEI~1\AppData\Local\Temp\asyprev_tvowmnov\r_7541fabfe61e.asy' 
0467d221-bdb8-496a-ab45-1e23724b1254	ee66dde79dda	[asy] ^ C:\Users\MARKEI~1\AppData\Local\Temp\asyprev_tvowmnov\r_ee66dde79dda.asy: 1.1: syntax error:  error: could not load module 'C:\Users\MARKEI~1\AppData\Local\Temp\asyprev_tvowmnov\r_ee66dde79dda.asy' 
05567e0b-76c4-433e-b3b6-f63fe35bab35	793e2a91021a	;[asy]  ^ C:\Users\MARKEI~1\AppData\Local\Temp\asyprev_tvowmnov\r_793e2a91021a.asy: 1.2: syntax error:  error: could not load module 'C:\Users\MARKEI~1\AppData\Local\Temp\asyprev_tvowmnov\r_793e2a91021a.asy' 
0586bbd6-72a9-4a67-9bd0-45eede3fdac2	e9c242f5cfd0	;[asy]  ^ C:\Users\MARKEI~1\AppData\Local\Temp\asyprev_tvowmnov\r_e9c242f5cfd0.asy: 1.2: syntax error:  error: could not load module 'C:\Users\MARKEI~1\AppData\Local\Temp\asyprev_tvowmnov\r_e9c242f5cfd0.asy' 
0885d569-d90b-4d3b-b676-b4f8be00c0df	c885be7984c8	;[asy]  ^ C:\Users\MARKEI~1\AppData\Local\Temp\asyprev_tvowmnov\r_c885be7984c8.asy: 1.2: syntax error:  error: could not load module 'C:\Users\MARKEI~1\AppData\Local\Temp\asyprev_tvowmnov\r_c885be7984c8.asy' 
0abd1041-0544-47cb-b793-26e74393c183	f2e3bdaab191	[asy] ^ C:\Users\MARKEI~1\AppData\Local\Temp\asyprev_tvowmnov\r_f2e3bdaab191.asy: 1.1: syntax error:  error: could not load module 'C:\Users\MARKEI~1\AppData\Local\Temp\asyprev_tvowmnov\r_f2e3bdaab191.asy' 
0ad9ed7c-8cbf-4945-8153-5fa846898dce	d622c8e8f9ba	[asy] ^ C:\Users\MARKEI~1\AppData\Local\Temp\asyprev_tvowmnov\r_d622c8e8f9ba.asy: 1.1: syntax error:  error: could not load module 'C:\Users\MARKEI~1\AppData\Local\Temp\asyprev_tvowmnov\r_d622c8e8f9ba.asy' 
0bbc9954-f70a-4052-b8cb-f1af2741ff73	c98436187ff3	;[asy]  ^ C:\Users\MARKEI~1\AppData\Local\Temp\asyprev_tvowmnov\r_c98436187ff3.asy: 1.2: syntax error:  error: could not load module 'C:\Users\MARKEI~1\AppData\Local\Temp\asyprev_tvowmnov\r_c98436187ff3.asy' 
0bee5692-00f1-4bb7-86ea-6d8ef45b09d9	478b4ec567b2	;[asy]  ^ C:\Users\MARKEI~1\AppData\Local\Temp\asyprev_tvowmnov\r_478b4ec567b2.asy: 1.2: syntax error:  error: could not load module 'C:\Users\MARKEI~1\AppData\Local\Temp\asyprev_tvowmnov\r_478b4ec567b2.asy' 
0d0f89e8-e4c4-4e20-9a6f-54119677a387	eb0046220766	[asy] ^ C:\Users\MARKEI~1\AppData\Local\Temp\asyprev_tvowmnov\r_eb0046220766.asy: 1.1: syntax error:  error: could not load module 'C:\Users\MARKEI~1\AppData\Local\Temp\asyprev_tvowmnov\r_eb0046220766.asy' 
0d62b56e-4dfd-4a90-b769-0ce7349cf6ae	abf7d8024b43	[asy] ^ C:\Users\MARKEI~1\AppData\Local\Temp\asyprev_tvowmnov\r_abf7d8024b43.asy: 1.1: syntax error:  error: could not load module 'C:\Users\MARKEI~1\AppData\Local\Temp\asyprev_tvowmnov\r_abf7d8024b43.asy' 
0f889f11-ea0f-47e2-bc9e-1d21286cc915	c399fd142d0a	[asy] ^ C:\Users\MARKEI~1\AppData\Local\Temp\asyprev_tvowmnov\r_c399fd142d0a.asy: 1.1: syntax error:  error: could not load module 'C:\Users\MARKEI~1\AppData\Local\Temp\asyprev_tvowmnov\r_c399fd142d0a.asy' 
0fb2e238-4836-4962-8955-854cce2d3325	e196cf3d11b6	;[asy]  ^ C:\Users\MARKEI~1\AppData\Local\Temp\asyprev_tvowmnov\r_e196cf3d11b6.asy: 1.2: syntax error:  error: could not load module 'C:\Users\MARKEI~1\AppData\Local\Temp\asyprev_tvowmnov\r_e196cf3d11b6.asy' 
14383960-a29d-40b7-b5a0-a88cdd1a5e27	4b60256928e7	[asy] ^ C:\Users\MARKEI~1\AppData\Local\Temp\asyprev_tvowmnov\r_4b60256928e7.asy: 1.1: syntax error:  error: could not load module 'C:\Users\MARKEI~1\AppData\Local\Temp\asyprev_tvowmnov\r_4b60256928e7.asy' 
129c3528-435a-44c2-af4a-dd2a6043bb4d	15e57dcda4dd	;[asy]  ^ C:\Users\MARKEI~1\AppData\Local\Temp\asyprev_tvowmnov\r_15e57dcda4dd.asy: 1.2: syntax error:  error: could not load module 'C:\Users\MARKEI~1\AppData\Local\Temp\asyprev_tvowmnov\r_15e57dcda4dd.asy' 
16231f39-9da5-4458-8aab-c147e8e04403	524cb290c3ec	;[asy]  ^ C:\Users\MARKEI~1\AppData\Local\Temp\asyprev_tvowmnov\r_524cb290c3ec.asy: 1.2: syntax error:  error: could not load module 'C:\Users\MARKEI~1\AppData\Local\Temp\asyprev_tvowmnov\r_524cb290c3ec.asy' 
19dbadf3-424e-43d2-a06f-8e614f61c698	8cf587420c57	;[asy]  ^ C:\Users\MARKEI~1\AppData\Local\Temp\asyprev_tvowmnov\r_8cf587420c57.asy: 1.2: syntax error:  error: could not load module 'C:\Users\MARKEI~1\AppData\Local\Temp\asyprev_tvowmnov\r_8cf587420c57.asy' 
188b6c71-1517-44a8-9743-5dc2915fffd7	d6473b87ce84	;[asy]  ^ C:\Users\MARKEI~1\AppData\Local\Temp\asyprev_tvowmnov\r_d6473b87ce84.asy: 1.2: syntax error:  error: could not load module 'C:\Users\MARKEI~1\AppData\Local\Temp\asyprev_tvowmnov\r_d6473b87ce84.asy' 
1a70343d-0366-4b3f-826f-2d47e8c96d13	62a383bb48e2	;[asy]  ^ C:\Users\MARKEI~1\AppData\Local\Temp\asyprev_tvowmnov\r_62a383bb48e2.asy: 1.2: syntax error:  error: could not load module 'C:\Users\MARKEI~1\AppData\Local\Temp\asyprev_tvowmnov\r_62a383bb48e2.asy' 
1a7cf48a-2a8e-405c-a8a9-6ca0d31998fc	b34275c5bfd9	[asy] ^ C:\Users\MARKEI~1\AppData\Local\Temp\asyprev_tvowmnov\r_b34275c5bfd9.asy: 1.1: syntax error:  error: could not load module 'C:\Users\MARKEI~1\AppData\Local\Temp\asyprev_tvowmnov\r_b34275c5bfd9.asy' 
1ad9f6af-61d4-44f2-92ce-ef8615aa49e1	c65bc7b61411	;[asy]  ^ C:\Users\MARKEI~1\AppData\Local\Temp\asyprev_tvowmnov\r_c65bc7b61411.asy: 1.2: syntax error:  error: could not load module 'C:\Users\MARKEI~1\AppData\Local\Temp\asyprev_tvowmnov\r_c65bc7b61411.asy' 
1b0c8093-7469-4e7c-bbd4-96df27b6f8e9	3d977945b854	;[asy]  ^ C:\Users\MARKEI~1\AppData\Local\Temp\asyprev_tvowmnov\r_3d977945b854.asy: 1.2: syntax error:  error: could not load module 'C:\Users\MARKEI~1\AppData\Local\Temp\asyprev_tvowmnov\r_3d977945b854.asy' 
2049ec96-9c5e-411a-b908-560a7fc07fa7	29557cfe8339	;[asy]  ^ C:\Users\MARKEI~1\AppData\Local\Temp\asyprev_tvowmnov\r_29557cfe8339.asy: 1.2: syntax error:  error: could not load module 'C:\Users\MARKEI~1\AppData\Local\Temp\asyprev_tvowmnov\r_29557cfe8339.asy' 
20c057e4-4781-4e46-9039-c54b9472d3bc	e6a90d8b0093	[asy] ^ C:\Users\MARKEI~1\AppData\Local\Temp\asyprev_tvowmnov\r_e6a90d8b0093.asy: 1.1: syntax error:  error: could not load module 'C:\Users\MARKEI~1\AppData\Local\Temp\asyprev_tvowmnov\r_e6a90d8b0093.asy' 
238e496a-ae7b-42e5-b2f2-f01ec93c955a	1b59fa031dff	[asy] ^ C:\Users\MARKEI~1\AppData\Local\Temp\asyprev_tvowmnov\r_1b59fa031dff.asy: 1.1: syntax error:  error: could not load module 'C:\Users\MARKEI~1\AppData\Local\Temp\asyprev_tvowmnov\r_1b59fa031dff.asy' 
25cee181-c52b-45a4-ac1d-5882b130030a	3bb194b20eb4	;[asy]  ^ C:\Users\MARKEI~1\AppData\Local\Temp\asyprev_tvowmnov\r_3bb194b20eb4.asy: 1.2: syntax error:  error: could not load module 'C:\Users\MARKEI~1\AppData\Local\Temp\asyprev_tvowmnov\r_3bb194b20eb4.asy' 
2731c5b9-66b8-4616-ad8b-6f2dd7605473	59a1c4fb5eaf	[asy] ^ C:\Users\MARKEI~1\AppData\Local\Temp\asyprev_tvowmnov\r_59a1c4fb5eaf.asy: 1.1: syntax error:  error: could not load module 'C:\Users\MARKEI~1\AppData\Local\Temp\asyprev_tvowmnov\r_59a1c4fb5eaf.asy' 
28801cc8-8978-4802-a16f-39cb6ccdd1b2	d115a03f61e9	;[asy]  ^ C:\Users\MARKEI~1\AppData\Local\Temp\asyprev_tvowmnov\r_d115a03f61e9.asy: 1.2: syntax error:  error: could not load module 'C:\Users\MARKEI~1\AppData\Local\Temp\asyprev_tvowmnov\r_d115a03f61e9.asy' 
2a551581-733c-4804-92a5-53959e1b24f2	e34edd0f1999	[asy] ^ C:\Users\MARKEI~1\AppData\Local\Temp\asyprev_tvowmnov\r_e34edd0f1999.asy: 1.1: syntax error:  error: could not load module 'C:\Users\MARKEI~1\AppData\Local\Temp\asyprev_tvowmnov\r_e34edd0f1999.asy' 
2bcdbc32-500c-4b59-aa34-461824221a0e	dc87310dca7f	;[asy]  ^ C:\Users\MARKEI~1\AppData\Local\Temp\asyprev_tvowmnov\r_dc87310dca7f.asy: 1.2: syntax error:  error: could not load module 'C:\Users\MARKEI~1\AppData\Local\Temp\asyprev_tvowmnov\r_dc87310dca7f.asy' 
2c43e4fc-d38b-495a-81f7-24ad2e042db4	e0c756a37126	[asy] ^ C:\Users\MARKEI~1\AppData\Local\Temp\asyprev_tvowmnov\r_e0c756a37126.asy: 1.1: syntax error:  error: could not load module 'C:\Users\MARKEI~1\AppData\Local\Temp\asyprev_tvowmnov\r_e0c756a37126.asy' 
2ccfc2f2-4138-443e-9c8b-449194ee97ad	89c22ae60168	;[asy]  ^ C:\Users\MARKEI~1\AppData\Local\Temp\asyprev_tvowmnov\r_89c22ae60168.asy: 1.2: syntax error:  error: could not load module 'C:\Users\MARKEI~1\AppData\Local\Temp\asyprev_tvowmnov\r_89c22ae60168.asy' 
2d24115a-378d-4f49-b0f7-8d898d3c41b2	1b4dc9f9930e	;[asy]  ^ C:\Users\MARKEI~1\AppData\Local\Temp\asyprev_tvowmnov\r_1b4dc9f9930e.asy: 1.2: syntax error:  error: could not load module 'C:\Users\MARKEI~1\AppData\Local\Temp\asyprev_tvowmnov\r_1b4dc9f9930e.asy' 
2f99767f-b856-433a-ab1f-9fad2267fa27	2a5c785960a3	;[asy]  ^ C:\Users\MARKEI~1\AppData\Local\Temp\asyprev_tvowmnov\r_2a5c785960a3.asy: 1.2: syntax error:  error: could not load module 'C:\Users\MARKEI~1\AppData\Local\Temp\asyprev_tvowmnov\r_2a5c785960a3.asy' 
313a8ca4-a08e-41f3-8cff-7331e7e8296b	6593d61dbbac	;[asy]  ^ C:\Users\MARKEI~1\AppData\Local\Temp\asyprev_tvowmnov\r_6593d61dbbac.asy: 1.2: syntax error:  error: could not load module 'C:\Users\MARKEI~1\AppData\Local\Temp\asyprev_tvowmnov\r_6593d61dbbac.asy' 
3377ab54-3fca-4451-8830-467525c4c5da	04e85a86f646	;[asy]  ^ C:\Users\MARKEI~1\AppData\Local\Temp\asyprev_tvowmnov\r_04e85a86f646.asy: 1.2: syntax error:  error: could not load module 'C:\Users\MARKEI~1\AppData\Local\Temp\asyprev_tvowmnov\r_04e85a86f646.asy' 
33bf3303-f652-4127-a90e-b9bc9704aa1e	2107e58ad403	;[asy]  ^ C:\Users\MARKEI~1\AppData\Local\Temp\asyprev_tvowmnov\r_2107e58ad403.asy: 1.2: syntax error:  error: could not load module 'C:\Users\MARKEI~1\AppData\Local\Temp\asyprev_tvowmnov\r_2107e58ad403.asy' 
38c247a0-1a87-4196-b9c2-86bb84046127	f999408128a3	[asy] ^ C:\Users\MARKEI~1\AppData\Local\Temp\asyprev_tvowmnov\r_f999408128a3.asy: 1.1: syntax error:  error: could not load module 'C:\Users\MARKEI~1\AppData\Local\Temp\asyprev_tvowmnov\r_f999408128a3.asy' 
34e3dbf4-412a-4d82-802a-2a5b3ccc13f1	ea60a0bc2bdf	[asy] ^ C:\Users\MARKEI~1\AppData\Local\Temp\asyprev_tvowmnov\r_ea60a0bc2bdf.asy: 1.1: syntax error:  error: could not load module 'C:\Users\MARKEI~1\AppData\Local\Temp\asyprev_tvowmnov\r_ea60a0bc2bdf.asy' 
3979166c-2887-4f55-8c63-79a98b2ad3aa	124b2ef216b1	[asy] ^ C:\Users\MARKEI~1\AppData\Local\Temp\asyprev_tvowmnov\r_124b2ef216b1.asy: 1.1: syntax error:  error: could not load module 'C:\Users\MARKEI~1\AppData\Local\Temp\asyprev_tvowmnov\r_124b2ef216b1.asy' 
3a1bc482-695a-41cd-95ef-e05b610f3538	75a7b7c83145	;[asy]  ^ C:\Users\MARKEI~1\AppData\Local\Temp\asyprev_tvowmnov\r_75a7b7c83145.asy: 1.2: syntax error:  error: could not load module 'C:\Users\MARKEI~1\AppData\Local\Temp\asyprev_tvowmnov\r_75a7b7c83145.asy' 
3b4d8af4-2589-4882-9e98-b5f5e2ecf5f0	a56c94d41455	[asy] ^ C:\Users\MARKEI~1\AppData\Local\Temp\asyprev_tvowmnov\r_a56c94d41455.asy: 1.1: syntax error:  error: could not load module 'C:\Users\MARKEI~1\AppData\Local\Temp\asyprev_tvowmnov\r_a56c94d41455.asy' 
3ddbd85b-7816-4a85-95eb-e6c4c9c049f5	3f1bf4e03e8d	[asy] ^ C:\Users\MARKEI~1\AppData\Local\Temp\asyprev_tvowmnov\r_3f1bf4e03e8d.asy: 1.1: syntax error:  error: could not load module 'C:\Users\MARKEI~1\AppData\Local\Temp\asyprev_tvowmnov\r_3f1bf4e03e8d.asy' 
3df91846-067c-4d0c-a903-0bd3632302e8	e943f0f863b2	;[asy]  ^ C:\Users\MARKEI~1\AppData\Local\Temp\asyprev_tvowmnov\r_e943f0f863b2.asy: 1.2: syntax error:  error: could not load module 'C:\Users\MARKEI~1\AppData\Local\Temp\asyprev_tvowmnov\r_e943f0f863b2.asy' 
3e33e385-eee0-475e-b20e-4c8ee01daeba	7cd1f3c0f10c	;[asy]  ^ C:\Users\MARKEI~1\AppData\Local\Temp\asyprev_tvowmnov\r_7cd1f3c0f10c.asy: 1.2: syntax error:  error: could not load module 'C:\Users\MARKEI~1\AppData\Local\Temp\asyprev_tvowmnov\r_7cd1f3c0f10c.asy' 
497c59af-d84e-4c2f-ba7d-0bda33880cad	6101e303a287	[asy] ^ C:\Users\MARKEI~1\AppData\Local\Temp\asyprev_tvowmnov\r_6101e303a287.asy: 1.1: syntax error:  error: could not load module 'C:\Users\MARKEI~1\AppData\Local\Temp\asyprev_tvowmnov\r_6101e303a287.asy' 
4a40daf0-04d8-45b4-835d-0280f0181f48	d238d0b9c61f	[asy] ^ C:\Users\MARKEI~1\AppData\Local\Temp\asyprev_tvowmnov\r_d238d0b9c61f.asy: 1.1: syntax error:  error: could not load module 'C:\Users\MARKEI~1\AppData\Local\Temp\asyprev_tvowmnov\r_d238d0b9c61f.asy' 
4c316f72-9450-445a-9f42-1fc6941d5691	b4385b18ce3f	[asy] ^ C:\Users\MARKEI~1\AppData\Local\Temp\asyprev_tvowmnov\r_b4385b18ce3f.asy: 1.1: syntax error:  error: could not load module 'C:\Users\MARKEI~1\AppData\Local\Temp\asyprev_tvowmnov\r_b4385b18ce3f.asy' 
512ff03d-81af-453f-978a-817f933d3fdd	d1340bbb2040	;[asy]  ^ C:\Users\MARKEI~1\AppData\Local\Temp\asyprev_tvowmnov\r_d1340bbb2040.asy: 1.2: syntax error:  error: could not load module 'C:\Users\MARKEI~1\AppData\Local\Temp\asyprev_tvowmnov\r_d1340bbb2040.asy' 
54a87d86-fdbb-42a0-9a41-231041b765cf	aa8ed132fdf8	;[asy]  ^ C:\Users\MARKEI~1\AppData\Local\Temp\asyprev_tvowmnov\r_aa8ed132fdf8.asy: 1.2: syntax error:  error: could not load module 'C:\Users\MARKEI~1\AppData\Local\Temp\asyprev_tvowmnov\r_aa8ed132fdf8.asy' 
558a9f0a-58bb-4ef4-a746-25a603ae8b80	3cf518b71b53	;[asy]  ^ C:\Users\MARKEI~1\AppData\Local\Temp\asyprev_tvowmnov\r_3cf518b71b53.asy: 1.2: syntax error:  error: could not load module 'C:\Users\MARKEI~1\AppData\Local\Temp\asyprev_tvowmnov\r_3cf518b71b53.asy' 
570a5fbe-77ae-4774-baec-aea35cfec8b7	f584412f201c	;[asy]  ^ C:\Users\MARKEI~1\AppData\Local\Temp\asyprev_tvowmnov\r_f584412f201c.asy: 1.2: syntax error:  error: could not load module 'C:\Users\MARKEI~1\AppData\Local\Temp\asyprev_tvowmnov\r_f584412f201c.asy' 
5729979d-99cc-488d-bdc7-6df3a2400557	f6f461b90fcf	;[asy]  ^ C:\Users\MARKEI~1\AppData\Local\Temp\asyprev_tvowmnov\r_f6f461b90fcf.asy: 1.2: syntax error:  error: could not load module 'C:\Users\MARKEI~1\AppData\Local\Temp\asyprev_tvowmnov\r_f6f461b90fcf.asy' 
5943aafc-dccc-4c78-8512-dac51e98dab2	d897da867236	[asy] ^ C:\Users\MARKEI~1\AppData\Local\Temp\asyprev_tvowmnov\r_d897da867236.asy: 1.1: syntax error:  error: could not load module 'C:\Users\MARKEI~1\AppData\Local\Temp\asyprev_tvowmnov\r_d897da867236.asy' 
5a73c12d-e28c-4eb0-8c2e-23143c370c64	a59dd3047784	[asy] ^ C:\Users\MARKEI~1\AppData\Local\Temp\asyprev_tvowmnov\r_a59dd3047784.asy: 1.1: syntax error:  error: could not load module 'C:\Users\MARKEI~1\AppData\Local\Temp\asyprev_tvowmnov\r_a59dd3047784.asy' 
5b2d5ada-5a71-4a66-8afb-9bd39258fdd3	e95df69799c4	[asy] ^ C:\Users\MARKEI~1\AppData\Local\Temp\asyprev_tvowmnov\r_e95df69799c4.asy: 1.1: syntax error:  error: could not load module 'C:\Users\MARKEI~1\AppData\Local\Temp\asyprev_tvowmnov\r_e95df69799c4.asy' 
5c8f5e4a-7930-4754-9c68-b1bda230e3e5	dcbd8a3fd67e	;  [asy]    ^ C:\Users\MARKEI~1\AppData\Local\Temp\asyprev_tvowmnov\r_dcbd8a3fd67e.asy: 1.4: syntax error:  error: could not load module 'C:\Users\MARKEI~1\AppData\Local\Temp\asyprev_tvowmnov\r_dcbd8a3fd67e.asy' 
5c96be69-d1a1-4bbe-892f-f09db9bcc7eb	8623cc037bfa	;[asy]  ^ C:\Users\MARKEI~1\AppData\Local\Temp\asyprev_tvowmnov\r_8623cc037bfa.asy: 1.2: syntax error:  error: could not load module 'C:\Users\MARKEI~1\AppData\Local\Temp\asyprev_tvowmnov\r_8623cc037bfa.asy' 
5def51e9-b549-41b6-917f-c9b503b68d08	191ff480e1c6	;[asy]  ^ C:\Users\MARKEI~1\AppData\Local\Temp\asyprev_tvowmnov\r_191ff480e1c6.asy: 1.2: syntax error:  error: could not load module 'C:\Users\MARKEI~1\AppData\Local\Temp\asyprev_tvowmnov\r_191ff480e1c6.asy' 
5f01872e-a519-49e7-9e0e-c1d3fe0b6719	a8fd480d3120	;[asy]  ^ C:\Users\MARKEI~1\AppData\Local\Temp\asyprev_tvowmnov\r_a8fd480d3120.asy: 1.2: syntax error:  error: could not load module 'C:\Users\MARKEI~1\AppData\Local\Temp\asyprev_tvowmnov\r_a8fd480d3120.asy' 
61c13273-faf6-4b3e-8ced-e9794d2e96d3	da3bbadb80de	;[asy]  ^ C:\Users\MARKEI~1\AppData\Local\Temp\asyprev_tvowmnov\r_da3bbadb80de.asy: 1.2: syntax error:  error: could not load module 'C:\Users\MARKEI~1\AppData\Local\Temp\asyprev_tvowmnov\r_da3bbadb80de.asy' 
6343f14c-e55e-4824-984a-ab78327c6476	9fddcd27d1ea	;[asy]  ^ C:\Users\MARKEI~1\AppData\Local\Temp\asyprev_tvowmnov\r_9fddcd27d1ea.asy: 1.2: syntax error:  error: could not load module 'C:\Users\MARKEI~1\AppData\Local\Temp\asyprev_tvowmnov\r_9fddcd27d1ea.asy' 
64385165-53a0-48b9-9834-8e1a22b7e2ee	9ac024e14390	;[asy]  ^ C:\Users\MARKEI~1\AppData\Local\Temp\asyprev_tvowmnov\r_9ac024e14390.asy: 1.2: syntax error:  error: could not load module 'C:\Users\MARKEI~1\AppData\Local\Temp\asyprev_tvowmnov\r_9ac024e14390.asy' 
66b27d8c-fa02-4171-8ee4-e0b3ebf2f8c7	fcda4681b9dc	[asy] ^ C:\Users\MARKEI~1\AppData\Local\Temp\asyprev_tvowmnov\r_fcda4681b9dc.asy: 1.1: syntax error:  error: could not load module 'C:\Users\MARKEI~1\AppData\Local\Temp\asyprev_tvowmnov\r_fcda4681b9dc.asy' 
65378d3a-4456-4bff-8311-127ba6cd8c53	8cfdbdf583e5	;[asy]  ^ C:\Users\MARKEI~1\AppData\Local\Temp\asyprev_tvowmnov\r_8cfdbdf583e5.asy: 1.2: syntax error:  error: could not load module 'C:\Users\MARKEI~1\AppData\Local\Temp\asyprev_tvowmnov\r_8cfdbdf583e5.asy' 
687cdd8a-110a-4da9-b892-f7bbf7efaf50	78f2a0bbfd25	;[asy]  ^ C:\Users\MARKEI~1\AppData\Local\Temp\asyprev_tvowmnov\r_78f2a0bbfd25.asy: 1.2: syntax error:  error: could not load module 'C:\Users\MARKEI~1\AppData\Local\Temp\asyprev_tvowmnov\r_78f2a0bbfd25.asy' 
6779fdca-2daf-454b-97cc-07de1caa464c	bb797fb2a53c	;[asy]  ^ C:\Users\MARKEI~1\AppData\Local\Temp\asyprev_tvowmnov\r_bb797fb2a53c.asy: 1.2: syntax error:  error: could not load module 'C:\Users\MARKEI~1\AppData\Local\Temp\asyprev_tvowmnov\r_bb797fb2a53c.asy' 
689ba50f-f70f-4800-b54a-ad72e2fa8ee4	f26ec2214977	;[asy]  ^ C:\Users\MARKEI~1\AppData\Local\Temp\asyprev_tvowmnov\r_f26ec2214977.asy: 1.2: syntax error:  error: could not load module 'C:\Users\MARKEI~1\AppData\Local\Temp\asyprev_tvowmnov\r_f26ec2214977.asy' 
6ba8b925-8973-4981-8362-a3efe45624dd	f1c5922aff6d	;[asy]  ^ C:\Users\MARKEI~1\AppData\Local\Temp\asyprev_tvowmnov\r_f1c5922aff6d.asy: 1.2: syntax error:  error: could not load module 'C:\Users\MARKEI~1\AppData\Local\Temp\asyprev_tvowmnov\r_f1c5922aff6d.asy' 
6cf1ba6e-8f16-4f15-a804-6632d0aaa7ad	ad47fe147786	;[asy]  ^ C:\Users\MARKEI~1\AppData\Local\Temp\asyprev_tvowmnov\r_ad47fe147786.asy: 1.2: syntax error:  error: could not load module 'C:\Users\MARKEI~1\AppData\Local\Temp\asyprev_tvowmnov\r_ad47fe147786.asy' 
6a1a5b53-9ed7-4824-bff9-52433e028e42	70c2f08e0fa9	;[asy]  ^ C:\Users\MARKEI~1\AppData\Local\Temp\asyprev_tvowmnov\r_70c2f08e0fa9.asy: 1.2: syntax error:  error: could not load module 'C:\Users\MARKEI~1\AppData\Local\Temp\asyprev_tvowmnov\r_70c2f08e0fa9.asy' 
6d59c0f4-7791-4e09-a45c-5263f39fe516	d5a57ed54f87	;[asy]  ^ C:\Users\MARKEI~1\AppData\Local\Temp\asyprev_tvowmnov\r_d5a57ed54f87.asy: 1.2: syntax error:  error: could not load module 'C:\Users\MARKEI~1\AppData\Local\Temp\asyprev_tvowmnov\r_d5a57ed54f87.asy' 
6da5e030-5c10-4257-93c6-75b65c9e1e12	33b50b64d4a5	;[asy]  ^ C:\Users\MARKEI~1\AppData\Local\Temp\asyprev_tvowmnov\r_33b50b64d4a5.asy: 1.2: syntax error:  error: could not load module 'C:\Users\MARKEI~1\AppData\Local\Temp\asyprev_tvowmnov\r_33b50b64d4a5.asy' 
70feef40-577b-43e9-a7ac-675b0b29fc4c	081d511a6018	;[asy]  ^ C:\Users\MARKEI~1\AppData\Local\Temp\asyprev_tvowmnov\r_081d511a6018.asy: 1.2: syntax error:  error: could not load module 'C:\Users\MARKEI~1\AppData\Local\Temp\asyprev_tvowmnov\r_081d511a6018.asy' 
6eedc85b-1564-4d18-8c1c-c9fdb86db02e	ac5a7cb6a348	;[asy]  ^ C:\Users\MARKEI~1\AppData\Local\Temp\asyprev_tvowmnov\r_ac5a7cb6a348.asy: 1.2: syntax error:  error: could not load module 'C:\Users\MARKEI~1\AppData\Local\Temp\asyprev_tvowmnov\r_ac5a7cb6a348.asy' 
7051e4ac-fae7-4be6-94d5-c1d245213178	47c17e77c10b	;[asy]  ^ C:\Users\MARKEI~1\AppData\Local\Temp\asyprev_tvowmnov\r_47c17e77c10b.asy: 1.2: syntax error:  error: could not load module 'C:\Users\MARKEI~1\AppData\Local\Temp\asyprev_tvowmnov\r_47c17e77c10b.asy' 
75a36596-7d01-4ef5-b53e-f75f069b3136	8a7cc0217490	;[asy]  ^ C:\Users\MARKEI~1\AppData\Local\Temp\asyprev_tvowmnov\r_8a7cc0217490.asy: 1.2: syntax error:  error: could not load module 'C:\Users\MARKEI~1\AppData\Local\Temp\asyprev_tvowmnov\r_8a7cc0217490.asy' 
76421e29-c74a-40b9-bb3a-ea784344c379	43ae886e85bb	;[asy]  ^ C:\Users\MARKEI~1\AppData\Local\Temp\asyprev_tvowmnov\r_43ae886e85bb.asy: 1.2: syntax error:  error: could not load module 'C:\Users\MARKEI~1\AppData\Local\Temp\asyprev_tvowmnov\r_43ae886e85bb.asy' 
765187a5-73bc-4f2c-b7f5-4e897ea5aef1	2702798411eb	;[asy]  ^ C:\Users\MARKEI~1\AppData\Local\Temp\asyprev_tvowmnov\r_2702798411eb.asy: 1.2: syntax error:  error: could not load module 'C:\Users\MARKEI~1\AppData\Local\Temp\asyprev_tvowmnov\r_2702798411eb.asy' 
7669b0f3-1ff6-434c-a819-3b6850e28735	5f75a6acf47e	;[asy]  ^ C:\Users\MARKEI~1\AppData\Local\Temp\asyprev_tvowmnov\r_5f75a6acf47e.asy: 1.2: syntax error:  error: could not load module 'C:\Users\MARKEI~1\AppData\Local\Temp\asyprev_tvowmnov\r_5f75a6acf47e.asy' 
7672023e-1737-48e0-a4f4-9051afb8d906	b5b454e5b8e2	;[asy]  ^ C:\Users\MARKEI~1\AppData\Local\Temp\asyprev_tvowmnov\r_b5b454e5b8e2.asy: 1.2: syntax error:  error: could not load module 'C:\Users\MARKEI~1\AppData\Local\Temp\asyprev_tvowmnov\r_b5b454e5b8e2.asy' 
7caf1252-2d88-40ed-b964-bc829acf0470	49de1e642b58	;[asy]  ^ C:\Users\MARKEI~1\AppData\Local\Temp\asyprev_tvowmnov\r_49de1e642b58.asy: 1.2: syntax error:  error: could not load module 'C:\Users\MARKEI~1\AppData\Local\Temp\asyprev_tvowmnov\r_49de1e642b58.asy' 
7dbde066-dacb-4cde-a20f-4ad9d9d20720	c24e71e305a6	;[asy]  ^ C:\Users\MARKEI~1\AppData\Local\Temp\asyprev_tvowmnov\r_c24e71e305a6.asy: 1.2: syntax error:  error: could not load module 'C:\Users\MARKEI~1\AppData\Local\Temp\asyprev_tvowmnov\r_c24e71e305a6.asy' 
7ead89af-bacc-4cd3-9863-9b96f02c944e	20367dc1cee5	[asy] ^ C:\Users\MARKEI~1\AppData\Local\Temp\asyprev_tvowmnov\r_20367dc1cee5.asy: 1.1: syntax error:  error: could not load module 'C:\Users\MARKEI~1\AppData\Local\Temp\asyprev_tvowmnov\r_20367dc1cee5.asy' 
812a0657-5581-4417-898a-f6bbc84ecc4c	dff1d9fe6e7f	;[asy]  ^ C:\Users\MARKEI~1\AppData\Local\Temp\asyprev_tvowmnov\r_dff1d9fe6e7f.asy: 1.2: syntax error:  error: could not load module 'C:\Users\MARKEI~1\AppData\Local\Temp\asyprev_tvowmnov\r_dff1d9fe6e7f.asy' 
80ef57aa-4ef6-4ad5-a917-087cb575b309	f0471d54d53a	;[asy]  ^ C:\Users\MARKEI~1\AppData\Local\Temp\asyprev_tvowmnov\r_f0471d54d53a.asy: 1.2: syntax error:  error: could not load module 'C:\Users\MARKEI~1\AppData\Local\Temp\asyprev_tvowmnov\r_f0471d54d53a.asy' 
81476c10-c50b-42e4-bef0-5afd7f754fd7	07933f114088	;[asy]  ^ C:\Users\MARKEI~1\AppData\Local\Temp\asyprev_tvowmnov\r_07933f114088.asy: 1.2: syntax error:  error: could not load module 'C:\Users\MARKEI~1\AppData\Local\Temp\asyprev_tvowmnov\r_07933f114088.asy' 
8267ee40-6116-40a5-812b-8216cef1d077	b11ceb7619d5	;[asy]  ^ C:\Users\MARKEI~1\AppData\Local\Temp\asyprev_tvowmnov\r_b11ceb7619d5.asy: 1.2: syntax error:  error: could not load module 'C:\Users\MARKEI~1\AppData\Local\Temp\asyprev_tvowmnov\r_b11ceb7619d5.asy' 
8419abe1-7d79-4071-9cde-db9be32b1a5f	144be38e3088	;[asy]  ^ C:\Users\MARKEI~1\AppData\Local\Temp\asyprev_tvowmnov\r_144be38e3088.asy: 1.2: syntax error:  error: could not load module 'C:\Users\MARKEI~1\AppData\Local\Temp\asyprev_tvowmnov\r_144be38e3088.asy' 
8c87fdd3-0713-4675-afa6-fb2f0670a248	51d31066e042	;[asy]  ^ C:\Users\MARKEI~1\AppData\Local\Temp\asyprev_tvowmnov\r_51d31066e042.asy: 1.2: syntax error:  error: could not load module 'C:\Users\MARKEI~1\AppData\Local\Temp\asyprev_tvowmnov\r_51d31066e042.asy' 
8a549691-c55a-4bd5-87d6-4c47fa6bdf56	d0afb8f8b86f	;[asy]  ^ C:\Users\MARKEI~1\AppData\Local\Temp\asyprev_tvowmnov\r_d0afb8f8b86f.asy: 1.2: syntax error:  error: could not load module 'C:\Users\MARKEI~1\AppData\Local\Temp\asyprev_tvowmnov\r_d0afb8f8b86f.asy' 
8aeca97c-0985-478d-8de3-827a5363f1ec	e6525b5e62a5	[asy] ^ C:\Users\MARKEI~1\AppData\Local\Temp\asyprev_tvowmnov\r_e6525b5e62a5.asy: 1.1: syntax error:  error: could not load module 'C:\Users\MARKEI~1\AppData\Local\Temp\asyprev_tvowmnov\r_e6525b5e62a5.asy' 
8cce2cbe-852d-4bb7-bc5d-756b917f0e7c	3b03303e8a76	;[asy]  ^ C:\Users\MARKEI~1\AppData\Local\Temp\asyprev_tvowmnov\r_3b03303e8a76.asy: 1.2: syntax error:  error: could not load module 'C:\Users\MARKEI~1\AppData\Local\Temp\asyprev_tvowmnov\r_3b03303e8a76.asy' 
8d370eb2-2b88-46b9-ad06-39b492c7e426	9211dded4c60	;[asy]  ^ C:\Users\MARKEI~1\AppData\Local\Temp\asyprev_tvowmnov\r_9211dded4c60.asy: 1.2: syntax error:  error: could not load module 'C:\Users\MARKEI~1\AppData\Local\Temp\asyprev_tvowmnov\r_9211dded4c60.asy' 
906dc9c3-f736-4fef-a74b-f6637bd30db3	0254997dd29c	;[asy]  ^ C:\Users\MARKEI~1\AppData\Local\Temp\asyprev_tvowmnov\r_0254997dd29c.asy: 1.2: syntax error:  error: could not load module 'C:\Users\MARKEI~1\AppData\Local\Temp\asyprev_tvowmnov\r_0254997dd29c.asy' 
9165f9d5-5eae-4bb0-a588-c9418177da57	1d3dfaef5116	;[asy]  ^ C:\Users\MARKEI~1\AppData\Local\Temp\asyprev_tvowmnov\r_1d3dfaef5116.asy: 1.2: syntax error:  error: could not load module 'C:\Users\MARKEI~1\AppData\Local\Temp\asyprev_tvowmnov\r_1d3dfaef5116.asy' 
95b40052-7c84-40ff-adf8-e1c37d52be31	072f85ec14fa	;[asy]  ^ C:\Users\MARKEI~1\AppData\Local\Temp\asyprev_tvowmnov\r_072f85ec14fa.asy: 1.2: syntax error:  error: could not load module 'C:\Users\MARKEI~1\AppData\Local\Temp\asyprev_tvowmnov\r_072f85ec14fa.asy' 
97ef97ab-c68f-4795-8e7b-c41f2c152ece	3e05ce34a21b	;[asy]  ^ C:\Users\MARKEI~1\AppData\Local\Temp\asyprev_tvowmnov\r_3e05ce34a21b.asy: 1.2: syntax error:  error: could not load module 'C:\Users\MARKEI~1\AppData\Local\Temp\asyprev_tvowmnov\r_3e05ce34a21b.asy' 
981a3d6d-38a9-4885-abef-dd401e805f52	68d6173a522b	[asy] ^ C:\Users\MARKEI~1\AppData\Local\Temp\asyprev_tvowmnov\r_68d6173a522b.asy: 1.1: syntax error:  error: could not load module 'C:\Users\MARKEI~1\AppData\Local\Temp\asyprev_tvowmnov\r_68d6173a522b.asy' 
98326ade-9df0-4653-814f-3c7451547c28	bf05cc6d618f	[asy] ^ C:\Users\MARKEI~1\AppData\Local\Temp\asyprev_tvowmnov\r_bf05cc6d618f.asy: 1.1: syntax error:  error: could not load module 'C:\Users\MARKEI~1\AppData\Local\Temp\asyprev_tvowmnov\r_bf05cc6d618f.asy' 
9a40fe4b-783a-4d89-8e7a-1279d32785a4	01785e3647c9	;[asy]  ^ C:\Users\MARKEI~1\AppData\Local\Temp\asyprev_tvowmnov\r_01785e3647c9.asy: 1.2: syntax error:  error: could not load module 'C:\Users\MARKEI~1\AppData\Local\Temp\asyprev_tvowmnov\r_01785e3647c9.asy' 
9b95c7aa-7d5b-4446-b41b-f495143ddeb6	13544fb6aead	;[asy]  ^ C:\Users\MARKEI~1\AppData\Local\Temp\asyprev_tvowmnov\r_13544fb6aead.asy: 1.2: syntax error:  error: could not load module 'C:\Users\MARKEI~1\AppData\Local\Temp\asyprev_tvowmnov\r_13544fb6aead.asy' 
9bcdb104-7f79-4723-92cb-80f8947f6a6c	d1aae49b2fc5	;[asy]  ^ C:\Users\MARKEI~1\AppData\Local\Temp\asyprev_tvowmnov\r_d1aae49b2fc5.asy: 1.2: syntax error:  error: could not load module 'C:\Users\MARKEI~1\AppData\Local\Temp\asyprev_tvowmnov\r_d1aae49b2fc5.asy' 
9cf281de-9743-432d-9f04-4f667dc16eb4	a37e3493b855	[asy] ^ C:\Users\MARKEI~1\AppData\Local\Temp\asyprev_tvowmnov\r_a37e3493b855.asy: 1.1: syntax error:  error: could not load module 'C:\Users\MARKEI~1\AppData\Local\Temp\asyprev_tvowmnov\r_a37e3493b855.asy' 
9d42c249-b976-444b-918a-eecfd9cb52c0	072d8b4dedc0	;[asy]  ^ C:\Users\MARKEI~1\AppData\Local\Temp\asyprev_tvowmnov\r_072d8b4dedc0.asy: 1.2: syntax error:  error: could not load module 'C:\Users\MARKEI~1\AppData\Local\Temp\asyprev_tvowmnov\r_072d8b4dedc0.asy' 
a27c1835-4f77-4cfb-89c9-2138f3466004	09949b2de6fd	[asy] ^ C:\Users\MARKEI~1\AppData\Local\Temp\asyprev_tvowmnov\r_09949b2de6fd.asy: 1.1: syntax error:  error: could not load module 'C:\Users\MARKEI~1\AppData\Local\Temp\asyprev_tvowmnov\r_09949b2de6fd.asy' 
a282a062-6526-4283-bc80-3fb8a6958f9d	f25a2fd29502	;[asy]  ^ C:\Users\MARKEI~1\AppData\Local\Temp\asyprev_tvowmnov\r_f25a2fd29502.asy: 1.2: syntax error:  error: could not load module 'C:\Users\MARKEI~1\AppData\Local\Temp\asyprev_tvowmnov\r_f25a2fd29502.asy' 
a2b5bda3-763e-44cd-8033-2b5004f6e2fa	04255ac6acbc	;[asy]  ^ C:\Users\MARKEI~1\AppData\Local\Temp\asyprev_tvowmnov\r_04255ac6acbc.asy: 1.2: syntax error:  error: could not load module 'C:\Users\MARKEI~1\AppData\Local\Temp\asyprev_tvowmnov\r_04255ac6acbc.asy' 
a30fc910-6e6e-45c7-9945-6b4080eea700	7b26d4b9e80b	;[asy]  ^ C:\Users\MARKEI~1\AppData\Local\Temp\asyprev_tvowmnov\r_7b26d4b9e80b.asy: 1.2: syntax error:  error: could not load module 'C:\Users\MARKEI~1\AppData\Local\Temp\asyprev_tvowmnov\r_7b26d4b9e80b.asy' 
a43146a0-3309-43a0-a5e1-077a4cad2b48	a563fe4afb98	;[asy]  ^ C:\Users\MARKEI~1\AppData\Local\Temp\asyprev_tvowmnov\r_a563fe4afb98.asy: 1.2: syntax error:  error: could not load module 'C:\Users\MARKEI~1\AppData\Local\Temp\asyprev_tvowmnov\r_a563fe4afb98.asy' 
a635e125-39a2-4714-b9fe-df1be7ebe9d9	fd035a0d06b9	;[asy]  ^ C:\Users\MARKEI~1\AppData\Local\Temp\asyprev_tvowmnov\r_fd035a0d06b9.asy: 1.2: syntax error:  error: could not load module 'C:\Users\MARKEI~1\AppData\Local\Temp\asyprev_tvowmnov\r_fd035a0d06b9.asy' 
a73f75e5-3241-4aa5-a556-a1be12aa3723	853fdefe7c96	;[asy]  ^ C:\Users\MARKEI~1\AppData\Local\Temp\asyprev_tvowmnov\r_853fdefe7c96.asy: 1.2: syntax error:  error: could not load module 'C:\Users\MARKEI~1\AppData\Local\Temp\asyprev_tvowmnov\r_853fdefe7c96.asy' 
aef12848-dbfe-4157-aaf1-96531a19cee7	1e41d19a6ab6	[asy] ^ C:\Users\MARKEI~1\AppData\Local\Temp\asyprev_tvowmnov\r_1e41d19a6ab6.asy: 1.1: syntax error:  error: could not load module 'C:\Users\MARKEI~1\AppData\Local\Temp\asyprev_tvowmnov\r_1e41d19a6ab6.asy' 
af455ff3-1a81-4ac6-a165-3af6db1b5e62	73d98fe2cc24	[asy] ^ C:\Users\MARKEI~1\AppData\Local\Temp\asyprev_tvowmnov\r_73d98fe2cc24.asy: 1.1: syntax error:  error: could not load module 'C:\Users\MARKEI~1\AppData\Local\Temp\asyprev_tvowmnov\r_73d98fe2cc24.asy' 
b0be5066-890b-4a4a-8b8b-696d394e2a0b	a67e46d5afa1	;[asy]  ^ C:\Users\MARKEI~1\AppData\Local\Temp\asyprev_tvowmnov\r_a67e46d5afa1.asy: 1.2: syntax error:  error: could not load module 'C:\Users\MARKEI~1\AppData\Local\Temp\asyprev_tvowmnov\r_a67e46d5afa1.asy' 
b0f5e45e-bd04-4c9f-a1a7-681c1b31c8d1	8815981bf158	;[asy]  ^ C:\Users\MARKEI~1\AppData\Local\Temp\asyprev_tvowmnov\r_8815981bf158.asy: 1.2: syntax error:  error: could not load module 'C:\Users\MARKEI~1\AppData\Local\Temp\asyprev_tvowmnov\r_8815981bf158.asy' 
b11c63ea-fd4e-4342-a2f4-118744994ff5	6a313cb7839f	;[asy]  ^ C:\Users\MARKEI~1\AppData\Local\Temp\asyprev_tvowmnov\r_6a313cb7839f.asy: 1.2: syntax error:  error: could not load module 'C:\Users\MARKEI~1\AppData\Local\Temp\asyprev_tvowmnov\r_6a313cb7839f.asy' 
b12237f3-0956-40bf-adc9-807a75667a9c	586567f4332b	[asy] ^ C:\Users\MARKEI~1\AppData\Local\Temp\asyprev_tvowmnov\r_586567f4332b.asy: 1.1: syntax error:  error: could not load module 'C:\Users\MARKEI~1\AppData\Local\Temp\asyprev_tvowmnov\r_586567f4332b.asy' 
b2ab7d6d-c39f-4182-97fc-bdc1e4f8c965	eeba4e1aad44	[asy] ^ C:\Users\MARKEI~1\AppData\Local\Temp\asyprev_tvowmnov\r_eeba4e1aad44.asy: 1.1: syntax error:  error: could not load module 'C:\Users\MARKEI~1\AppData\Local\Temp\asyprev_tvowmnov\r_eeba4e1aad44.asy' 
b2b9d061-15e8-4366-ae2d-ed72a74feb7f	12a3e48b38bb	;[asy]  ^ C:\Users\MARKEI~1\AppData\Local\Temp\asyprev_tvowmnov\r_12a3e48b38bb.asy: 1.2: syntax error:  error: could not load module 'C:\Users\MARKEI~1\AppData\Local\Temp\asyprev_tvowmnov\r_12a3e48b38bb.asy' 
b39ebc56-ff13-4a97-b4f5-c1266599f3f7	9ba1831d0928	;[asy]  ^ C:\Users\MARKEI~1\AppData\Local\Temp\asyprev_tvowmnov\r_9ba1831d0928.asy: 1.2: syntax error:  error: could not load module 'C:\Users\MARKEI~1\AppData\Local\Temp\asyprev_tvowmnov\r_9ba1831d0928.asy' 
b5b797c7-0459-4f64-b508-b065ffef05e2	9bf351aa64fc	;[asy]  ^ C:\Users\MARKEI~1\AppData\Local\Temp\asyprev_tvowmnov\r_9bf351aa64fc.asy: 1.2: syntax error:  error: could not load module 'C:\Users\MARKEI~1\AppData\Local\Temp\asyprev_tvowmnov\r_9bf351aa64fc.asy' 
b624571b-b9ad-45f3-b96f-757f5705e332	032c1b7e1f4e	[asy] ^ C:\Users\MARKEI~1\AppData\Local\Temp\asyprev_tvowmnov\r_032c1b7e1f4e.asy: 1.1: syntax error:  error: could not load module 'C:\Users\MARKEI~1\AppData\Local\Temp\asyprev_tvowmnov\r_032c1b7e1f4e.asy' 
b802983b-6036-48a5-919a-8e3941611e4b	934f51862b34	;[asy]  ^ C:\Users\MARKEI~1\AppData\Local\Temp\asyprev_tvowmnov\r_934f51862b34.asy: 1.2: syntax error:  error: could not load module 'C:\Users\MARKEI~1\AppData\Local\Temp\asyprev_tvowmnov\r_934f51862b34.asy' 
b7d58352-edb9-4dea-adb1-d48796c2ec57	1ff0ede76e2e	;[asy]  ^ C:\Users\MARKEI~1\AppData\Local\Temp\asyprev_tvowmnov\r_1ff0ede76e2e.asy: 1.2: syntax error:  error: could not load module 'C:\Users\MARKEI~1\AppData\Local\Temp\asyprev_tvowmnov\r_1ff0ede76e2e.asy' 
b9c510f2-b846-4145-93be-e7ec98e94997	32bb921195ae	;[asy]  ^ C:\Users\MARKEI~1\AppData\Local\Temp\asyprev_tvowmnov\r_32bb921195ae.asy: 1.2: syntax error:  error: could not load module 'C:\Users\MARKEI~1\AppData\Local\Temp\asyprev_tvowmnov\r_32bb921195ae.asy' 
bcbe88b0-11a4-4c19-ad69-98ef4e56bf59	c410885f3584	;[asy]  ^ C:\Users\MARKEI~1\AppData\Local\Temp\asyprev_tvowmnov\r_c410885f3584.asy: 1.2: syntax error:  error: could not load module 'C:\Users\MARKEI~1\AppData\Local\Temp\asyprev_tvowmnov\r_c410885f3584.asy' 
bcf88e03-5f4b-48c2-a480-3cc9d162474f	99ffe4b5ab02	;[asy]  ^ C:\Users\MARKEI~1\AppData\Local\Temp\asyprev_tvowmnov\r_99ffe4b5ab02.asy: 1.2: syntax error:  error: could not load module 'C:\Users\MARKEI~1\AppData\Local\Temp\asyprev_tvowmnov\r_99ffe4b5ab02.asy' 
bd8236ba-7909-422c-bf07-fa5f0833d246	e011c62f8c3b	;[asy]  ^ C:\Users\MARKEI~1\AppData\Local\Temp\asyprev_tvowmnov\r_e011c62f8c3b.asy: 1.2: syntax error:  error: could not load module 'C:\Users\MARKEI~1\AppData\Local\Temp\asyprev_tvowmnov\r_e011c62f8c3b.asy' 
c00ad092-283a-45b5-ad44-baf7c44437d8	2e48892d6159	;[asy]  ^ C:\Users\MARKEI~1\AppData\Local\Temp\asyprev_tvowmnov\r_2e48892d6159.asy: 1.2: syntax error:  error: could not load module 'C:\Users\MARKEI~1\AppData\Local\Temp\asyprev_tvowmnov\r_2e48892d6159.asy' 
c05d9d0f-8036-4363-a4c0-307ce97ec2c9	8206ff78b5a1	;[asy]  ^ C:\Users\MARKEI~1\AppData\Local\Temp\asyprev_tvowmnov\r_8206ff78b5a1.asy: 1.2: syntax error:  error: could not load module 'C:\Users\MARKEI~1\AppData\Local\Temp\asyprev_tvowmnov\r_8206ff78b5a1.asy' 
c344f07c-eef5-4c84-b7b9-0172936b2b00	984e59d56e56	;[asy]  ^ C:\Users\MARKEI~1\AppData\Local\Temp\asyprev_tvowmnov\r_984e59d56e56.asy: 1.2: syntax error:  error: could not load module 'C:\Users\MARKEI~1\AppData\Local\Temp\asyprev_tvowmnov\r_984e59d56e56.asy' 
c36d29c0-e1c7-44ec-bd81-ffbea85bc22c	231664674254	;[asy]  ^ C:\Users\MARKEI~1\AppData\Local\Temp\asyprev_tvowmnov\r_231664674254.asy: 1.2: syntax error:  error: could not load module 'C:\Users\MARKEI~1\AppData\Local\Temp\asyprev_tvowmnov\r_231664674254.asy' 
c383c583-31a8-45bf-a780-82d13aded7d1	3d26ef10f670	;[asy]  ^ C:\Users\MARKEI~1\AppData\Local\Temp\asyprev_tvowmnov\r_3d26ef10f670.asy: 1.2: syntax error:  error: could not load module 'C:\Users\MARKEI~1\AppData\Local\Temp\asyprev_tvowmnov\r_3d26ef10f670.asy' 
c792bf87-9221-42b9-83ea-2535a4242b3a	979f0449201c	;[asy]  ^ C:\Users\MARKEI~1\AppData\Local\Temp\asyprev_tvowmnov\r_979f0449201c.asy: 1.2: syntax error:  error: could not load module 'C:\Users\MARKEI~1\AppData\Local\Temp\asyprev_tvowmnov\r_979f0449201c.asy' 
c7fde820-7385-4a60-9f03-a7a215d7582c	f16e1a379125	;[asy]  ^ C:\Users\MARKEI~1\AppData\Local\Temp\asyprev_tvowmnov\r_f16e1a379125.asy: 1.2: syntax error:  error: could not load module 'C:\Users\MARKEI~1\AppData\Local\Temp\asyprev_tvowmnov\r_f16e1a379125.asy' 
c955168f-5621-4427-9f1d-650bd6e2b066	9bfea95d3386	[asy] ^ C:\Users\MARKEI~1\AppData\Local\Temp\asyprev_tvowmnov\r_9bfea95d3386.asy: 1.1: syntax error:  error: could not load module 'C:\Users\MARKEI~1\AppData\Local\Temp\asyprev_tvowmnov\r_9bfea95d3386.asy' 
c86039c5-03c9-4c84-a936-27f129c1fd85	6a5962e0e7ab	;[asy]  ^ C:\Users\MARKEI~1\AppData\Local\Temp\asyprev_tvowmnov\r_6a5962e0e7ab.asy: 1.2: syntax error:  error: could not load module 'C:\Users\MARKEI~1\AppData\Local\Temp\asyprev_tvowmnov\r_6a5962e0e7ab.asy' 
cb9d21f3-8b13-4750-ad88-3cfacfb68905	b68f8b65d237	;[asy]  ^ C:\Users\MARKEI~1\AppData\Local\Temp\asyprev_tvowmnov\r_b68f8b65d237.asy: 1.2: syntax error:  error: could not load module 'C:\Users\MARKEI~1\AppData\Local\Temp\asyprev_tvowmnov\r_b68f8b65d237.asy' 
ccdbfc2e-9b83-483f-9e77-0d904da29ff7	da02fc04fa0c	;[asy]  ^ C:\Users\MARKEI~1\AppData\Local\Temp\asyprev_tvowmnov\r_da02fc04fa0c.asy: 1.2: syntax error:  error: could not load module 'C:\Users\MARKEI~1\AppData\Local\Temp\asyprev_tvowmnov\r_da02fc04fa0c.asy' 
cd325301-44a9-4c19-bb7a-65c04cfc838a	ab58cdbcdd93	;[asy]  ^ C:\Users\MARKEI~1\AppData\Local\Temp\asyprev_tvowmnov\r_ab58cdbcdd93.asy: 1.2: syntax error:  error: could not load module 'C:\Users\MARKEI~1\AppData\Local\Temp\asyprev_tvowmnov\r_ab58cdbcdd93.asy' 
d07c8eaf-e44e-48a5-a0a3-4307495854b8	25f35ab0496a	;[asy]  ^ C:\Users\MARKEI~1\AppData\Local\Temp\asyprev_tvowmnov\r_25f35ab0496a.asy: 1.2: syntax error:  error: could not load module 'C:\Users\MARKEI~1\AppData\Local\Temp\asyprev_tvowmnov\r_25f35ab0496a.asy' 
cf072e3b-b6c8-4abd-9e15-9a4184af0f63	3ba278acbbb4	;[asy]  ^ C:\Users\MARKEI~1\AppData\Local\Temp\asyprev_tvowmnov\r_3ba278acbbb4.asy: 1.2: syntax error:  error: could not load module 'C:\Users\MARKEI~1\AppData\Local\Temp\asyprev_tvowmnov\r_3ba278acbbb4.asy' 
d1345864-bea7-442c-9916-cff05d35dd68	1fd91250caae	;[asy]  ^ C:\Users\MARKEI~1\AppData\Local\Temp\asyprev_tvowmnov\r_1fd91250caae.asy: 1.2: syntax error:  error: could not load module 'C:\Users\MARKEI~1\AppData\Local\Temp\asyprev_tvowmnov\r_1fd91250caae.asy' 
d1d1dfbe-1f0d-4031-adeb-a7e9697abe6f	38c873d0d093	;[asy]  ^ C:\Users\MARKEI~1\AppData\Local\Temp\asyprev_tvowmnov\r_38c873d0d093.asy: 1.2: syntax error:  error: could not load module 'C:\Users\MARKEI~1\AppData\Local\Temp\asyprev_tvowmnov\r_38c873d0d093.asy' 
d22bdfde-3004-4aa2-9c1b-526de584e9e0	af9289efe482	;[asy]  ^ C:\Users\MARKEI~1\AppData\Local\Temp\asyprev_tvowmnov\r_af9289efe482.asy: 1.2: syntax error:  error: could not load module 'C:\Users\MARKEI~1\AppData\Local\Temp\asyprev_tvowmnov\r_af9289efe482.asy' 
d34b0fd4-76e5-447e-8ac6-7fc1ae561daf	129badf72454	;[asy]  ^ C:\Users\MARKEI~1\AppData\Local\Temp\asyprev_tvowmnov\r_129badf72454.asy: 1.2: syntax error:  error: could not load module 'C:\Users\MARKEI~1\AppData\Local\Temp\asyprev_tvowmnov\r_129badf72454.asy' 
d3b41e32-f6da-43d7-9dfb-5f69bb6ef12a	c8fcc2841de2	;[asy]  ^ C:\Users\MARKEI~1\AppData\Local\Temp\asyprev_tvowmnov\r_c8fcc2841de2.asy: 1.2: syntax error:  error: could not load module 'C:\Users\MARKEI~1\AppData\Local\Temp\asyprev_tvowmnov\r_c8fcc2841de2.asy' 
d4a052a1-91d1-402a-ab59-93f3c20036d8	3d144cc22fae	;[asy]  ^ C:\Users\MARKEI~1\AppData\Local\Temp\asyprev_tvowmnov\r_3d144cc22fae.asy: 1.2: syntax error:  error: could not load module 'C:\Users\MARKEI~1\AppData\Local\Temp\asyprev_tvowmnov\r_3d144cc22fae.asy' 
d4b33e9b-d26f-49f5-884a-46f7c21910fd	e5f6d1690724	[asy] ^ C:\Users\MARKEI~1\AppData\Local\Temp\asyprev_tvowmnov\r_e5f6d1690724.asy: 1.1: syntax error:  error: could not load module 'C:\Users\MARKEI~1\AppData\Local\Temp\asyprev_tvowmnov\r_e5f6d1690724.asy' 
d52ff245-64b7-44c6-9d3f-c7b29f6922a6	f09029cd8491	;[asy]  ^ C:\Users\MARKEI~1\AppData\Local\Temp\asyprev_tvowmnov\r_f09029cd8491.asy: 1.2: syntax error:  error: could not load module 'C:\Users\MARKEI~1\AppData\Local\Temp\asyprev_tvowmnov\r_f09029cd8491.asy' 
d5ff6688-9cbf-48f7-8da8-9dae9a0827d4	0949c1cf7f51	;[asy]  ^ C:\Users\MARKEI~1\AppData\Local\Temp\asyprev_tvowmnov\r_0949c1cf7f51.asy: 1.2: syntax error:  error: could not load module 'C:\Users\MARKEI~1\AppData\Local\Temp\asyprev_tvowmnov\r_0949c1cf7f51.asy' 
d86fab4a-4177-40e3-9a18-360c924393a6	b83a96ad0580	;[asy]  ^ C:\Users\MARKEI~1\AppData\Local\Temp\asyprev_tvowmnov\r_b83a96ad0580.asy: 1.2: syntax error:  error: could not load module 'C:\Users\MARKEI~1\AppData\Local\Temp\asyprev_tvowmnov\r_b83a96ad0580.asy' 
d9b4c4f9-92ce-4ce1-b756-010d40c94260	308cdbfc6ff4	[asy] ^ C:\Users\MARKEI~1\AppData\Local\Temp\asyprev_tvowmnov\r_308cdbfc6ff4.asy: 1.1: syntax error:  error: could not load module 'C:\Users\MARKEI~1\AppData\Local\Temp\asyprev_tvowmnov\r_308cdbfc6ff4.asy' 
dabf4dc3-25ed-4d80-aa53-3b2ec32e81a6	ff695199da78	;[asy]  ^ C:\Users\MARKEI~1\AppData\Local\Temp\asyprev_tvowmnov\r_ff695199da78.asy: 1.2: syntax error:  error: could not load module 'C:\Users\MARKEI~1\AppData\Local\Temp\asyprev_tvowmnov\r_ff695199da78.asy' 
dd454673-bfa5-4392-8dad-9d73ec77d83d	7f7bf7eda2c9	[asy] ^ C:\Users\MARKEI~1\AppData\Local\Temp\asyprev_tvowmnov\r_7f7bf7eda2c9.asy: 1.1: syntax error:  error: could not load module 'C:\Users\MARKEI~1\AppData\Local\Temp\asyprev_tvowmnov\r_7f7bf7eda2c9.asy' 
de621578-d3ec-4bcf-b125-89b4b451b6e2	58acaf80fc9b	;[asy]  ^ C:\Users\MARKEI~1\AppData\Local\Temp\asyprev_tvowmnov\r_58acaf80fc9b.asy: 1.2: syntax error:  error: could not load module 'C:\Users\MARKEI~1\AppData\Local\Temp\asyprev_tvowmnov\r_58acaf80fc9b.asy' 
df4b5270-ee6e-4f24-83f6-d4b41a81d1b5	180f4f0f95e1	;[asy]  ^ C:\Users\MARKEI~1\AppData\Local\Temp\asyprev_tvowmnov\r_180f4f0f95e1.asy: 1.2: syntax error:  error: could not load module 'C:\Users\MARKEI~1\AppData\Local\Temp\asyprev_tvowmnov\r_180f4f0f95e1.asy' 
e03e708f-bc17-420d-a41d-691685e127ba	51dfcee34801	;[asy]  ^ C:\Users\MARKEI~1\AppData\Local\Temp\asyprev_tvowmnov\r_51dfcee34801.asy: 1.2: syntax error:  error: could not load module 'C:\Users\MARKEI~1\AppData\Local\Temp\asyprev_tvowmnov\r_51dfcee34801.asy' 
e249840e-b52b-4658-bd0d-62725f1901c8	9bcb83f58e2a	;[asy]  ^ C:\Users\MARKEI~1\AppData\Local\Temp\asyprev_tvowmnov\r_9bcb83f58e2a.asy: 1.2: syntax error:  error: could not load module 'C:\Users\MARKEI~1\AppData\Local\Temp\asyprev_tvowmnov\r_9bcb83f58e2a.asy' 
e0933fe8-086d-46f3-922a-d5f43a33ba4b	8f9ddf232433	[asy] ^ C:\Users\MARKEI~1\AppData\Local\Temp\asyprev_tvowmnov\r_8f9ddf232433.asy: 1.1: syntax error:  error: could not load module 'C:\Users\MARKEI~1\AppData\Local\Temp\asyprev_tvowmnov\r_8f9ddf232433.asy' 
e3d1d05d-116f-4741-b938-f3865910fbdd	057fa15c7beb	;[asy]  ^ C:\Users\MARKEI~1\AppData\Local\Temp\asyprev_tvowmnov\r_057fa15c7beb.asy: 1.2: syntax error:  error: could not load module 'C:\Users\MARKEI~1\AppData\Local\Temp\asyprev_tvowmnov\r_057fa15c7beb.asy' 
e59f4376-91d6-47b7-aaff-adbc77cc41e2	044dd1d5f253	;[asy]  ^ C:\Users\MARKEI~1\AppData\Local\Temp\asyprev_tvowmnov\r_044dd1d5f253.asy: 1.2: syntax error:  error: could not load module 'C:\Users\MARKEI~1\AppData\Local\Temp\asyprev_tvowmnov\r_044dd1d5f253.asy' 
e4c5600e-8194-46b6-a1d3-644f73ff7d81	fc5e53218640	[asy] ^ C:\Users\MARKEI~1\AppData\Local\Temp\asyprev_tvowmnov\r_fc5e53218640.asy: 1.1: syntax error:  error: could not load module 'C:\Users\MARKEI~1\AppData\Local\Temp\asyprev_tvowmnov\r_fc5e53218640.asy' 
e8ac1067-a0c0-447f-970f-ab459fa38cf1	98dd8c359706	;[asy]  ^ C:\Users\MARKEI~1\AppData\Local\Temp\asyprev_tvowmnov\r_98dd8c359706.asy: 1.2: syntax error:  error: could not load module 'C:\Users\MARKEI~1\AppData\Local\Temp\asyprev_tvowmnov\r_98dd8c359706.asy' 
e8c9bc99-05c8-437b-9380-67d4fad61b05	0274876aaf9d	;[asy]  ^ C:\Users\MARKEI~1\AppData\Local\Temp\asyprev_tvowmnov\r_0274876aaf9d.asy: 1.2: syntax error:  error: could not load module 'C:\Users\MARKEI~1\AppData\Local\Temp\asyprev_tvowmnov\r_0274876aaf9d.asy' 
ea6d54ef-556f-4a88-bcd9-b323af7899ca	5b63510a6962	[asy] ^ C:\Users\MARKEI~1\AppData\Local\Temp\asyprev_tvowmnov\r_5b63510a6962.asy: 1.1: syntax error:  error: could not load module 'C:\Users\MARKEI~1\AppData\Local\Temp\asyprev_tvowmnov\r_5b63510a6962.asy' 
ed8e0a1a-4aa9-4458-a1c8-aed40fcb4a2e	3308bc238718	;[asy]  ^ C:\Users\MARKEI~1\AppData\Local\Temp\asyprev_tvowmnov\r_3308bc238718.asy: 1.2: syntax error:  error: could not load module 'C:\Users\MARKEI~1\AppData\Local\Temp\asyprev_tvowmnov\r_3308bc238718.asy' 
ede5663c-25ba-495c-9e13-54e1cb1547f7	ee795864dcf3	[asy] ^ C:\Users\MARKEI~1\AppData\Local\Temp\asyprev_tvowmnov\r_ee795864dcf3.asy: 1.1: syntax error:  error: could not load module 'C:\Users\MARKEI~1\AppData\Local\Temp\asyprev_tvowmnov\r_ee795864dcf3.asy' 
f0adc37e-fc1b-4824-968e-3ff2fb53c2bc	2f928d6ae03a	;[asy]  ^ C:\Users\MARKEI~1\AppData\Local\Temp\asyprev_tvowmnov\r_2f928d6ae03a.asy: 1.2: syntax error:  error: could not load module 'C:\Users\MARKEI~1\AppData\Local\Temp\asyprev_tvowmnov\r_2f928d6ae03a.asy' 
f12c7ef2-8a8b-47cb-9c3e-037d131ed7d3	c2542aead733	;[asy]  ^ C:\Users\MARKEI~1\AppData\Local\Temp\asyprev_tvowmnov\r_c2542aead733.asy: 1.2: syntax error:  error: could not load module 'C:\Users\MARKEI~1\AppData\Local\Temp\asyprev_tvowmnov\r_c2542aead733.asy' 
f1889b41-b90c-4f49-8a06-3585b4f00b24	8a517bd0928f	;[asy]  ^ C:\Users\MARKEI~1\AppData\Local\Temp\asyprev_tvowmnov\r_8a517bd0928f.asy: 1.2: syntax error:  error: could not load module 'C:\Users\MARKEI~1\AppData\Local\Temp\asyprev_tvowmnov\r_8a517bd0928f.asy' 
f281eac5-4f8e-4920-9420-293752db0686	356994309804	;[asy]  ^ C:\Users\MARKEI~1\AppData\Local\Temp\asyprev_tvowmnov\r_356994309804.asy: 1.2: syntax error:  error: could not load module 'C:\Users\MARKEI~1\AppData\Local\Temp\asyprev_tvowmnov\r_356994309804.asy' 
f2a2b02a-89da-49e3-9f75-b9354947430d	e88134264407	;[asy]  ^ C:\Users\MARKEI~1\AppData\Local\Temp\asyprev_tvowmnov\r_e88134264407.asy: 1.2: syntax error:  error: could not load module 'C:\Users\MARKEI~1\AppData\Local\Temp\asyprev_tvowmnov\r_e88134264407.asy' 
f3e7918b-0d64-4fb0-b1bf-52bca37e4a8c	f0a042d21ba5	;[asy]  ^ C:\Users\MARKEI~1\AppData\Local\Temp\asyprev_tvowmnov\r_f0a042d21ba5.asy: 1.2: syntax error:  error: could not load module 'C:\Users\MARKEI~1\AppData\Local\Temp\asyprev_tvowmnov\r_f0a042d21ba5.asy' 
f3edb9a8-2bfb-4126-8613-51b56b3e8a65	a5906c9348ac	;[asy]  ^ C:\Users\MARKEI~1\AppData\Local\Temp\asyprev_tvowmnov\r_a5906c9348ac.asy: 1.2: syntax error:  error: could not load module 'C:\Users\MARKEI~1\AppData\Local\Temp\asyprev_tvowmnov\r_a5906c9348ac.asy' 
f4f785fe-9a8b-48e8-8b25-569bb25ee500	6fc234cdd7e5	;[asy]  ^ C:\Users\MARKEI~1\AppData\Local\Temp\asyprev_tvowmnov\r_6fc234cdd7e5.asy: 1.2: syntax error:  error: could not load module 'C:\Users\MARKEI~1\AppData\Local\Temp\asyprev_tvowmnov\r_6fc234cdd7e5.asy' 
f532ba7a-c2cc-4278-9b5a-5723d9d7eac6	392305b78fd3	[asy] ^ C:\Users\MARKEI~1\AppData\Local\Temp\asyprev_tvowmnov\r_392305b78fd3.asy: 1.1: syntax error:  error: could not load module 'C:\Users\MARKEI~1\AppData\Local\Temp\asyprev_tvowmnov\r_392305b78fd3.asy' 
f6e95d3d-99e2-41c7-96df-8722cdf3f5de	6a84f496a608	[asy] ^ C:\Users\MARKEI~1\AppData\Local\Temp\asyprev_tvowmnov\r_6a84f496a608.asy: 1.1: syntax error:  error: could not load module 'C:\Users\MARKEI~1\AppData\Local\Temp\asyprev_tvowmnov\r_6a84f496a608.asy' 
f5a550c3-c5ff-43dd-ab57-e7bb7039c728	c9825d1fbff8	;[asy]  ^ C:\Users\MARKEI~1\AppData\Local\Temp\asyprev_tvowmnov\r_c9825d1fbff8.asy: 1.2: syntax error:  error: could not load module 'C:\Users\MARKEI~1\AppData\Local\Temp\asyprev_tvowmnov\r_c9825d1fbff8.asy' 
fb12e20e-6d51-40fb-a54a-c35ddfb7038c	b068b2573b92	;[asy]  ^ C:\Users\MARKEI~1\AppData\Local\Temp\asyprev_tvowmnov\r_b068b2573b92.asy: 1.2: syntax error:  error: could not load module 'C:\Users\MARKEI~1\AppData\Local\Temp\asyprev_tvowmnov\r_b068b2573b92.asy' 
fb130f43-7cf8-4296-964b-6f653aa90419	175f2621536b	;[asy]  ^ C:\Users\MARKEI~1\AppData\Local\Temp\asyprev_tvowmnov\r_175f2621536b.asy: 1.2: syntax error:  error: could not load module 'C:\Users\MARKEI~1\AppData\Local\Temp\asyprev_tvowmnov\r_175f2621536b.asy' 
fe688ab0-1919-4432-afaa-920be89f5ed8	2526d8f97f5d	;[asy]  ^ C:\Users\MARKEI~1\AppData\Local\Temp\asyprev_tvowmnov\r_2526d8f97f5d.asy: 1.2: syntax error:  error: could not load module 'C:\Users\MARKEI~1\AppData\Local\Temp\asyprev_tvowmnov\r_2526d8f97f5d.asy' 
